CustomerID,DaySinceLastOrder,OrderCount,Estimated_Spend,R_Score,F_Score,M_Score,RFM_Segment,Churn
50001,5.0,1.0,879.62,2,1,1,Lost / Low Value,1
50002,0.0,1.0,664.95,4,1,1,Potential Loyalists,1
50003,3.0,1.0,661.54,3,1,1,Potential Loyalists,1
50004,3.0,1.0,737.38,3,1,1,Potential Loyalists,1
50005,3.0,1.0,712.8,3,1,1,Potential Loyalists,1
50006,7.0,6.0,4593.27,2,4,4,At-Risk High-Value,1
50007,0.0,1.0,664.73,4,1,1,Potential Loyalists,1
50008,0.0,2.0,1352.23,4,2,2,Loyal Customers,1
50009,2.0,1.0,697.56,4,1,1,Potential Loyalists,1
50010,1.0,1.0,676.12,4,1,1,Potential Loyalists,1
50011,8.0,15.0,24374.62,1,4,4,At-Risk High-Value,1
50012,0.0,1.0,845.96,4,1,1,Potential Loyalists,1
50013,2.0,2.0,1478.51,4,2,2,Loyal Customers,1
50014,0.0,1.0,736.34,4,1,1,Potential Loyalists,1
50015,7.0,4.0,4316.18,2,4,4,At-Risk High-Value,1
50016,2.0,1.0,664.02,4,1,1,Potential Loyalists,1
50017,0.0,1.0,710.93,4,1,1,Potential Loyalists,1
50018,3.0,1.0,865.92,3,1,1,Potential Loyalists,1
50019,6.0,1.0,884.07,2,1,1,Lost / Low Value,1
50020,3.0,4.0,3291.86,3,4,4,Champions,1
50021,7.0,7.0,6226.22,2,4,4,At-Risk High-Value,1
50022,6.0,15.0,16757.4,2,4,4,At-Risk High-Value,1
50023,0.0,1.0,642.12,4,1,1,Potential Loyalists,1
50024,2.0,2.0,1601.49,4,2,2,Loyal Customers,1
50025,3.0,1.0,1135.75,3,1,2,Potential Loyalists,1
50026,4.0,1.0,781.0,2,1,1,Lost / Low Value,1
50027,6.0,1.0,951.22,2,1,2,Lost / Low Value,0
50028,5.0,4.0,2707.32,2,4,3,At-Risk High-Value,0
50029,15.0,1.0,679.14,1,1,1,Lost / Low Value,0
50030,7.0,3.0,3134.67,2,3,4,At-Risk High-Value,0
50031,9.0,1.0,787.54,1,1,1,Lost / Low Value,0
50032,0.0,1.0,887.26,4,1,1,Potential Loyalists,0
50033,0.0,1.0,734.03,4,1,1,Potential Loyalists,0
50034,11.0,2.0,2294.05,1,2,3,Hibernating Big Spenders,0
50035,2.0,1.0,672.7,4,1,1,Potential Loyalists,0
50036,2.0,2.0,1355.53,4,2,2,Loyal Customers,0
50037,2.0,2.0,1322.64,4,2,2,Loyal Customers,0
50038,2.0,1.0,699.21,4,1,1,Potential Loyalists,0
50039,4.0,1.0,1069.14,2,1,2,Lost / Low Value,0
50040,1.0,1.0,691.13,4,1,1,Potential Loyalists,0
50041,4.0,4.0,6583.72,2,4,4,At-Risk High-Value,0
50042,8.0,1.0,684.8,1,1,1,Lost / Low Value,0
50043,4.0,7.0,7476.32,2,4,4,At-Risk High-Value,0
50044,1.0,1.0,1027.73,4,1,2,Potential Loyalists,0
50045,4.0,1.0,717.09,2,1,1,Lost / Low Value,0
50046,1.0,1.0,718.19,4,1,1,Potential Loyalists,0
50047,0.0,1.0,677.88,4,1,1,Potential Loyalists,1
50048,2.0,7.0,4653.88,4,4,4,Champions,0
50049,10.0,6.0,4313.76,1,4,4,At-Risk High-Value,0
50050,3.0,1.0,825.33,3,1,1,Potential Loyalists,0
50051,2.0,2.0,1568.27,4,2,2,Loyal Customers,0
50052,2.0,1.0,687.5,4,1,1,Potential Loyalists,0
50053,0.0,1.0,610.61,4,1,1,Potential Loyalists,1
50054,7.0,15.0,16873.72,2,4,4,At-Risk High-Value,0
50055,1.0,2.0,1351.68,4,2,2,Loyal Customers,0
50056,2.0,1.0,766.09,4,1,1,Potential Loyalists,0
50057,2.0,1.0,677.1,4,1,1,Potential Loyalists,0
50058,2.0,1.0,722.7,4,1,1,Potential Loyalists,1
50059,2.0,1.0,752.95,4,1,1,Potential Loyalists,0
50060,3.0,1.0,794.75,3,1,1,Potential Loyalists,0
50061,6.0,1.0,701.58,2,1,1,Lost / Low Value,0
50062,9.0,9.0,14371.34,1,4,4,At-Risk High-Value,0
50063,15.0,2.0,3159.42,1,2,4,Hibernating Big Spenders,0
50064,9.0,1.0,1075.08,1,1,2,Lost / Low Value,0
50065,0.0,2.0,2610.74,4,2,3,Loyal Customers,0
50066,9.0,11.0,18149.4,1,4,4,At-Risk High-Value,0
50067,3.0,1.0,675.34,3,1,1,Potential Loyalists,0
50068,1.0,1.0,875.38,4,1,1,Potential Loyalists,1
50069,2.0,2.0,1329.79,4,2,2,Loyal Customers,0
50070,8.0,11.0,16209.16,1,4,4,At-Risk High-Value,0
50071,7.0,1.0,746.02,2,1,1,Lost / Low Value,0
50072,2.0,1.0,793.38,4,1,1,Potential Loyalists,0
50073,2.0,1.0,839.58,4,1,1,Potential Loyalists,0
50074,0.0,1.0,910.42,4,1,1,Potential Loyalists,0
50075,7.0,1.0,894.36,2,1,1,Lost / Low Value,0
50076,0.0,2.0,1572.78,4,2,2,Loyal Customers,0
50077,7.0,1.0,924.22,2,1,1,Lost / Low Value,0
50078,0.0,2.0,1519.65,4,2,2,Loyal Customers,0
50079,7.0,3.0,2102.26,2,3,3,At-Risk High-Value,0
50080,0.0,1.0,917.02,4,1,1,Potential Loyalists,1
50081,9.0,1.0,970.14,1,1,2,Lost / Low Value,1
50082,2.0,2.0,1356.08,4,2,2,Loyal Customers,0
50083,7.0,1.0,668.42,2,1,1,Lost / Low Value,0
50084,2.0,1.0,818.18,4,1,1,Potential Loyalists,0
50085,3.0,1.0,1066.78,3,1,2,Potential Loyalists,0
50086,8.0,9.0,10098.0,1,4,4,At-Risk High-Value,1
50087,8.0,5.0,5080.35,1,4,4,At-Risk High-Value,0
50088,7.0,1.0,1098.96,2,1,2,Lost / Low Value,0
50089,3.0,4.0,4947.8,3,4,4,Champions,0
50090,4.0,1.0,696.14,2,1,1,Lost / Low Value,1
50091,0.0,2.0,2595.01,4,2,3,Loyal Customers,0
50092,1.0,1.0,918.28,4,1,1,Potential Loyalists,1
50093,5.0,1.0,663.19,2,1,1,Lost / Low Value,1
50094,8.0,12.0,12450.9,1,4,4,At-Risk High-Value,0
50095,5.0,1.0,876.7,2,1,1,Lost / Low Value,0
50096,7.0,3.0,2625.81,2,3,3,At-Risk High-Value,0
50097,1.0,1.0,694.21,4,1,1,Potential Loyalists,0
50098,3.0,1.0,1220.18,3,1,2,Potential Loyalists,0
50099,13.0,5.0,5667.48,1,4,4,At-Risk High-Value,0
50100,4.0,1.0,788.97,2,1,1,Lost / Low Value,0
50101,0.0,1.0,669.74,4,1,1,Potential Loyalists,0
50102,8.0,5.0,0.0,1,4,1,At-Risk High-Value,0
50103,1.0,4.0,3941.96,4,4,4,Champions,0
50104,8.0,1.0,1033.4,1,1,2,Lost / Low Value,0
50105,1.0,1.0,681.4,4,1,1,Potential Loyalists,1
50106,2.0,2.0,1453.32,4,2,2,Loyal Customers,0
50107,15.0,11.0,17685.36,1,4,4,At-Risk High-Value,0
50108,2.0,2.0,1349.37,4,2,2,Loyal Customers,0
50109,6.0,1.0,1623.44,2,1,2,Lost / Low Value,0
50110,4.0,1.0,683.98,2,1,1,Lost / Low Value,1
50111,9.0,2.0,2867.04,1,2,3,Hibernating Big Spenders,0
50112,7.0,1.0,698.88,2,1,1,Lost / Low Value,1
50113,12.0,15.0,23981.1,1,4,4,At-Risk High-Value,0
50114,2.0,1.0,766.2,4,1,1,Potential Loyalists,0
50115,2.0,1.0,755.15,4,1,1,Potential Loyalists,1
50116,2.0,1.0,672.76,4,1,1,Potential Loyalists,0
50117,2.0,2.0,1591.15,4,2,2,Loyal Customers,0
50118,0.0,1.0,718.96,4,1,1,Potential Loyalists,0
50119,7.0,4.0,2930.18,2,4,3,At-Risk High-Value,0
50120,7.0,1.0,1606.11,2,1,2,Lost / Low Value,0
50121,2.0,2.0,2604.25,4,2,3,Loyal Customers,0
50122,2.0,1.0,710.1,4,1,1,Potential Loyalists,0
50123,9.0,5.0,4388.18,1,4,4,At-Risk High-Value,0
50124,2.0,1.0,765.6,4,1,1,Potential Loyalists,0
50125,2.0,1.0,903.87,4,1,1,Potential Loyalists,0
50126,0.0,1.0,1102.64,4,1,2,Potential Loyalists,1
50127,3.0,11.0,12667.49,3,4,4,Champions,0
50128,5.0,1.0,678.7,2,1,1,Lost / Low Value,0
50129,2.0,1.0,909.97,4,1,1,Potential Loyalists,0
50130,2.0,1.0,931.2,4,1,1,Potential Loyalists,0
50131,2.0,1.0,819.39,4,1,1,Potential Loyalists,0
50132,8.0,7.0,4848.3,1,4,4,At-Risk High-Value,0
50133,9.0,3.0,4856.94,1,3,4,At-Risk High-Value,0
50134,0.0,1.0,699.76,4,1,1,Potential Loyalists,0
50135,4.0,1.0,741.34,2,1,1,Lost / Low Value,1
50136,3.0,1.0,703.67,3,1,1,Potential Loyalists,0
50137,5.0,7.0,5870.87,2,4,4,At-Risk High-Value,0
50138,4.0,1.0,669.68,2,1,1,Lost / Low Value,0
50139,7.0,7.0,10345.72,2,4,4,At-Risk High-Value,0
50140,0.0,1.0,741.68,4,1,1,Potential Loyalists,1
50141,0.0,1.0,915.42,4,1,1,Potential Loyalists,0
50142,8.0,7.0,5999.07,1,4,4,At-Risk High-Value,0
50143,5.0,1.0,770.0,2,1,1,Lost / Low Value,0
50144,10.0,2.0,2584.56,1,2,3,Hibernating Big Spenders,0
50145,11.0,10.0,7265.5,1,4,4,At-Risk High-Value,0
50146,13.0,4.0,6389.9,1,4,4,At-Risk High-Value,0
50147,3.0,9.0,10815.26,3,4,4,Champions,1
50148,4.0,1.0,663.85,2,1,1,Lost / Low Value,0
50149,1.0,1.0,907.61,4,1,1,Potential Loyalists,0
50150,0.0,1.0,727.65,4,1,1,Potential Loyalists,0
50151,2.0,2.0,2596.33,4,2,3,Loyal Customers,0
50152,3.0,6.0,7258.68,3,4,4,Champions,0
50153,7.0,7.0,6007.93,2,4,4,At-Risk High-Value,0
50154,4.0,1.0,901.84,2,1,1,Lost / Low Value,0
50155,6.0,1.0,1602.92,2,1,2,Lost / Low Value,0
50156,3.0,1.0,1517.12,3,1,2,Potential Loyalists,0
50157,6.0,11.0,9018.74,2,4,4,At-Risk High-Value,0
50158,9.0,1.0,800.47,1,1,1,Lost / Low Value,0
50159,8.0,1.0,847.82,1,1,1,Lost / Low Value,0
50160,3.0,3.0,2432.26,3,3,3,Champions,0
50161,7.0,5.0,3331.62,2,4,4,At-Risk High-Value,0
50162,0.0,1.0,723.86,4,1,1,Potential Loyalists,1
50163,2.0,1.0,865.97,4,1,1,Potential Loyalists,0
50164,2.0,1.0,680.52,4,1,1,Potential Loyalists,1
50165,2.0,1.0,732.05,4,1,1,Potential Loyalists,0
50166,2.0,1.0,1576.57,4,1,2,Potential Loyalists,0
50167,7.0,7.0,5576.72,2,4,4,At-Risk High-Value,0
50168,2.0,2.0,1406.79,4,2,2,Loyal Customers,0
50169,4.0,7.0,6093.78,2,4,4,At-Risk High-Value,1
50170,2.0,1.0,677.93,4,1,1,Potential Loyalists,0
50171,8.0,2.0,2587.75,1,2,3,Hibernating Big Spenders,0
50172,0.0,1.0,628.1,4,1,1,Potential Loyalists,1
50173,9.0,6.0,5946.6,1,4,4,At-Risk High-Value,0
50174,0.0,1.0,752.84,4,1,1,Potential Loyalists,0
50175,2.0,1.0,851.51,4,1,1,Potential Loyalists,0
50176,4.0,2.0,2861.65,2,2,3,Hibernating Big Spenders,0
50177,0.0,1.0,616.0,4,1,1,Potential Loyalists,0
50178,7.0,1.0,861.36,2,1,1,Lost / Low Value,0
50179,7.0,7.0,6517.66,2,4,4,At-Risk High-Value,0
50180,7.0,3.0,3236.14,2,3,4,At-Risk High-Value,0
50181,8.0,1.0,862.07,1,1,1,Lost / Low Value,0
50182,8.0,4.0,3406.48,1,4,4,At-Risk High-Value,0
50183,3.0,1.0,1213.36,3,1,2,Potential Loyalists,0
50184,2.0,1.0,861.3,4,1,1,Potential Loyalists,0
50185,3.0,1.0,815.16,3,1,1,Potential Loyalists,0
50186,0.0,1.0,902.55,4,1,1,Potential Loyalists,0
50187,11.0,9.0,7528.95,1,4,4,At-Risk High-Value,0
50188,2.0,2.0,1396.45,4,2,2,Loyal Customers,0
50189,3.0,8.0,9626.32,3,4,4,Champions,0
50190,10.0,11.0,16376.14,1,4,4,At-Risk High-Value,0
50191,7.0,1.0,685.02,2,1,1,Lost / Low Value,0
50192,7.0,2.0,2636.04,2,2,3,Hibernating Big Spenders,0
50193,7.0,7.0,5752.28,2,4,4,At-Risk High-Value,1
50194,2.0,1.0,686.29,4,1,1,Potential Loyalists,0
50195,9.0,11.0,9212.94,1,4,4,At-Risk High-Value,0
50196,4.0,1.0,796.29,2,1,1,Lost / Low Value,0
50197,7.0,1.0,965.08,2,1,2,Lost / Low Value,0
50198,7.0,1.0,828.03,2,1,1,Lost / Low Value,0
50199,2.0,2.0,1481.04,4,2,2,Loyal Customers,1
50200,9.0,1.0,867.62,1,1,1,Lost / Low Value,0
50201,9.0,8.0,8334.92,1,4,4,At-Risk High-Value,0
50202,3.0,13.0,20929.48,3,4,4,Champions,0
50203,0.0,1.0,838.09,4,1,1,Potential Loyalists,1
50204,1.0,1.0,807.51,4,1,1,Potential Loyalists,0
50205,1.0,1.0,1556.5,4,1,2,Potential Loyalists,0
50206,0.0,1.0,839.14,4,1,1,Potential Loyalists,0
50207,4.0,1.0,899.2,2,1,1,Lost / Low Value,0
50208,3.0,1.0,817.8,3,1,1,Potential Loyalists,0
50209,0.0,1.0,1099.18,4,1,2,Potential Loyalists,0
50210,8.0,9.0,6780.02,1,4,4,At-Risk High-Value,0
50211,2.0,1.0,960.14,4,1,2,Potential Loyalists,0
50212,7.0,1.0,666.54,2,1,1,Lost / Low Value,1
50213,2.0,2.0,1538.13,4,2,2,Loyal Customers,0
50214,2.0,1.0,886.49,4,1,1,Potential Loyalists,0
50215,7.0,1.0,891.77,2,1,1,Lost / Low Value,0
50216,4.0,1.0,899.08,2,1,1,Lost / Low Value,0
50217,3.0,2.0,2366.1,3,2,3,Loyal Customers,0
50218,10.0,4.0,3771.46,1,4,4,At-Risk High-Value,0
50219,7.0,1.0,1004.74,2,1,2,Lost / Low Value,0
50220,13.0,1.0,995.22,1,1,2,Lost / Low Value,0
50221,2.0,1.0,709.72,4,1,1,Potential Loyalists,0
50222,2.0,1.0,881.76,4,1,1,Potential Loyalists,0
50223,0.0,1.0,713.68,4,1,1,Potential Loyalists,0
50224,0.0,2.0,2859.12,4,2,3,Loyal Customers,0
50225,2.0,1.0,805.7,4,1,1,Potential Loyalists,0
50226,0.0,1.0,698.28,4,1,1,Potential Loyalists,0
50227,7.0,1.0,680.35,2,1,1,Lost / Low Value,0
50228,3.0,1.0,1237.72,3,1,2,Potential Loyalists,0
50229,7.0,6.0,5271.42,2,4,4,At-Risk High-Value,0
50230,2.0,2.0,1620.96,4,2,2,Loyal Customers,0
50231,7.0,7.0,5888.96,2,4,4,At-Risk High-Value,0
50232,0.0,1.0,922.96,4,1,1,Potential Loyalists,0
50233,2.0,1.0,669.57,4,1,1,Potential Loyalists,1
50234,0.0,1.0,915.92,4,1,1,Potential Loyalists,0
50235,12.0,1.0,1083.45,1,1,2,Lost / Low Value,0
50236,2.0,1.0,921.53,4,1,1,Potential Loyalists,0
50237,7.0,1.0,671.71,2,1,1,Lost / Low Value,0
50238,2.0,2.0,1387.1,4,2,2,Loyal Customers,0
50239,0.0,1.0,706.8,4,1,1,Potential Loyalists,1
50240,3.0,1.0,739.86,3,1,1,Potential Loyalists,0
50241,0.0,1.0,839.19,4,1,1,Potential Loyalists,0
50242,7.0,7.0,7451.68,2,4,4,At-Risk High-Value,1
50243,3.0,1.0,1127.28,3,1,2,Potential Loyalists,0
50244,0.0,1.0,900.9,4,1,1,Potential Loyalists,1
50245,2.0,2.0,1392.27,4,2,2,Loyal Customers,0
50246,0.0,1.0,699.38,4,1,1,Potential Loyalists,1
50247,2.0,1.0,671.06,4,1,1,Potential Loyalists,0
50248,0.0,1.0,909.7,4,1,1,Potential Loyalists,0
50249,4.0,1.0,759.88,2,1,1,Lost / Low Value,0
50250,7.0,1.0,838.92,2,1,1,Lost / Low Value,0
50251,0.0,1.0,797.5,4,1,1,Potential Loyalists,0
50252,7.0,1.0,821.48,2,1,1,Lost / Low Value,0
50253,2.0,2.0,1379.73,4,2,2,Loyal Customers,0
50254,4.0,1.0,841.72,2,1,1,Lost / Low Value,1
50255,2.0,1.0,1466.24,4,1,2,Potential Loyalists,0
50256,3.0,1.0,784.3,3,1,1,Potential Loyalists,0
50257,0.0,1.0,686.18,4,1,1,Potential Loyalists,0
50258,4.0,1.0,720.61,2,1,1,Lost / Low Value,1
50259,2.0,1.0,673.42,4,1,1,Potential Loyalists,0
50260,0.0,9.0,8710.02,4,4,4,Champions,0
50261,0.0,1.0,675.68,4,1,1,Potential Loyalists,1
50262,17.0,12.0,8602.44,1,4,4,At-Risk High-Value,0
50263,3.0,1.0,864.32,3,1,1,Potential Loyalists,0
50264,2.0,1.0,691.68,4,1,1,Potential Loyalists,0
50265,1.0,1.0,780.84,4,1,1,Potential Loyalists,0
50266,9.0,2.0,2676.96,1,2,3,Hibernating Big Spenders,0
50267,0.0,1.0,739.64,4,1,1,Potential Loyalists,0
50268,2.0,1.0,1617.33,4,1,2,Potential Loyalists,0
50269,2.0,1.0,909.59,4,1,1,Potential Loyalists,0
50270,12.0,3.0,2360.49,1,3,3,At-Risk High-Value,0
50271,2.0,1.0,674.19,4,1,1,Potential Loyalists,0
50272,2.0,1.0,798.71,4,1,1,Potential Loyalists,0
50273,3.0,1.0,796.79,3,1,1,Potential Loyalists,0
50274,7.0,10.0,7946.95,2,4,4,At-Risk High-Value,0
50275,2.0,3.0,2015.97,4,3,3,Champions,0
50276,6.0,1.0,1605.84,2,1,2,Lost / Low Value,0
50277,7.0,2.0,2553.32,2,2,3,Hibernating Big Spenders,0
50278,4.0,4.0,3646.94,2,4,4,At-Risk High-Value,0
50279,7.0,1.0,1011.56,2,1,2,Lost / Low Value,0
50280,8.0,1.0,800.69,1,1,1,Lost / Low Value,0
50281,2.0,1.0,771.7,4,1,1,Potential Loyalists,1
50282,4.0,1.0,988.3,2,1,2,Lost / Low Value,0
50283,2.0,1.0,695.97,4,1,1,Potential Loyalists,0
50284,4.0,1.0,1460.52,2,1,2,Lost / Low Value,0
50285,2.0,1.0,800.58,4,1,1,Potential Loyalists,0
50286,2.0,1.0,885.0,4,1,1,Potential Loyalists,0
50287,10.0,11.0,17887.43,1,4,4,At-Risk High-Value,0
50288,8.0,1.0,814.55,1,1,1,Lost / Low Value,0
50289,4.0,1.0,798.76,2,1,1,Lost / Low Value,0
50290,4.0,1.0,726.11,2,1,1,Lost / Low Value,1
50291,0.0,1.0,679.3,4,1,1,Potential Loyalists,1
50292,0.0,1.0,643.61,4,1,1,Potential Loyalists,0
50293,12.0,1.0,1542.26,1,1,2,Lost / Low Value,0
50294,2.0,1.0,708.73,4,1,1,Potential Loyalists,0
50295,4.0,1.0,665.34,2,1,1,Lost / Low Value,0
50296,3.0,1.0,1206.42,3,1,2,Potential Loyalists,0
50297,1.0,1.0,690.03,4,1,1,Potential Loyalists,1
50298,0.0,1.0,691.02,4,1,1,Potential Loyalists,1
50299,8.0,7.0,7088.62,1,4,4,At-Risk High-Value,0
50300,0.0,2.0,2652.98,4,2,3,Loyal Customers,0
50301,7.0,15.0,22312.95,2,4,4,At-Risk High-Value,0
50302,7.0,6.0,4146.12,2,4,4,At-Risk High-Value,0
50303,11.0,13.0,14490.19,1,4,4,At-Risk High-Value,0
50304,4.0,1.0,828.85,2,1,1,Lost / Low Value,0
50305,1.0,1.0,1532.36,4,1,2,Potential Loyalists,0
50306,3.0,4.0,3130.6,3,4,4,Champions,0
50307,0.0,1.0,757.9,4,1,1,Potential Loyalists,0
50308,7.0,5.0,3511.2,2,4,4,At-Risk High-Value,0
50309,2.0,1.0,1048.9,4,1,2,Potential Loyalists,0
50310,8.0,1.0,1135.64,1,1,2,Lost / Low Value,0
50311,7.0,2.0,2597.1,2,2,3,Hibernating Big Spenders,1
50312,3.0,1.0,737.44,3,1,1,Potential Loyalists,1
50313,2.0,1.0,714.06,4,1,1,Potential Loyalists,0
50314,0.0,1.0,969.76,4,1,2,Potential Loyalists,0
50315,0.0,1.0,1090.32,4,1,2,Potential Loyalists,1
50316,2.0,1.0,1097.25,4,1,2,Potential Loyalists,1
50317,0.0,2.0,1330.23,4,2,2,Loyal Customers,0
50318,7.0,9.0,9890.1,2,4,4,At-Risk High-Value,0
50319,2.0,1.0,764.17,4,1,1,Potential Loyalists,1
50320,7.0,6.0,4636.83,2,4,4,At-Risk High-Value,0
50321,7.0,7.0,10331.48,2,4,4,At-Risk High-Value,0
50322,10.0,1.0,892.65,1,1,1,Lost / Low Value,0
50323,9.0,6.0,4856.61,1,4,4,At-Risk High-Value,0
50324,13.0,2.0,2556.07,1,2,3,Hibernating Big Spenders,0
50325,7.0,1.0,756.53,2,1,1,Lost / Low Value,0
50326,5.0,1.0,912.01,2,1,1,Lost / Low Value,0
50327,8.0,5.0,4786.65,1,4,4,At-Risk High-Value,0
50328,7.0,3.0,2442.83,2,3,3,At-Risk High-Value,0
50329,0.0,1.0,700.76,4,1,1,Potential Loyalists,1
50330,2.0,1.0,784.41,4,1,1,Potential Loyalists,0
50331,5.0,1.0,1440.12,2,1,2,Lost / Low Value,0
50332,3.0,1.0,1185.64,3,1,2,Potential Loyalists,0
50333,0.0,1.0,653.29,4,1,1,Potential Loyalists,1
50334,3.0,1.0,1151.26,3,1,2,Potential Loyalists,0
50335,7.0,1.0,924.6,2,1,1,Lost / Low Value,0
50336,0.0,1.0,786.83,4,1,1,Potential Loyalists,0
50337,3.0,1.0,817.24,3,1,1,Potential Loyalists,0
50338,7.0,5.0,4217.68,2,4,4,At-Risk High-Value,0
50339,0.0,1.0,678.7,4,1,1,Potential Loyalists,1
50340,2.0,1.0,962.0,4,1,2,Potential Loyalists,0
50341,2.0,1.0,1128.99,4,1,2,Potential Loyalists,0
50342,8.0,11.0,16089.97,1,4,4,At-Risk High-Value,0
50343,7.0,7.0,7251.09,2,4,4,At-Risk High-Value,0
50344,9.0,6.0,5140.41,1,4,4,At-Risk High-Value,0
50345,2.0,1.0,808.88,4,1,1,Potential Loyalists,1
50346,1.0,2.0,1364.0,4,2,2,Loyal Customers,0
50347,0.0,1.0,1090.32,4,1,2,Potential Loyalists,0
50348,3.0,4.0,3618.34,3,4,4,Champions,0
50349,9.0,1.0,1622.61,1,1,2,Lost / Low Value,0
50350,4.0,1.0,699.88,2,1,1,Lost / Low Value,0
50351,4.0,1.0,894.96,2,1,1,Lost / Low Value,0
50352,0.0,1.0,666.98,4,1,1,Potential Loyalists,0
50353,7.0,10.0,15510.0,2,4,4,At-Risk High-Value,0
50354,6.0,1.0,665.28,2,1,1,Lost / Low Value,0
50355,2.0,1.0,708.73,4,1,1,Potential Loyalists,1
50356,0.0,1.0,661.82,4,1,1,Potential Loyalists,1
50357,3.0,1.0,749.21,3,1,1,Potential Loyalists,0
50358,2.0,1.0,782.82,4,1,1,Potential Loyalists,1
50359,2.0,1.0,752.46,4,1,1,Potential Loyalists,0
50360,7.0,5.0,4251.5,2,4,4,At-Risk High-Value,0
50361,3.0,1.0,670.29,3,1,1,Potential Loyalists,0
50362,0.0,1.0,1078.11,4,1,2,Potential Loyalists,0
50363,0.0,1.0,705.98,4,1,1,Potential Loyalists,0
50364,2.0,2.0,1549.79,4,2,2,Loyal Customers,0
50365,0.0,1.0,1464.48,4,1,2,Potential Loyalists,0
50366,0.0,1.0,694.04,4,1,1,Potential Loyalists,0
50367,7.0,4.0,3449.38,2,4,4,At-Risk High-Value,0
50368,2.0,2.0,2794.22,4,2,3,Loyal Customers,0
50369,2.0,1.0,879.18,4,1,1,Potential Loyalists,0
50370,6.0,1.0,691.84,2,1,1,Lost / Low Value,0
50371,2.0,1.0,717.26,4,1,1,Potential Loyalists,1
50372,2.0,1.0,739.58,4,1,1,Potential Loyalists,0
50373,1.0,1.0,1623.22,4,1,2,Potential Loyalists,0
50374,2.0,2.0,1405.03,4,2,2,Loyal Customers,0
50375,2.0,1.0,940.72,4,1,2,Potential Loyalists,0
50376,5.0,1.0,897.71,2,1,1,Lost / Low Value,0
50377,0.0,1.0,664.56,4,1,1,Potential Loyalists,0
50378,10.0,8.0,8087.64,1,4,4,At-Risk High-Value,0
50379,8.0,8.0,5584.04,1,4,4,At-Risk High-Value,0
50380,0.0,1.0,785.73,4,1,1,Potential Loyalists,1
50381,2.0,1.0,696.24,4,1,1,Potential Loyalists,0
50382,8.0,7.0,7482.09,1,4,4,At-Risk High-Value,0
50383,2.0,1.0,855.86,4,1,1,Potential Loyalists,0
50384,8.0,11.0,10070.83,1,4,4,At-Risk High-Value,0
50385,7.0,4.0,3899.5,2,4,4,At-Risk High-Value,0
50386,1.0,7.0,7979.12,4,4,4,Champions,0
50387,2.0,1.0,1036.58,4,1,2,Potential Loyalists,0
50388,1.0,1.0,662.48,4,1,1,Potential Loyalists,0
50389,1.0,1.0,605.5,4,1,1,Potential Loyalists,1
50390,7.0,9.0,6607.26,2,4,4,At-Risk High-Value,1
50391,0.0,1.0,620.46,4,1,1,Potential Loyalists,0
50392,2.0,1.0,705.04,4,1,1,Potential Loyalists,0
50393,2.0,1.0,816.8,4,1,1,Potential Loyalists,0
50394,5.0,1.0,771.54,2,1,1,Lost / Low Value,0
50395,8.0,2.0,1399.2,1,2,2,Lost / Low Value,0
50396,2.0,2.0,1993.2,4,2,3,Loyal Customers,0
50397,4.0,1.0,805.58,2,1,1,Lost / Low Value,0
50398,0.0,1.0,807.4,4,1,1,Potential Loyalists,0
50399,8.0,3.0,2181.46,1,3,3,At-Risk High-Value,0
50400,7.0,7.0,7169.08,2,4,4,At-Risk High-Value,0
50401,0.0,2.0,1603.47,4,2,2,Loyal Customers,1
50402,10.0,11.0,8804.56,1,4,4,At-Risk High-Value,0
50403,8.0,1.0,846.78,1,1,1,Lost / Low Value,0
50404,3.0,1.0,923.78,3,1,1,Potential Loyalists,1
50405,8.0,1.0,969.38,1,1,2,Lost / Low Value,0
50406,7.0,1.0,957.66,2,1,2,Lost / Low Value,0
50407,3.0,7.0,8146.22,3,4,4,Champions,0
50408,7.0,1.0,822.8,2,1,1,Lost / Low Value,0
50409,12.0,1.0,1126.12,1,1,2,Lost / Low Value,0
50410,3.0,2.0,2729.54,3,2,3,Loyal Customers,0
50411,6.0,12.0,19233.06,2,4,4,At-Risk High-Value,0
50412,2.0,2.0,1694.55,4,2,2,Loyal Customers,0
50413,7.0,1.0,1033.62,2,1,2,Lost / Low Value,0
50414,10.0,2.0,3210.79,1,2,4,Hibernating Big Spenders,0
50415,2.0,2.0,1526.25,4,2,2,Loyal Customers,0
50416,7.0,3.0,2015.64,2,3,3,At-Risk High-Value,1
50417,3.0,1.0,1194.21,3,1,2,Potential Loyalists,0
50418,0.0,1.0,982.36,4,1,2,Potential Loyalists,0
50419,4.0,1.0,753.94,2,1,1,Lost / Low Value,0
50420,13.0,2.0,2614.7,1,2,3,Hibernating Big Spenders,0
50421,7.0,7.0,5892.04,2,4,4,At-Risk High-Value,0
50422,0.0,1.0,695.31,4,1,1,Potential Loyalists,0
50423,2.0,2.0,1403.49,4,2,2,Loyal Customers,1
50424,2.0,2.0,1848.44,4,2,3,Loyal Customers,0
50425,3.0,4.0,3551.24,3,4,4,Champions,0
50426,2.0,1.0,687.5,4,1,1,Potential Loyalists,0
50427,6.0,3.0,2704.18,2,3,3,At-Risk High-Value,0
50428,3.0,1.0,1160.66,3,1,2,Potential Loyalists,0
50429,3.0,2.0,1357.62,3,2,2,Loyal Customers,0
50430,7.0,1.0,924.6,2,1,1,Lost / Low Value,0
50431,2.0,2.0,1352.67,4,2,2,Loyal Customers,0
50432,2.0,2.0,1369.5,4,2,2,Loyal Customers,0
50433,0.0,1.0,830.12,4,1,1,Potential Loyalists,0
50434,7.0,4.0,3367.98,2,4,4,At-Risk High-Value,0
50435,1.0,1.0,718.14,4,1,1,Potential Loyalists,0
50436,0.0,1.0,831.66,4,1,1,Potential Loyalists,0
50437,16.0,1.0,1477.08,1,1,2,Lost / Low Value,0
50438,8.0,7.0,4884.11,1,4,4,At-Risk High-Value,1
50439,4.0,1.0,889.9,2,1,1,Lost / Low Value,0
50440,1.0,3.0,2744.28,4,3,3,Champions,0
50441,2.0,1.0,742.78,4,1,1,Potential Loyalists,0
50442,3.0,1.0,901.84,3,1,1,Potential Loyalists,1
50443,4.0,1.0,895.07,2,1,1,Lost / Low Value,0
50444,4.0,1.0,1642.24,2,1,2,Lost / Low Value,1
50445,9.0,1.0,967.29,1,1,2,Lost / Low Value,0
50446,2.0,1.0,784.19,4,1,1,Potential Loyalists,0
50447,0.0,2.0,1580.04,4,2,2,Loyal Customers,0
50448,1.0,1.0,788.42,4,1,1,Potential Loyalists,0
50449,2.0,1.0,842.93,4,1,1,Potential Loyalists,1
50450,3.0,1.0,730.4,3,1,1,Potential Loyalists,0
50451,4.0,1.0,851.68,2,1,1,Lost / Low Value,0
50452,1.0,1.0,788.81,4,1,1,Potential Loyalists,0
50453,3.0,4.0,2812.04,3,4,3,Champions,0
50454,12.0,4.0,3515.6,1,4,4,At-Risk High-Value,0
50455,3.0,1.0,790.96,3,1,1,Potential Loyalists,0
50456,2.0,1.0,691.46,4,1,1,Potential Loyalists,0
50457,2.0,1.0,760.82,4,1,1,Potential Loyalists,0
50458,7.0,3.0,2350.26,2,3,3,At-Risk High-Value,0
50459,2.0,1.0,907.5,4,1,1,Potential Loyalists,0
50460,9.0,14.0,21891.1,1,4,4,At-Risk High-Value,0
50461,0.0,1.0,638.06,4,1,1,Potential Loyalists,1
50462,0.0,1.0,698.17,4,1,1,Potential Loyalists,0
50463,4.0,1.0,723.2,2,1,1,Lost / Low Value,0
50464,3.0,1.0,1520.14,3,1,2,Potential Loyalists,0
50465,0.0,1.0,677.54,4,1,1,Potential Loyalists,1
50466,3.0,3.0,3579.02,3,3,4,Champions,0
50467,2.0,1.0,842.82,4,1,1,Potential Loyalists,1
50468,0.0,3.0,4414.08,4,3,4,Champions,0
50469,5.0,1.0,837.54,2,1,1,Lost / Low Value,0
50470,7.0,1.0,698.5,2,1,1,Lost / Low Value,0
50471,8.0,13.0,20910.89,1,4,4,At-Risk High-Value,1
50472,2.0,2.0,1375.66,4,2,2,Loyal Customers,0
50473,2.0,1.0,883.41,4,1,1,Potential Loyalists,0
50474,1.0,2.0,1582.02,4,2,2,Loyal Customers,1
50475,4.0,1.0,667.86,2,1,1,Lost / Low Value,0
50476,8.0,6.0,5333.46,1,4,4,At-Risk High-Value,0
50477,0.0,1.0,830.17,4,1,1,Potential Loyalists,0
50478,0.0,1.0,928.24,4,1,1,Potential Loyalists,0
50479,0.0,1.0,675.07,4,1,1,Potential Loyalists,0
50480,8.0,7.0,5557.09,1,4,4,At-Risk High-Value,0
50481,2.0,1.0,895.84,4,1,1,Potential Loyalists,0
50482,3.0,1.0,690.42,3,1,1,Potential Loyalists,0
50483,7.0,7.0,6796.79,2,4,4,At-Risk High-Value,1
50484,3.0,7.0,5836.6,3,4,4,Champions,1
50485,0.0,1.0,1493.74,4,1,2,Potential Loyalists,0
50486,3.0,1.0,1254.44,3,1,2,Potential Loyalists,0
50487,6.0,1.0,1112.16,2,1,2,Lost / Low Value,0
50488,5.0,7.0,5689.91,2,4,4,At-Risk High-Value,0
50489,2.0,1.0,755.54,4,1,1,Potential Loyalists,0
50490,7.0,1.0,680.13,2,1,1,Lost / Low Value,1
50491,0.0,1.0,643.83,4,1,1,Potential Loyalists,0
50492,17.0,4.0,5787.54,1,4,4,At-Risk High-Value,0
50493,3.0,2.0,1752.63,3,2,2,Loyal Customers,0
50494,1.0,1.0,738.32,4,1,1,Potential Loyalists,0
50495,8.0,1.0,772.04,1,1,1,Lost / Low Value,0
50496,1.0,1.0,690.74,4,1,1,Potential Loyalists,0
50497,11.0,4.0,3564.22,1,4,4,At-Risk High-Value,0
50498,3.0,1.0,792.16,3,1,1,Potential Loyalists,0
50499,3.0,1.0,756.86,3,1,1,Potential Loyalists,0
50500,3.0,1.0,1151.37,3,1,2,Potential Loyalists,0
50501,2.0,1.0,1141.86,4,1,2,Potential Loyalists,0
50502,3.0,1.0,834.62,3,1,1,Potential Loyalists,0
50503,0.0,2.0,2620.86,4,2,3,Loyal Customers,0
50504,0.0,1.0,898.37,4,1,1,Potential Loyalists,0
50505,4.0,1.0,821.48,2,1,1,Lost / Low Value,0
50506,2.0,2.0,1625.25,4,2,2,Loyal Customers,0
50507,2.0,1.0,704.99,4,1,1,Potential Loyalists,0
50508,2.0,2.0,1376.65,4,2,2,Loyal Customers,0
50509,3.0,1.0,678.81,3,1,1,Potential Loyalists,0
50510,3.0,1.0,780.67,3,1,1,Potential Loyalists,0
50511,15.0,5.0,5688.38,1,4,4,At-Risk High-Value,0
50512,8.0,7.0,4628.47,1,4,4,At-Risk High-Value,1
50513,2.0,1.0,677.27,4,1,1,Potential Loyalists,0
50514,3.0,1.0,784.08,3,1,1,Potential Loyalists,0
50515,2.0,1.0,746.9,4,1,1,Potential Loyalists,0
50516,4.0,3.0,2171.73,2,3,3,At-Risk High-Value,0
50517,3.0,5.0,4544.1,3,4,4,Champions,0
50518,2.0,1.0,709.44,4,1,1,Potential Loyalists,0
50519,3.0,1.0,837.7,3,1,1,Potential Loyalists,0
50520,2.0,1.0,679.58,4,1,1,Potential Loyalists,0
50521,2.0,1.0,704.0,4,1,1,Potential Loyalists,1
50522,3.0,2.0,2401.96,3,2,3,Loyal Customers,0
50523,8.0,4.0,4598.66,1,4,4,At-Risk High-Value,0
50524,0.0,1.0,713.52,4,1,1,Potential Loyalists,0
50525,8.0,2.0,2670.25,1,2,3,Hibernating Big Spenders,0
50526,2.0,2.0,1711.82,4,2,2,Loyal Customers,0
50527,7.0,7.0,5596.75,2,4,4,At-Risk High-Value,0
50528,9.0,1.0,970.31,1,1,2,Lost / Low Value,0
50529,7.0,14.0,21501.48,2,4,4,At-Risk High-Value,0
50530,4.0,1.0,836.22,2,1,1,Lost / Low Value,0
50531,3.0,1.0,675.24,3,1,1,Potential Loyalists,0
50532,1.0,1.0,703.72,4,1,1,Potential Loyalists,1
50533,3.0,1.0,689.26,3,1,1,Potential Loyalists,0
50534,1.0,7.0,4835.22,4,4,4,Champions,0
50535,2.0,1.0,819.94,4,1,1,Potential Loyalists,0
50536,0.0,1.0,680.9,4,1,1,Potential Loyalists,1
50537,0.0,1.0,812.08,4,1,1,Potential Loyalists,0
50538,2.0,1.0,662.42,4,1,1,Potential Loyalists,1
50539,0.0,1.0,698.12,4,1,1,Potential Loyalists,1
50540,11.0,4.0,3648.92,1,4,4,At-Risk High-Value,0
50541,2.0,1.0,731.17,4,1,1,Potential Loyalists,0
50542,2.0,1.0,779.41,4,1,1,Potential Loyalists,1
50543,0.0,1.0,702.79,4,1,1,Potential Loyalists,1
50544,2.0,2.0,1361.47,4,2,2,Loyal Customers,0
50545,2.0,2.0,1364.44,4,2,2,Loyal Customers,1
50546,0.0,1.0,677.49,4,1,1,Potential Loyalists,0
50547,0.0,1.0,660.44,4,1,1,Potential Loyalists,0
50548,3.0,1.0,893.42,3,1,1,Potential Loyalists,0
50549,2.0,1.0,703.94,4,1,1,Potential Loyalists,0
50550,4.0,1.0,1130.36,2,1,2,Lost / Low Value,0
50551,2.0,5.0,3390.48,4,4,4,Champions,0
50552,7.0,1.0,770.77,2,1,1,Lost / Low Value,0
50553,7.0,1.0,957.16,2,1,2,Lost / Low Value,0
50554,0.0,1.0,674.24,4,1,1,Potential Loyalists,0
50555,0.0,1.0,931.26,4,1,1,Potential Loyalists,0
50556,1.0,1.0,807.29,4,1,1,Potential Loyalists,0
50557,11.0,2.0,2594.02,1,2,3,Hibernating Big Spenders,0
50558,2.0,1.0,678.26,4,1,1,Potential Loyalists,0
50559,0.0,1.0,682.71,4,1,1,Potential Loyalists,1
50560,0.0,1.0,1083.78,4,1,2,Potential Loyalists,0
50561,7.0,1.0,786.17,2,1,1,Lost / Low Value,0
50562,17.0,2.0,1619.31,1,2,2,Lost / Low Value,0
50563,9.0,3.0,2065.63,1,3,3,At-Risk High-Value,0
50564,0.0,1.0,666.66,4,1,1,Potential Loyalists,1
50565,0.0,1.0,713.52,4,1,1,Potential Loyalists,1
50566,5.0,8.0,6976.2,2,4,4,At-Risk High-Value,0
50567,0.0,1.0,748.94,4,1,1,Potential Loyalists,0
50568,3.0,6.0,5519.25,3,4,4,Champions,0
50569,7.0,3.0,3353.62,2,3,4,At-Risk High-Value,1
50570,4.0,1.0,932.2,2,1,1,Lost / Low Value,0
50571,7.0,11.0,12468.45,2,4,4,At-Risk High-Value,1
50572,8.0,1.0,794.58,1,1,1,Lost / Low Value,0
50573,2.0,1.0,668.64,4,1,1,Potential Loyalists,0
50574,0.0,1.0,803.06,4,1,1,Potential Loyalists,0
50575,8.0,7.0,10433.12,1,4,4,At-Risk High-Value,0
50576,0.0,1.0,686.34,4,1,1,Potential Loyalists,1
50577,2.0,2.0,2733.72,4,2,3,Loyal Customers,0
50578,7.0,7.0,6646.64,2,4,4,At-Risk High-Value,0
50579,3.0,1.0,861.63,3,1,1,Potential Loyalists,0
50580,8.0,1.0,980.26,1,1,2,Lost / Low Value,0
50581,7.0,1.0,983.4,2,1,2,Lost / Low Value,0
50582,0.0,2.0,2551.34,4,2,3,Loyal Customers,1
50583,7.0,2.0,1657.37,2,2,2,Lost / Low Value,0
50584,7.0,1.0,829.34,2,1,1,Lost / Low Value,0
50585,2.0,1.0,677.66,4,1,1,Potential Loyalists,1
50586,0.0,6.0,9056.52,4,4,4,Champions,0
50587,0.0,1.0,682.22,4,1,1,Potential Loyalists,1
50588,2.0,1.0,739.86,4,1,1,Potential Loyalists,0
50589,2.0,1.0,674.85,4,1,1,Potential Loyalists,0
50590,3.0,1.0,1506.95,3,1,2,Potential Loyalists,0
50591,2.0,1.0,851.84,4,1,1,Potential Loyalists,0
50592,11.0,1.0,1618.04,1,1,2,Lost / Low Value,0
50593,2.0,2.0,1409.21,4,2,2,Loyal Customers,0
50594,8.0,1.0,749.82,1,1,1,Lost / Low Value,0
50595,7.0,1.0,778.96,2,1,1,Lost / Low Value,0
50596,1.0,1.0,667.26,4,1,1,Potential Loyalists,1
50597,5.0,2.0,2637.03,2,2,3,Hibernating Big Spenders,0
50598,2.0,1.0,697.62,4,1,1,Potential Loyalists,0
50599,7.0,1.0,1146.47,2,1,2,Lost / Low Value,0
50600,2.0,3.0,2372.2,4,3,3,Champions,0
50601,2.0,1.0,755.86,4,1,1,Potential Loyalists,1
50602,3.0,1.0,778.14,3,1,1,Potential Loyalists,0
50603,0.0,1.0,607.81,4,1,1,Potential Loyalists,0
50604,8.0,1.0,1140.64,1,1,2,Lost / Low Value,0
50605,1.0,10.0,11213.4,4,4,4,Champions,0
50606,3.0,1.0,1177.88,3,1,2,Potential Loyalists,0
50607,0.0,1.0,693.0,4,1,1,Potential Loyalists,1
50608,2.0,1.0,683.21,4,1,1,Potential Loyalists,1
50609,3.0,1.0,850.96,3,1,1,Potential Loyalists,0
50610,1.0,1.0,684.8,4,1,1,Potential Loyalists,0
50611,2.0,2.0,1566.4,4,2,2,Loyal Customers,0
50612,3.0,4.0,4619.78,3,4,4,Champions,0
50613,1.0,2.0,1650.33,4,2,2,Loyal Customers,0
50614,3.0,11.0,13758.91,3,4,4,Champions,0
50615,2.0,2.0,1564.97,4,2,2,Loyal Customers,0
50616,2.0,1.0,765.44,4,1,1,Potential Loyalists,0
50617,0.0,1.0,1556.66,4,1,2,Potential Loyalists,0
50618,0.0,1.0,680.9,4,1,1,Potential Loyalists,0
50619,3.0,2.0,2609.86,3,2,3,Loyal Customers,0
50620,0.0,1.0,812.74,4,1,1,Potential Loyalists,1
50621,7.0,6.0,5407.05,2,4,4,At-Risk High-Value,0
50622,10.0,5.0,8242.58,1,4,4,At-Risk High-Value,0
50623,0.0,1.0,927.36,4,1,1,Potential Loyalists,0
50624,2.0,2.0,1646.59,4,2,2,Loyal Customers,1
50625,9.0,6.0,9848.85,1,4,4,At-Risk High-Value,1
50626,11.0,2.0,2565.2,1,2,3,Hibernating Big Spenders,0
50627,13.0,1.0,899.08,1,1,1,Lost / Low Value,0
50628,14.0,15.0,10512.98,1,4,4,At-Risk High-Value,1
50629,8.0,2.0,2296.8,1,2,3,Hibernating Big Spenders,0
50630,2.0,2.0,1357.62,4,2,2,Loyal Customers,0
50631,1.0,1.0,1520.75,4,1,2,Potential Loyalists,0
50632,7.0,7.0,5399.62,2,4,4,At-Risk High-Value,0
50633,9.0,1.0,1084.88,1,1,2,Lost / Low Value,0
50634,3.0,1.0,1204.72,3,1,2,Potential Loyalists,0
50635,4.0,1.0,669.74,2,1,1,Lost / Low Value,0
50636,12.0,6.0,5783.25,1,4,4,At-Risk High-Value,0
50637,0.0,1.0,815.87,4,1,1,Potential Loyalists,1
50638,2.0,1.0,662.31,4,1,1,Potential Loyalists,1
50639,0.0,1.0,672.1,4,1,1,Potential Loyalists,0
50640,0.0,1.0,607.86,4,1,1,Potential Loyalists,0
50641,2.0,2.0,1410.31,4,2,2,Loyal Customers,0
50642,7.0,7.0,11256.24,2,4,4,At-Risk High-Value,0
50643,1.0,1.0,775.88,4,1,1,Potential Loyalists,0
50644,5.0,7.0,7082.46,2,4,4,At-Risk High-Value,0
50645,3.0,1.0,660.38,3,1,1,Potential Loyalists,0
50646,2.0,2.0,3258.97,4,2,4,Loyal Customers,0
50647,0.0,7.0,7964.11,4,4,4,Champions,0
50648,3.0,1.0,711.81,3,1,1,Potential Loyalists,0
50649,8.0,7.0,7260.33,1,4,4,At-Risk High-Value,0
50650,2.0,6.0,8829.48,4,4,4,Champions,0
50651,0.0,2.0,2574.0,4,2,3,Loyal Customers,0
50652,2.0,1.0,677.76,4,1,1,Potential Loyalists,1
50653,0.0,1.0,627.88,4,1,1,Potential Loyalists,1
50654,7.0,1.0,803.82,2,1,1,Lost / Low Value,0
50655,7.0,2.0,1370.71,2,2,2,Lost / Low Value,1
50656,9.0,1.0,1029.71,1,1,2,Lost / Low Value,1
50657,3.0,1.0,767.53,3,1,1,Potential Loyalists,0
50658,2.0,1.0,1097.64,4,1,2,Potential Loyalists,0
50659,8.0,1.0,735.68,1,1,1,Lost / Low Value,0
50660,9.0,1.0,1035.26,1,1,2,Lost / Low Value,0
50661,1.0,11.0,12294.81,4,4,4,Champions,0
50662,2.0,1.0,804.16,4,1,1,Potential Loyalists,0
50663,3.0,1.0,1153.68,3,1,2,Potential Loyalists,0
50664,7.0,1.0,751.3,2,1,1,Lost / Low Value,0
50665,6.0,3.0,3379.53,2,3,4,At-Risk High-Value,1
50666,2.0,1.0,941.54,4,1,2,Potential Loyalists,0
50667,7.0,4.0,4308.04,2,4,4,At-Risk High-Value,1
50668,8.0,3.0,2393.82,1,3,3,At-Risk High-Value,1
50669,2.0,2.0,1342.77,4,2,2,Loyal Customers,0
50670,4.0,1.0,976.58,2,1,2,Lost / Low Value,0
50671,0.0,1.0,918.17,4,1,1,Potential Loyalists,0
50672,6.0,5.0,3765.02,2,4,4,At-Risk High-Value,1
50673,0.0,1.0,680.74,4,1,1,Potential Loyalists,1
50674,2.0,2.0,1354.43,4,2,2,Loyal Customers,1
50675,7.0,13.0,19780.47,2,4,4,At-Risk High-Value,0
50676,0.0,1.0,692.78,4,1,1,Potential Loyalists,1
50677,0.0,1.0,810.04,4,1,1,Potential Loyalists,1
50678,2.0,1.0,786.61,4,1,1,Potential Loyalists,0
50679,0.0,1.0,713.84,4,1,1,Potential Loyalists,0
50680,1.0,2.0,2957.35,4,2,3,Loyal Customers,0
50681,12.0,4.0,3430.46,1,4,4,At-Risk High-Value,0
50682,0.0,4.0,4497.9,4,4,4,Champions,0
50683,7.0,2.0,2061.4,2,2,3,Hibernating Big Spenders,0
50684,7.0,1.0,688.27,2,1,1,Lost / Low Value,0
50685,7.0,1.0,971.03,2,1,2,Lost / Low Value,0
50686,9.0,4.0,6042.3,1,4,4,At-Risk High-Value,0
50687,0.0,1.0,954.3,4,1,2,Potential Loyalists,0
50688,1.0,1.0,1145.1,4,1,2,Potential Loyalists,0
50689,3.0,11.0,13412.24,3,4,4,Champions,1
50690,9.0,4.0,6517.72,1,4,4,At-Risk High-Value,0
50691,2.0,2.0,1327.7,4,2,2,Loyal Customers,0
50692,3.0,1.0,923.01,3,1,1,Potential Loyalists,0
50693,9.0,1.0,977.84,1,1,2,Lost / Low Value,0
50694,2.0,2.0,1407.01,4,2,2,Loyal Customers,0
50695,4.0,1.0,726.06,2,1,1,Lost / Low Value,0
50696,2.0,1.0,823.24,4,1,1,Potential Loyalists,0
50697,3.0,2.0,2543.2,3,2,3,Loyal Customers,0
50698,2.0,1.0,771.82,4,1,1,Potential Loyalists,0
50699,1.0,1.0,731.0,4,1,1,Potential Loyalists,0
50700,0.0,1.0,784.96,4,1,1,Potential Loyalists,0
50701,2.0,1.0,828.08,4,1,1,Potential Loyalists,0
50702,0.0,5.0,3532.1,4,4,4,Champions,0
50703,2.0,1.0,698.66,4,1,1,Potential Loyalists,0
50704,0.0,1.0,654.72,4,1,1,Potential Loyalists,1
50705,3.0,1.0,1002.32,3,1,2,Potential Loyalists,1
50706,0.0,1.0,812.13,4,1,1,Potential Loyalists,0
50707,2.0,2.0,1387.1,4,2,2,Loyal Customers,1
50708,3.0,1.0,865.2,3,1,1,Potential Loyalists,0
50709,2.0,2.0,1379.29,4,2,2,Loyal Customers,0
50710,3.0,1.0,864.27,3,1,1,Potential Loyalists,0
50711,4.0,1.0,787.76,2,1,1,Lost / Low Value,0
50712,10.0,3.0,2860.44,1,3,3,At-Risk High-Value,1
50713,13.0,2.0,2584.89,1,2,3,Hibernating Big Spenders,0
50714,14.0,2.0,2613.38,1,2,3,Hibernating Big Spenders,1
50715,5.0,1.0,833.53,2,1,1,Lost / Low Value,0
50716,7.0,1.0,674.19,2,1,1,Lost / Low Value,0
50717,2.0,1.0,747.84,4,1,1,Potential Loyalists,0
50718,0.0,1.0,688.32,4,1,1,Potential Loyalists,1
50719,7.0,1.0,793.1,2,1,1,Lost / Low Value,0
50720,4.0,1.0,911.79,2,1,1,Lost / Low Value,0
50721,0.0,1.0,793.21,4,1,1,Potential Loyalists,0
50722,4.0,6.0,6690.42,2,4,4,At-Risk High-Value,0
50723,9.0,4.0,3375.46,1,4,4,At-Risk High-Value,0
50724,2.0,2.0,1361.36,4,2,2,Loyal Customers,0
50725,3.0,1.0,844.03,3,1,1,Potential Loyalists,1
50726,0.0,1.0,705.48,4,1,1,Potential Loyalists,0
50727,2.0,4.0,6587.46,4,4,4,Champions,0
50728,8.0,1.0,722.2,1,1,1,Lost / Low Value,0
50729,0.0,1.0,690.36,4,1,1,Potential Loyalists,0
50730,2.0,1.0,796.24,4,1,1,Potential Loyalists,0
50731,11.0,3.0,2718.21,1,3,3,At-Risk High-Value,0
50732,2.0,1.0,716.82,4,1,1,Potential Loyalists,0
50733,2.0,1.0,711.48,4,1,1,Potential Loyalists,1
50734,7.0,4.0,6293.32,2,4,4,At-Risk High-Value,0
50735,3.0,1.0,669.24,3,1,1,Potential Loyalists,0
50736,0.0,1.0,706.92,4,1,1,Potential Loyalists,1
50737,9.0,15.0,22314.6,1,4,4,At-Risk High-Value,0
50738,0.0,1.0,675.95,4,1,1,Potential Loyalists,0
50739,4.0,1.0,748.0,2,1,1,Lost / Low Value,0
50740,0.0,1.0,665.88,4,1,1,Potential Loyalists,1
50741,3.0,1.0,776.32,3,1,1,Potential Loyalists,0
50742,0.0,1.0,787.98,4,1,1,Potential Loyalists,0
50743,2.0,2.0,3064.16,4,2,3,Loyal Customers,0
50744,3.0,3.0,2177.34,3,3,3,Champions,0
50745,3.0,1.0,1599.46,3,1,2,Potential Loyalists,0
50746,7.0,1.0,1043.13,2,1,2,Lost / Low Value,0
50747,0.0,1.0,671.55,4,1,1,Potential Loyalists,1
50748,1.0,1.0,799.64,4,1,1,Potential Loyalists,0
50749,7.0,1.0,700.76,2,1,1,Lost / Low Value,0
50750,9.0,8.0,5936.04,1,4,4,At-Risk High-Value,0
50751,17.0,1.0,799.76,1,1,1,Lost / Low Value,0
50752,2.0,2.0,1394.58,4,2,2,Loyal Customers,0
50753,4.0,1.0,955.84,2,1,2,Lost / Low Value,0
50754,3.0,1.0,894.96,3,1,1,Potential Loyalists,0
50755,9.0,1.0,837.1,1,1,1,Lost / Low Value,0
50756,2.0,2.0,1401.73,4,2,2,Loyal Customers,0
50757,7.0,1.0,824.89,2,1,1,Lost / Low Value,0
50758,7.0,7.0,7797.02,2,4,4,At-Risk High-Value,0
50759,10.0,4.0,2811.82,1,4,3,At-Risk High-Value,0
50760,3.0,1.0,926.86,3,1,1,Potential Loyalists,0
50761,1.0,1.0,822.25,4,1,1,Potential Loyalists,0
50762,7.0,5.0,3734.22,2,4,4,At-Risk High-Value,0
50763,0.0,2.0,2551.01,4,2,3,Loyal Customers,0
50764,12.0,4.0,4482.94,1,4,4,At-Risk High-Value,0
50765,8.0,6.0,4037.55,1,4,4,At-Risk High-Value,0
50766,4.0,1.0,1127.61,2,1,2,Lost / Low Value,0
50767,7.0,7.0,4624.24,2,4,4,At-Risk High-Value,0
50768,0.0,1.0,652.24,4,1,1,Potential Loyalists,1
50769,2.0,1.0,756.8,4,1,1,Potential Loyalists,0
50770,9.0,1.0,1527.84,1,1,2,Lost / Low Value,0
50771,1.0,1.0,925.82,4,1,1,Potential Loyalists,0
50772,8.0,1.0,924.66,1,1,1,Lost / Low Value,0
50773,5.0,1.0,834.41,2,1,1,Lost / Low Value,0
50774,7.0,1.0,1635.7,2,1,2,Lost / Low Value,0
50775,0.0,1.0,1579.1,4,1,2,Potential Loyalists,0
50776,7.0,1.0,753.06,2,1,1,Lost / Low Value,0
50777,0.0,1.0,690.74,4,1,1,Potential Loyalists,0
50778,3.0,1.0,688.44,3,1,1,Potential Loyalists,0
50779,0.0,1.0,914.26,4,1,1,Potential Loyalists,0
50780,0.0,1.0,1554.57,4,1,2,Potential Loyalists,0
50781,7.0,1.0,1436.82,2,1,2,Lost / Low Value,0
50782,0.0,1.0,692.18,4,1,1,Potential Loyalists,0
50783,10.0,3.0,4655.14,1,3,4,At-Risk High-Value,0
50784,8.0,1.0,1010.9,1,1,2,Lost / Low Value,0
50785,1.0,1.0,714.67,4,1,1,Potential Loyalists,0
50786,1.0,1.0,617.26,4,1,1,Potential Loyalists,0
50787,0.0,1.0,611.49,4,1,1,Potential Loyalists,1
50788,2.0,2.0,1416.25,4,2,2,Loyal Customers,0
50789,11.0,1.0,1585.32,1,1,2,Lost / Low Value,1
50790,0.0,2.0,2593.47,4,2,3,Loyal Customers,0
50791,2.0,2.0,1388.75,4,2,2,Loyal Customers,1
50792,8.0,1.0,1583.4,1,1,2,Lost / Low Value,0
50793,2.0,1.0,799.59,4,1,1,Potential Loyalists,0
50794,10.0,11.0,18057.44,1,4,4,At-Risk High-Value,0
50795,4.0,5.0,5640.8,2,4,4,At-Risk High-Value,0
50796,10.0,5.0,3972.1,1,4,4,At-Risk High-Value,0
50797,2.0,1.0,668.47,4,1,1,Potential Loyalists,0
50798,13.0,14.0,22476.3,1,4,4,At-Risk High-Value,0
50799,8.0,1.0,796.95,1,1,1,Lost / Low Value,0
50800,2.0,2.0,1485.66,4,2,2,Loyal Customers,0
50801,0.0,1.0,680.46,4,1,1,Potential Loyalists,0
50802,17.0,15.0,16690.57,1,4,4,At-Risk High-Value,0
50803,12.0,5.0,4237.75,1,4,4,At-Risk High-Value,0
50804,5.0,1.0,988.79,2,1,2,Lost / Low Value,1
50805,2.0,2.0,1525.37,4,2,2,Loyal Customers,0
50806,7.0,7.0,4942.63,2,4,4,At-Risk High-Value,0
50807,7.0,1.0,808.22,2,1,1,Lost / Low Value,0
50808,7.0,7.0,5135.51,2,4,4,At-Risk High-Value,1
50809,2.0,1.0,664.4,4,1,1,Potential Loyalists,0
50810,1.0,2.0,1330.56,4,2,2,Loyal Customers,0
50811,8.0,1.0,891.5,1,1,1,Lost / Low Value,0
50812,0.0,1.0,1543.36,4,1,2,Potential Loyalists,0
50813,2.0,15.0,22376.48,4,4,4,Champions,0
50814,2.0,2.0,1360.92,4,2,2,Loyal Customers,0
50815,1.0,1.0,818.56,4,1,1,Potential Loyalists,1
50816,3.0,1.0,764.72,3,1,1,Potential Loyalists,1
50817,7.0,6.0,4826.91,2,4,4,At-Risk High-Value,0
50818,7.0,1.0,940.17,2,1,2,Lost / Low Value,0
50819,7.0,5.0,3691.32,2,4,4,At-Risk High-Value,0
50820,5.0,7.0,6419.49,2,4,4,At-Risk High-Value,0
50821,2.0,1.0,1478.4,4,1,2,Potential Loyalists,0
50822,0.0,1.0,1050.17,4,1,2,Potential Loyalists,1
50823,7.0,7.0,7101.71,2,4,4,At-Risk High-Value,1
50824,3.0,1.0,1205.38,3,1,2,Potential Loyalists,0
50825,7.0,1.0,799.37,2,1,1,Lost / Low Value,0
50826,6.0,9.0,9826.74,2,4,4,At-Risk High-Value,0
50827,9.0,11.0,9771.36,1,4,4,At-Risk High-Value,0
50828,2.0,2.0,1353.22,4,2,2,Loyal Customers,1
50829,2.0,1.0,679.91,4,1,1,Potential Loyalists,1
50830,10.0,2.0,3064.71,1,2,4,Hibernating Big Spenders,0
50831,11.0,9.0,14447.56,1,4,4,At-Risk High-Value,0
50832,7.0,7.0,11441.05,2,4,4,At-Risk High-Value,0
50833,0.0,1.0,744.92,4,1,1,Potential Loyalists,0
50834,6.0,1.0,1017.5,2,1,2,Lost / Low Value,0
50835,8.0,8.0,6450.84,1,4,4,At-Risk High-Value,0
50836,7.0,1.0,775.66,2,1,1,Lost / Low Value,0
50837,1.0,1.0,783.7,4,1,1,Potential Loyalists,0
50838,10.0,2.0,2642.86,1,2,3,Hibernating Big Spenders,0
50839,7.0,1.0,929.12,2,1,1,Lost / Low Value,0
50840,6.0,9.0,7981.88,2,4,4,At-Risk High-Value,0
50841,2.0,1.0,751.8,4,1,1,Potential Loyalists,0
50842,9.0,5.0,5502.2,1,4,4,At-Risk High-Value,1
50843,3.0,1.0,681.29,3,1,1,Potential Loyalists,0
50844,13.0,6.0,4830.87,1,4,4,At-Risk High-Value,0
50845,8.0,1.0,984.39,1,1,2,Lost / Low Value,0
50846,0.0,1.0,689.37,4,1,1,Potential Loyalists,0
50847,3.0,1.0,1272.81,3,1,2,Potential Loyalists,0
50848,0.0,1.0,638.6,4,1,1,Potential Loyalists,0
50849,0.0,1.0,844.96,4,1,1,Potential Loyalists,0
50850,0.0,1.0,828.91,4,1,1,Potential Loyalists,0
50851,8.0,2.0,2606.45,1,2,3,Hibernating Big Spenders,1
50852,9.0,2.0,2574.22,1,2,3,Hibernating Big Spenders,0
50853,0.0,1.0,661.6,4,1,1,Potential Loyalists,0
50854,8.0,11.0,9908.09,1,4,4,At-Risk High-Value,0
50855,7.0,7.0,5940.16,2,4,4,At-Risk High-Value,0
50856,0.0,1.0,703.18,4,1,1,Potential Loyalists,1
50857,2.0,3.0,2411.31,4,3,3,Champions,1
50858,3.0,1.0,693.55,3,1,1,Potential Loyalists,0
50859,11.0,4.0,3671.14,1,4,4,At-Risk High-Value,0
50860,4.0,1.0,809.82,2,1,1,Lost / Low Value,0
50861,7.0,6.0,5339.07,2,4,4,At-Risk High-Value,1
50862,4.0,1.0,886.6,2,1,1,Lost / Low Value,0
50863,2.0,3.0,3398.34,4,3,4,Champions,0
50864,3.0,3.0,2552.05,3,3,3,Champions,0
50865,3.0,1.0,714.78,3,1,1,Potential Loyalists,0
50866,2.0,1.0,1099.89,4,1,2,Potential Loyalists,0
50867,2.0,1.0,774.29,4,1,1,Potential Loyalists,0
50868,5.0,1.0,1150.6,2,1,2,Lost / Low Value,0
50869,2.0,1.0,892.76,4,1,1,Potential Loyalists,0
50870,2.0,2.0,2557.17,4,2,3,Loyal Customers,0
50871,8.0,1.0,774.46,1,1,1,Lost / Low Value,0
50872,4.0,4.0,3469.18,2,4,4,At-Risk High-Value,0
50873,7.0,7.0,4771.69,2,4,4,At-Risk High-Value,1
50874,1.0,1.0,764.72,4,1,1,Potential Loyalists,0
50875,9.0,1.0,1473.95,1,1,2,Lost / Low Value,0
50876,4.0,1.0,712.25,2,1,1,Lost / Low Value,0
50877,2.0,1.0,749.59,4,1,1,Potential Loyalists,0
50878,2.0,2.0,2129.82,4,2,3,Loyal Customers,0
50879,2.0,1.0,727.59,4,1,1,Potential Loyalists,0
50880,7.0,1.0,746.79,2,1,1,Lost / Low Value,0
50881,9.0,1.0,989.34,1,1,2,Lost / Low Value,0
50882,3.0,1.0,785.62,3,1,1,Potential Loyalists,1
50883,7.0,7.0,6757.9,2,4,4,At-Risk High-Value,1
50884,7.0,12.0,18036.48,2,4,4,At-Risk High-Value,0
50885,5.0,1.0,1633.55,2,1,2,Lost / Low Value,0
50886,0.0,2.0,2720.52,4,2,3,Loyal Customers,0
50887,1.0,1.0,1060.29,4,1,2,Potential Loyalists,0
50888,0.0,1.0,624.74,4,1,1,Potential Loyalists,1
50889,2.0,1.0,812.84,4,1,1,Potential Loyalists,0
50890,0.0,1.0,1453.21,4,1,2,Potential Loyalists,0
50891,3.0,1.0,714.78,3,1,1,Potential Loyalists,0
50892,0.0,1.0,619.36,4,1,1,Potential Loyalists,1
50893,4.0,1.0,665.44,2,1,1,Lost / Low Value,0
50894,8.0,1.0,869.55,1,1,1,Lost / Low Value,0
50895,2.0,1.0,860.58,4,1,1,Potential Loyalists,0
50896,2.0,1.0,738.1,4,1,1,Potential Loyalists,0
50897,2.0,2.0,1584.0,4,2,2,Loyal Customers,1
50898,3.0,1.0,742.5,3,1,1,Potential Loyalists,0
50899,0.0,1.0,663.63,4,1,1,Potential Loyalists,0
50900,6.0,5.0,7471.48,2,4,4,At-Risk High-Value,0
50901,3.0,1.0,778.91,3,1,1,Potential Loyalists,0
50902,3.0,1.0,1056.22,3,1,2,Potential Loyalists,0
50903,2.0,1.0,731.17,4,1,1,Potential Loyalists,0
50904,3.0,1.0,666.98,3,1,1,Potential Loyalists,0
50905,7.0,1.0,768.62,2,1,1,Lost / Low Value,0
50906,9.0,9.0,10292.54,1,4,4,At-Risk High-Value,0
50907,3.0,4.0,4421.12,3,4,4,Champions,1
50908,0.0,1.0,750.53,4,1,1,Potential Loyalists,1
50909,7.0,4.0,3838.12,2,4,4,At-Risk High-Value,1
50910,7.0,1.0,1146.8,2,1,2,Lost / Low Value,0
50911,2.0,1.0,666.0,4,1,1,Potential Loyalists,0
50912,2.0,2.0,1509.42,4,2,2,Loyal Customers,1
50913,2.0,1.0,1065.9,4,1,2,Potential Loyalists,0
50914,2.0,2.0,1703.46,4,2,2,Loyal Customers,0
50915,2.0,2.0,1401.62,4,2,2,Loyal Customers,1
50916,8.0,2.0,2613.27,1,2,3,Hibernating Big Spenders,0
50917,3.0,1.0,1015.46,3,1,2,Potential Loyalists,0
50918,3.0,1.0,723.91,3,1,1,Potential Loyalists,0
50919,8.0,8.0,11703.12,1,4,4,At-Risk High-Value,0
50920,2.0,1.0,915.8,4,1,1,Potential Loyalists,0
50921,2.0,1.0,678.98,4,1,1,Potential Loyalists,0
50922,3.0,1.0,738.1,3,1,1,Potential Loyalists,0
50923,3.0,1.0,790.52,3,1,1,Potential Loyalists,0
50924,12.0,3.0,2435.24,1,3,3,At-Risk High-Value,0
50925,2.0,2.0,1683.11,4,2,2,Loyal Customers,0
50926,8.0,5.0,3760.08,1,4,4,At-Risk High-Value,0
50927,0.0,1.0,812.24,4,1,1,Potential Loyalists,0
50928,0.0,1.0,620.07,4,1,1,Potential Loyalists,0
50929,8.0,2.0,1639.0,1,2,2,Lost / Low Value,0
50930,7.0,1.0,1125.63,2,1,2,Lost / Low Value,0
50931,9.0,6.0,8912.31,1,4,4,At-Risk High-Value,0
50932,2.0,1.0,710.0,4,1,1,Potential Loyalists,1
50933,0.0,1.0,867.08,4,1,1,Potential Loyalists,1
50934,10.0,10.0,8029.45,1,4,4,At-Risk High-Value,1
50935,0.0,1.0,682.22,4,1,1,Potential Loyalists,0
50936,0.0,1.0,724.46,4,1,1,Potential Loyalists,1
50937,0.0,1.0,661.82,4,1,1,Potential Loyalists,0
50938,2.0,2.0,2222.99,4,2,3,Loyal Customers,0
50939,4.0,1.0,1024.1,2,1,2,Lost / Low Value,0
50940,3.0,1.0,663.52,3,1,1,Potential Loyalists,0
50941,2.0,1.0,771.92,4,1,1,Potential Loyalists,0
50942,2.0,1.0,761.09,4,1,1,Potential Loyalists,0
50943,2.0,1.0,802.5,4,1,1,Potential Loyalists,0
50944,0.0,1.0,690.86,4,1,1,Potential Loyalists,1
50945,0.0,1.0,635.96,4,1,1,Potential Loyalists,0
50946,3.0,1.0,819.39,3,1,1,Potential Loyalists,0
50947,2.0,1.0,813.4,4,1,1,Potential Loyalists,0
50948,2.0,1.0,724.9,4,1,1,Potential Loyalists,0
50949,7.0,1.0,910.2,2,1,1,Lost / Low Value,0
50950,0.0,1.0,901.34,4,1,1,Potential Loyalists,0
50951,3.0,1.0,1168.42,3,1,2,Potential Loyalists,0
50952,12.0,2.0,2863.52,1,2,3,Hibernating Big Spenders,0
50953,7.0,1.0,679.91,2,1,1,Lost / Low Value,1
50954,17.0,14.0,20272.56,1,4,4,At-Risk High-Value,0
50955,2.0,2.0,2021.36,4,2,3,Loyal Customers,0
50956,1.0,5.0,7316.65,4,4,4,Champions,0
50957,3.0,3.0,3069.99,3,3,4,Champions,0
50958,2.0,1.0,674.96,4,1,1,Potential Loyalists,0
50959,0.0,1.0,660.99,4,1,1,Potential Loyalists,1
50960,6.0,8.0,7516.52,2,4,4,At-Risk High-Value,0
50961,7.0,7.0,5422.34,2,4,4,At-Risk High-Value,1
50962,9.0,2.0,2685.21,1,2,3,Hibernating Big Spenders,0
50963,7.0,5.0,3384.7,2,4,4,At-Risk High-Value,0
50964,0.0,1.0,816.26,4,1,1,Potential Loyalists,0
50965,7.0,3.0,2357.02,2,3,3,At-Risk High-Value,0
50966,7.0,1.0,1084.32,2,1,2,Lost / Low Value,0
50967,2.0,1.0,787.6,4,1,1,Potential Loyalists,0
50968,3.0,1.0,667.26,3,1,1,Potential Loyalists,0
50969,9.0,13.0,14388.66,1,4,4,At-Risk High-Value,0
50970,1.0,7.0,5957.1,4,4,4,Champions,0
50971,7.0,5.0,4181.92,2,4,4,At-Risk High-Value,0
50972,7.0,7.0,10178.25,2,4,4,At-Risk High-Value,0
50973,0.0,1.0,676.28,4,1,1,Potential Loyalists,0
50974,2.0,2.0,1547.59,4,2,2,Loyal Customers,0
50975,7.0,7.0,6714.78,2,4,4,At-Risk High-Value,0
50976,2.0,4.0,2734.6,4,4,3,Champions,0
50977,5.0,2.0,1746.58,2,2,2,Lost / Low Value,0
50978,2.0,1.0,695.42,4,1,1,Potential Loyalists,0
50979,7.0,7.0,6329.02,2,4,4,At-Risk High-Value,0
50980,0.0,1.0,684.8,4,1,1,Potential Loyalists,0
50981,2.0,2.0,1803.12,4,2,2,Loyal Customers,0
50982,7.0,6.0,6505.62,2,4,4,At-Risk High-Value,1
50983,2.0,1.0,884.24,4,1,1,Potential Loyalists,0
50984,2.0,1.0,684.75,4,1,1,Potential Loyalists,0
50985,3.0,1.0,1058.75,3,1,2,Potential Loyalists,0
50986,0.0,1.0,664.07,4,1,1,Potential Loyalists,1
50987,9.0,1.0,1109.3,1,1,2,Lost / Low Value,1
50988,4.0,1.0,817.03,2,1,1,Lost / Low Value,1
50989,2.0,1.0,774.79,4,1,1,Potential Loyalists,0
50990,6.0,7.0,4761.3,2,4,4,At-Risk High-Value,0
50991,0.0,1.0,713.46,4,1,1,Potential Loyalists,0
50992,13.0,2.0,3254.46,1,2,4,Hibernating Big Spenders,0
50993,1.0,2.0,1703.24,4,2,2,Loyal Customers,0
50994,0.0,1.0,663.36,4,1,1,Potential Loyalists,0
50995,7.0,7.0,7670.74,2,4,4,At-Risk High-Value,0
50996,2.0,1.0,780.89,4,1,1,Potential Loyalists,0
50997,0.0,1.0,924.82,4,1,1,Potential Loyalists,0
50998,5.0,1.0,809.76,2,1,1,Lost / Low Value,0
50999,4.0,1.0,887.81,2,1,1,Lost / Low Value,0
51000,6.0,7.0,7021.25,2,4,4,At-Risk High-Value,0
51001,3.0,1.0,1036.92,3,1,2,Potential Loyalists,0
51002,0.0,1.0,1613.2,4,1,2,Potential Loyalists,0
51003,2.0,2.0,1328.03,4,2,2,Loyal Customers,0
51004,2.0,1.0,855.91,4,1,1,Potential Loyalists,0
51005,1.0,1.0,1628.72,4,1,2,Potential Loyalists,0
51006,8.0,6.0,4424.31,1,4,4,At-Risk High-Value,0
51007,7.0,7.0,5799.25,2,4,4,At-Risk High-Value,0
51008,2.0,1.0,805.14,4,1,1,Potential Loyalists,0
51009,2.0,1.0,818.18,4,1,1,Potential Loyalists,0
51010,1.0,1.0,697.95,4,1,1,Potential Loyalists,0
51011,12.0,1.0,1516.19,1,1,2,Lost / Low Value,0
51012,0.0,1.0,682.44,4,1,1,Potential Loyalists,1
51013,3.0,1.0,704.77,3,1,1,Potential Loyalists,0
51014,3.0,12.0,14021.7,3,4,4,Champions,0
51015,2.0,1.0,732.16,4,1,1,Potential Loyalists,0
51016,10.0,1.0,1597.7,1,1,2,Lost / Low Value,0
51017,1.0,1.0,667.76,4,1,1,Potential Loyalists,0
51018,4.0,1.0,867.3,2,1,1,Lost / Low Value,0
51019,5.0,4.0,3164.7,2,4,4,At-Risk High-Value,0
51020,3.0,1.0,843.26,3,1,1,Potential Loyalists,0
51021,1.0,1.0,806.46,4,1,1,Potential Loyalists,0
51022,2.0,7.0,5668.74,4,4,4,Champions,0
51023,4.0,1.0,726.6,2,1,1,Lost / Low Value,0
51024,7.0,7.0,5920.14,2,4,4,At-Risk High-Value,0
51025,7.0,1.0,773.63,2,1,1,Lost / Low Value,0
51026,10.0,1.0,836.44,1,1,1,Lost / Low Value,0
51027,0.0,1.0,0.0,4,1,1,Potential Loyalists,0
51028,2.0,2.0,1442.87,4,2,2,Loyal Customers,0
51029,0.0,1.0,636.29,4,1,1,Potential Loyalists,1
51030,0.0,1.0,1631.19,4,1,2,Potential Loyalists,0
51031,7.0,1.0,718.8,2,1,1,Lost / Low Value,0
51032,12.0,14.0,15734.95,1,4,4,At-Risk High-Value,0
51033,9.0,2.0,1556.28,1,2,2,Lost / Low Value,0
51034,2.0,1.0,867.24,4,1,1,Potential Loyalists,0
51035,8.0,3.0,2481.93,1,3,3,At-Risk High-Value,0
51036,9.0,3.0,2602.05,1,3,3,At-Risk High-Value,0
51037,2.0,1.0,976.58,4,1,2,Potential Loyalists,0
51038,0.0,6.0,6700.98,4,4,4,Champions,1
51039,7.0,7.0,5365.36,2,4,4,At-Risk High-Value,0
51040,3.0,3.0,2960.92,3,3,3,Champions,0
51041,2.0,1.0,865.86,4,1,1,Potential Loyalists,0
51042,2.0,2.0,2772.22,4,2,3,Loyal Customers,0
51043,2.0,2.0,1698.4,4,2,2,Loyal Customers,1
51044,3.0,1.0,756.8,3,1,1,Potential Loyalists,0
51045,2.0,1.0,743.44,4,1,1,Potential Loyalists,0
51046,2.0,1.0,691.9,4,1,1,Potential Loyalists,0
51047,3.0,1.0,669.13,3,1,1,Potential Loyalists,1
51048,4.0,1.0,872.8,2,1,1,Lost / Low Value,0
51049,2.0,1.0,990.44,4,1,2,Potential Loyalists,0
51050,7.0,1.0,836.33,2,1,1,Lost / Low Value,0
51051,0.0,1.0,841.22,4,1,1,Potential Loyalists,0
51052,2.0,1.0,1452.72,4,1,2,Potential Loyalists,0
51053,11.0,2.0,2559.59,1,2,3,Hibernating Big Spenders,0
51054,2.0,2.0,1406.13,4,2,2,Loyal Customers,0
51055,9.0,7.0,5941.7,1,4,4,At-Risk High-Value,0
51056,3.0,1.0,660.71,3,1,1,Potential Loyalists,0
51057,12.0,2.0,2636.26,1,2,3,Hibernating Big Spenders,0
51058,2.0,1.0,790.57,4,1,1,Potential Loyalists,0
51059,4.0,1.0,926.31,2,1,1,Lost / Low Value,0
51060,7.0,4.0,6033.72,2,4,4,At-Risk High-Value,0
51061,11.0,6.0,9108.99,1,4,4,At-Risk High-Value,0
51062,7.0,6.0,4811.73,2,4,4,At-Risk High-Value,1
51063,9.0,2.0,1620.85,1,2,2,Lost / Low Value,0
51064,9.0,1.0,780.29,1,1,1,Lost / Low Value,0
51065,4.0,1.0,852.78,2,1,1,Lost / Low Value,0
51066,6.0,1.0,850.85,2,1,1,Lost / Low Value,0
51067,2.0,1.0,851.18,4,1,1,Potential Loyalists,0
51068,2.0,2.0,1384.57,4,2,2,Loyal Customers,0
51069,3.0,3.0,2052.6,3,3,3,Champions,0
51070,2.0,2.0,2856.92,4,2,3,Loyal Customers,0
51071,0.0,2.0,2791.69,4,2,3,Loyal Customers,0
51072,2.0,1.0,939.51,4,1,2,Potential Loyalists,0
51073,2.0,1.0,700.04,4,1,1,Potential Loyalists,0
51074,2.0,1.0,845.24,4,1,1,Potential Loyalists,0
51075,2.0,1.0,844.08,4,1,1,Potential Loyalists,0
51076,2.0,2.0,1451.45,4,2,2,Loyal Customers,0
51077,2.0,1.0,769.4,4,1,1,Potential Loyalists,1
51078,0.0,1.0,731.83,4,1,1,Potential Loyalists,0
51079,2.0,1.0,935.28,4,1,2,Potential Loyalists,0
51080,7.0,7.0,4872.18,2,4,4,At-Risk High-Value,1
51081,0.0,1.0,626.62,4,1,1,Potential Loyalists,1
51082,7.0,5.0,3456.75,2,4,4,At-Risk High-Value,0
51083,2.0,1.0,744.54,4,1,1,Potential Loyalists,0
51084,13.0,4.0,3076.92,1,4,4,At-Risk High-Value,0
51085,0.0,1.0,1148.56,4,1,2,Potential Loyalists,0
51086,13.0,2.0,1323.08,1,2,2,Lost / Low Value,0
51087,3.0,1.0,1073.88,3,1,2,Potential Loyalists,0
51088,7.0,8.0,5688.76,2,4,4,At-Risk High-Value,0
51089,2.0,1.0,675.12,4,1,1,Potential Loyalists,1
51090,7.0,6.0,5900.07,2,4,4,At-Risk High-Value,0
51091,4.0,1.0,821.15,2,1,1,Lost / Low Value,0
51092,8.0,8.0,7852.68,1,4,4,At-Risk High-Value,0
51093,4.0,1.0,792.06,2,1,1,Lost / Low Value,0
51094,7.0,8.0,8466.04,2,4,4,At-Risk High-Value,0
51095,2.0,1.0,713.57,4,1,1,Potential Loyalists,0
51096,7.0,6.0,4785.66,2,4,4,At-Risk High-Value,0
51097,4.0,14.0,15975.96,2,4,4,At-Risk High-Value,0
51098,0.0,1.0,635.52,4,1,1,Potential Loyalists,1
51099,3.0,14.0,17660.72,3,4,4,Champions,1
51100,2.0,1.0,676.78,4,1,1,Potential Loyalists,0
51101,6.0,8.0,11749.76,2,4,4,At-Risk High-Value,0
51102,3.0,1.0,738.82,3,1,1,Potential Loyalists,0
51103,3.0,1.0,741.24,3,1,1,Potential Loyalists,0
51104,2.0,1.0,903.65,4,1,1,Potential Loyalists,0
51105,0.0,1.0,908.38,4,1,1,Potential Loyalists,0
51106,2.0,1.0,764.88,4,1,1,Potential Loyalists,0
51107,9.0,1.0,855.91,1,1,1,Lost / Low Value,0
51108,7.0,1.0,928.56,2,1,1,Lost / Low Value,0
51109,8.0,1.0,707.41,1,1,1,Lost / Low Value,0
51110,0.0,1.0,823.79,4,1,1,Potential Loyalists,0
51111,3.0,1.0,1120.24,3,1,2,Potential Loyalists,0
51112,2.0,2.0,1774.74,4,2,2,Loyal Customers,1
51113,0.0,1.0,920.42,4,1,1,Potential Loyalists,1
51114,2.0,1.0,731.22,4,1,1,Potential Loyalists,0
51115,4.0,1.0,838.09,2,1,1,Lost / Low Value,0
51116,8.0,5.0,4529.8,1,4,4,At-Risk High-Value,0
51117,2.0,1.0,1078.55,4,1,2,Potential Loyalists,0
51118,8.0,12.0,19689.78,1,4,4,At-Risk High-Value,0
51119,3.0,1.0,1086.58,3,1,2,Potential Loyalists,0
51120,7.0,1.0,823.24,2,1,1,Lost / Low Value,0
51121,1.0,2.0,1335.95,4,2,2,Loyal Customers,0
51122,2.0,1.0,669.9,4,1,1,Potential Loyalists,1
51123,2.0,1.0,1009.03,4,1,2,Potential Loyalists,0
51124,4.0,1.0,739.47,2,1,1,Lost / Low Value,0
51125,2.0,2.0,1403.6,4,2,2,Loyal Customers,1
51126,2.0,1.0,896.17,4,1,1,Potential Loyalists,0
51127,7.0,1.0,942.7,2,1,2,Lost / Low Value,0
51128,2.0,1.0,711.26,4,1,1,Potential Loyalists,0
51129,7.0,1.0,833.08,2,1,1,Lost / Low Value,0
51130,4.0,1.0,797.88,2,1,1,Lost / Low Value,0
51131,0.0,1.0,1021.02,4,1,2,Potential Loyalists,1
51132,5.0,1.0,685.74,2,1,1,Lost / Low Value,0
51133,0.0,1.0,998.86,4,1,2,Potential Loyalists,1
51134,0.0,1.0,666.0,4,1,1,Potential Loyalists,0
51135,7.0,1.0,841.17,2,1,1,Lost / Low Value,0
51136,7.0,1.0,699.49,2,1,1,Lost / Low Value,0
51137,0.0,1.0,869.6,4,1,1,Potential Loyalists,0
51138,0.0,1.0,684.04,4,1,1,Potential Loyalists,1
51139,4.0,1.0,702.13,2,1,1,Lost / Low Value,0
51140,0.0,1.0,1597.09,4,1,2,Potential Loyalists,0
51141,7.0,1.0,718.03,2,1,1,Lost / Low Value,0
51142,4.0,1.0,675.9,2,1,1,Lost / Low Value,0
51143,7.0,1.0,770.06,2,1,1,Lost / Low Value,0
51144,3.0,1.0,1263.08,3,1,2,Potential Loyalists,0
51145,8.0,1.0,744.64,1,1,1,Lost / Low Value,0
51146,2.0,2.0,1763.19,4,2,2,Loyal Customers,0
51147,0.0,1.0,697.34,4,1,1,Potential Loyalists,1
51148,4.0,1.0,753.61,2,1,1,Lost / Low Value,0
51149,0.0,1.0,681.89,4,1,1,Potential Loyalists,1
51150,7.0,5.0,4253.7,2,4,4,At-Risk High-Value,0
51151,3.0,2.0,2542.76,3,2,3,Loyal Customers,0
51152,3.0,1.0,780.4,3,1,1,Potential Loyalists,0
51153,2.0,2.0,3226.08,4,2,4,Loyal Customers,0
51154,7.0,5.0,5038.28,2,4,4,At-Risk High-Value,0
51155,3.0,2.0,1357.62,3,2,2,Loyal Customers,1
51156,7.0,4.0,3095.62,2,4,4,At-Risk High-Value,0
51157,7.0,7.0,6088.0,2,4,4,At-Risk High-Value,1
51158,6.0,7.0,5060.06,2,4,4,At-Risk High-Value,0
51159,3.0,1.0,662.42,3,1,1,Potential Loyalists,0
51160,2.0,2.0,2581.04,4,2,3,Loyal Customers,0
51161,2.0,2.0,1979.01,4,2,3,Loyal Customers,0
51162,2.0,1.0,735.74,4,1,1,Potential Loyalists,0
51163,0.0,1.0,854.59,4,1,1,Potential Loyalists,0
51164,7.0,1.0,866.91,2,1,1,Lost / Low Value,0
51165,8.0,3.0,2077.68,1,3,3,At-Risk High-Value,0
51166,7.0,1.0,844.03,2,1,1,Lost / Low Value,1
51167,8.0,1.0,781.71,1,1,1,Lost / Low Value,1
51168,2.0,2.0,1553.97,4,2,2,Loyal Customers,0
51169,2.0,1.0,684.09,4,1,1,Potential Loyalists,0
51170,2.0,1.0,927.85,4,1,1,Potential Loyalists,0
51171,5.0,13.0,14619.6,2,4,4,At-Risk High-Value,0
51172,2.0,1.0,1081.68,4,1,2,Potential Loyalists,0
51173,4.0,1.0,668.14,2,1,1,Lost / Low Value,1
51174,7.0,3.0,3122.79,2,3,4,At-Risk High-Value,1
51175,3.0,1.0,908.21,3,1,1,Potential Loyalists,0
51176,8.0,4.0,3695.78,1,4,4,At-Risk High-Value,0
51177,14.0,14.0,0.0,1,4,1,At-Risk High-Value,0
51178,3.0,1.0,698.78,3,1,1,Potential Loyalists,0
51179,10.0,14.0,15656.41,1,4,4,At-Risk High-Value,0
51180,7.0,7.0,5562.48,2,4,4,At-Risk High-Value,0
51181,7.0,1.0,926.97,2,1,1,Lost / Low Value,0
51182,2.0,2.0,2160.07,4,2,3,Loyal Customers,0
51183,2.0,1.0,747.5,4,1,1,Potential Loyalists,0
51184,3.0,1.0,847.28,3,1,1,Potential Loyalists,0
51185,2.0,1.0,807.62,4,1,1,Potential Loyalists,0
51186,2.0,2.0,2836.57,4,2,3,Loyal Customers,0
51187,0.0,1.0,633.27,4,1,1,Potential Loyalists,0
51188,0.0,1.0,712.58,4,1,1,Potential Loyalists,1
51189,0.0,2.0,1356.85,4,2,2,Loyal Customers,1
51190,7.0,5.0,4167.35,2,4,4,At-Risk High-Value,0
51191,0.0,1.0,932.91,4,1,2,Potential Loyalists,0
51192,7.0,7.0,6034.88,2,4,4,At-Risk High-Value,0
51193,2.0,1.0,680.84,4,1,1,Potential Loyalists,0
51194,10.0,3.0,2278.98,1,3,3,At-Risk High-Value,0
51195,0.0,1.0,805.64,4,1,1,Potential Loyalists,0
51196,3.0,3.0,2134.44,3,3,3,Champions,0
51197,0.0,2.0,1331.55,4,2,2,Loyal Customers,0
51198,7.0,4.0,4087.16,2,4,4,At-Risk High-Value,0
51199,2.0,2.0,1397.66,4,2,2,Loyal Customers,0
51200,6.0,1.0,901.12,2,1,1,Lost / Low Value,0
51201,0.0,1.0,768.24,4,1,1,Potential Loyalists,0
51202,2.0,2.0,2189.77,4,2,3,Loyal Customers,1
51203,8.0,2.0,2554.75,1,2,3,Hibernating Big Spenders,0
51204,8.0,5.0,3723.5,1,4,4,At-Risk High-Value,0
51205,0.0,1.0,704.22,4,1,1,Potential Loyalists,0
51206,14.0,6.0,9699.36,1,4,4,At-Risk High-Value,0
51207,9.0,12.0,19578.9,1,4,4,At-Risk High-Value,0
51208,0.0,1.0,684.14,4,1,1,Potential Loyalists,1
51209,7.0,1.0,952.27,2,1,2,Lost / Low Value,1
51210,3.0,7.0,5687.99,3,4,4,Champions,0
51211,2.0,2.0,1529.22,4,2,2,Loyal Customers,0
51212,4.0,1.0,696.41,2,1,1,Lost / Low Value,0
51213,0.0,1.0,707.08,4,1,1,Potential Loyalists,0
51214,0.0,1.0,609.46,4,1,1,Potential Loyalists,1
51215,0.0,1.0,685.96,4,1,1,Potential Loyalists,1
51216,7.0,1.0,862.02,2,1,1,Lost / Low Value,0
51217,2.0,1.0,780.84,4,1,1,Potential Loyalists,0
51218,0.0,1.0,1084.21,4,1,2,Potential Loyalists,0
51219,2.0,1.0,663.41,4,1,1,Potential Loyalists,0
51220,4.0,1.0,785.62,2,1,1,Lost / Low Value,0
51221,2.0,1.0,813.34,4,1,1,Potential Loyalists,0
51222,8.0,3.0,2624.49,1,3,3,At-Risk High-Value,0
51223,8.0,1.0,763.73,1,1,1,Lost / Low Value,0
51224,16.0,11.0,16227.92,1,4,4,At-Risk High-Value,0
51225,0.0,1.0,711.32,4,1,1,Potential Loyalists,0
51226,7.0,1.0,907.5,2,1,1,Lost / Low Value,0
51227,7.0,4.0,5978.28,2,4,4,At-Risk High-Value,0
51228,2.0,2.0,1653.63,4,2,2,Loyal Customers,0
51229,0.0,3.0,2030.66,4,3,3,Champions,1
51230,0.0,1.0,692.29,4,1,1,Potential Loyalists,1
51231,3.0,1.0,852.88,3,1,1,Potential Loyalists,0
51232,4.0,1.0,791.62,2,1,1,Lost / Low Value,0
51233,7.0,2.0,2568.28,2,2,3,Hibernating Big Spenders,0
51234,4.0,1.0,912.06,2,1,1,Lost / Low Value,0
51235,1.0,1.0,995.66,4,1,2,Potential Loyalists,0
51236,2.0,2.0,1537.58,4,2,2,Loyal Customers,0
51237,7.0,7.0,4829.44,2,4,4,At-Risk High-Value,0
51238,3.0,1.0,846.94,3,1,1,Potential Loyalists,0
51239,9.0,1.0,851.79,1,1,1,Lost / Low Value,0
51240,7.0,1.0,925.87,2,1,1,Lost / Low Value,0
51241,0.0,1.0,610.0,4,1,1,Potential Loyalists,1
51242,2.0,1.0,865.48,4,1,1,Potential Loyalists,0
51243,2.0,1.0,672.43,4,1,1,Potential Loyalists,0
51244,11.0,6.0,5196.51,1,4,4,At-Risk High-Value,0
51245,2.0,2.0,2183.94,4,2,3,Loyal Customers,1
51246,7.0,1.0,850.68,2,1,1,Lost / Low Value,0
51247,0.0,1.0,845.9,4,1,1,Potential Loyalists,0
51248,9.0,7.0,5833.13,1,4,4,At-Risk High-Value,0
51249,7.0,1.0,667.32,2,1,1,Lost / Low Value,0
51250,0.0,1.0,1533.12,4,1,2,Potential Loyalists,0
51251,3.0,1.0,683.76,3,1,1,Potential Loyalists,1
51252,3.0,1.0,812.41,3,1,1,Potential Loyalists,0
51253,3.0,4.0,6415.42,3,4,4,Champions,0
51254,0.0,1.0,829.79,4,1,1,Potential Loyalists,0
51255,0.0,1.0,707.46,4,1,1,Potential Loyalists,1
51256,4.0,1.0,0.0,2,1,1,Lost / Low Value,0
51257,4.0,1.0,667.92,2,1,1,Lost / Low Value,0
51258,3.0,2.0,1437.15,3,2,2,Loyal Customers,0
51259,2.0,1.0,704.55,4,1,1,Potential Loyalists,0
51260,1.0,2.0,2187.68,4,2,3,Loyal Customers,0
51261,1.0,1.0,1024.54,4,1,2,Potential Loyalists,0
51262,6.0,7.0,4953.8,2,4,4,At-Risk High-Value,0
51263,2.0,1.0,845.52,3,1,1,Potential Loyalists,0
51264,2.0,1.0,916.68,3,1,1,Potential Loyalists,0
51265,7.0,8.0,6601.32,2,4,4,At-Risk High-Value,0
51266,3.0,1.0,680.18,3,1,1,Potential Loyalists,1
51267,0.0,1.0,707.19,4,1,1,Potential Loyalists,0
51268,9.0,1.0,836.22,1,1,1,Lost / Low Value,0
51269,7.0,1.0,775.78,2,1,1,Lost / Low Value,0
51270,0.0,1.0,1082.34,4,1,2,Potential Loyalists,0
51271,8.0,1.0,858.94,1,1,1,Lost / Low Value,1
51272,2.0,2.0,2249.28,3,2,3,Loyal Customers,1
51273,3.0,2.0,1418.67,3,2,2,Loyal Customers,0
51274,8.0,2.0,1756.48,1,2,2,Lost / Low Value,0
51275,9.0,1.0,963.05,1,1,2,Lost / Low Value,0
51276,2.0,1.0,714.5,3,1,1,Potential Loyalists,0
51277,4.0,1.0,1629.98,2,1,2,Lost / Low Value,0
51278,0.0,1.0,612.1,4,1,1,Potential Loyalists,0
51279,10.0,2.0,2567.51,1,2,3,Hibernating Big Spenders,0
51280,7.0,3.0,2364.78,2,3,3,At-Risk High-Value,0
51281,3.0,4.0,4626.82,3,4,4,Champions,0
51282,4.0,1.0,794.2,2,1,1,Lost / Low Value,0
51283,2.0,1.0,803.94,3,1,1,Potential Loyalists,0
51284,4.0,1.0,695.58,2,1,1,Lost / Low Value,0
51285,4.0,9.0,8079.88,2,4,4,At-Risk High-Value,0
51286,10.0,5.0,4311.18,1,4,4,At-Risk High-Value,0
51287,2.0,1.0,670.29,3,1,1,Potential Loyalists,0
51288,7.0,1.0,756.14,2,1,1,Lost / Low Value,0
51289,2.0,1.0,768.74,3,1,1,Potential Loyalists,0
51290,11.0,12.0,12297.78,1,4,4,At-Risk High-Value,0
51291,0.0,1.0,660.44,4,1,1,Potential Loyalists,0
51292,8.0,5.0,3971.0,1,4,4,At-Risk High-Value,0
51293,2.0,1.0,718.68,3,1,1,Potential Loyalists,0
51294,7.0,7.0,5898.59,2,4,4,At-Risk High-Value,0
51295,2.0,1.0,847.55,3,1,1,Potential Loyalists,0
51296,0.0,1.0,703.01,4,1,1,Potential Loyalists,0
51297,3.0,5.0,6038.18,3,4,4,Champions,0
51298,2.0,2.0,1392.6,3,2,2,Loyal Customers,0
51299,2.0,1.0,735.62,3,1,1,Potential Loyalists,0
51300,8.0,1.0,830.39,1,1,1,Lost / Low Value,0
51301,1.0,8.0,528.0,4,4,1,Loyal Customers,0
51302,1.0,4.0,2824.14,4,4,3,Champions,0
51303,0.0,1.0,682.33,4,1,1,Potential Loyalists,0
51304,2.0,2.0,1349.59,3,2,2,Loyal Customers,0
51305,7.0,1.0,775.94,2,1,1,Lost / Low Value,0
51306,11.0,2.0,2552.66,1,2,3,Hibernating Big Spenders,0
51307,7.0,5.0,5616.05,2,4,4,At-Risk High-Value,0
51308,8.0,2.0,2611.84,1,2,3,Hibernating Big Spenders,0
51309,4.0,1.0,819.88,2,1,1,Lost / Low Value,0
51310,0.0,1.0,741.51,4,1,1,Potential Loyalists,0
51311,2.0,1.0,683.98,3,1,1,Potential Loyalists,0
51312,2.0,1.0,680.9,3,1,1,Potential Loyalists,0
51313,3.0,1.0,1618.7,3,1,2,Potential Loyalists,0
51314,0.0,1.0,648.45,4,1,1,Potential Loyalists,1
51315,4.0,3.0,2911.26,2,3,3,At-Risk High-Value,0
51316,2.0,1.0,832.2,3,1,1,Potential Loyalists,0
51317,9.0,1.0,896.83,1,1,1,Lost / Low Value,0
51318,2.0,2.0,1626.57,3,2,2,Loyal Customers,1
51319,14.0,4.0,6353.6,1,4,4,At-Risk High-Value,0
51320,8.0,9.0,6107.8,1,4,4,At-Risk High-Value,1
51321,10.0,2.0,2592.7,1,2,3,Hibernating Big Spenders,0
51322,7.0,1.0,919.16,2,1,1,Lost / Low Value,0
51323,11.0,11.0,9320.63,1,4,4,At-Risk High-Value,0
51324,4.0,1.0,1041.59,2,1,2,Lost / Low Value,0
51325,2.0,1.0,684.14,3,1,1,Potential Loyalists,0
51326,7.0,1.0,1036.04,2,1,2,Lost / Low Value,0
51327,9.0,1.0,843.86,1,1,1,Lost / Low Value,0
51328,1.0,1.0,920.04,4,1,1,Potential Loyalists,1
51329,0.0,1.0,915.86,4,1,1,Potential Loyalists,0
51330,1.0,1.0,816.75,4,1,1,Potential Loyalists,0
51331,2.0,2.0,1408.99,3,2,2,Loyal Customers,0
51332,2.0,1.0,862.9,3,1,1,Potential Loyalists,0
51333,2.0,1.0,660.06,3,1,1,Potential Loyalists,0
51334,1.0,1.0,713.74,4,1,1,Potential Loyalists,0
51335,3.0,1.0,771.38,3,1,1,Potential Loyalists,0
51336,4.0,1.0,758.18,2,1,1,Lost / Low Value,0
51337,0.0,2.0,2293.94,4,2,3,Loyal Customers,1
51338,3.0,9.0,10905.34,3,4,4,Champions,0
51339,7.0,1.0,1096.48,2,1,2,Lost / Low Value,0
51340,0.0,1.0,713.13,4,1,1,Potential Loyalists,0
51341,3.0,1.0,691.4,3,1,1,Potential Loyalists,0
51342,7.0,1.0,1099.5,2,1,2,Lost / Low Value,0
51343,3.0,1.0,887.81,3,1,1,Potential Loyalists,0
51344,8.0,1.0,846.45,1,1,1,Lost / Low Value,0
51345,2.0,1.0,792.22,3,1,1,Potential Loyalists,0
51346,5.0,1.0,879.62,2,1,1,Lost / Low Value,1
51347,7.0,1.0,832.15,2,1,1,Lost / Low Value,0
51348,0.0,1.0,664.95,4,1,1,Potential Loyalists,1
51349,0.0,3.0,2129.98,4,3,3,Champions,0
51350,2.0,2.0,1481.48,3,2,2,Loyal Customers,0
51351,6.0,3.0,2156.22,2,3,3,At-Risk High-Value,0
51352,0.0,1.0,696.85,4,1,1,Potential Loyalists,0
51353,0.0,1.0,698.12,4,1,1,Potential Loyalists,0
51354,8.0,1.0,1073.93,1,1,2,Lost / Low Value,0
51355,7.0,7.0,5866.25,2,4,4,At-Risk High-Value,0
51356,3.0,1.0,683.43,3,1,1,Potential Loyalists,0
51357,8.0,1.0,780.62,1,1,1,Lost / Low Value,0
51358,3.0,4.0,2840.42,3,4,3,Champions,0
51359,2.0,1.0,696.36,3,1,1,Potential Loyalists,0
51360,3.0,1.0,661.54,3,1,1,Potential Loyalists,1
51361,8.0,8.0,8791.2,1,4,4,At-Risk High-Value,0
51362,5.0,1.0,731.39,2,1,1,Lost / Low Value,0
51363,0.0,1.0,711.42,4,1,1,Potential Loyalists,0
51364,7.0,2.0,2796.97,2,2,3,Hibernating Big Spenders,0
51365,2.0,1.0,766.92,3,1,1,Potential Loyalists,0
51366,3.0,1.0,770.6,3,1,1,Potential Loyalists,0
51367,3.0,1.0,737.38,3,1,1,Potential Loyalists,1
51368,3.0,2.0,2419.34,3,2,3,Loyal Customers,0
51369,0.0,1.0,617.76,4,1,1,Potential Loyalists,0
51370,3.0,1.0,712.8,3,1,1,Potential Loyalists,1
51371,8.0,4.0,6400.68,1,4,4,At-Risk High-Value,0
51372,7.0,6.0,4593.27,2,4,4,At-Risk High-Value,1
51373,2.0,4.0,3701.5,3,4,4,Champions,0
51374,17.0,5.0,5568.2,1,4,4,At-Risk High-Value,0
51375,1.0,2.0,3184.17,4,2,4,Loyal Customers,0
51376,0.0,1.0,687.28,4,1,1,Potential Loyalists,0
51377,3.0,1.0,905.58,3,1,1,Potential Loyalists,0
51378,8.0,1.0,671.33,1,1,1,Lost / Low Value,0
51379,0.0,1.0,664.73,4,1,1,Potential Loyalists,1
51380,0.0,2.0,1352.23,4,2,2,Loyal Customers,1
51381,4.0,1.0,695.48,2,1,1,Lost / Low Value,0
51382,2.0,1.0,697.56,3,1,1,Potential Loyalists,1
51383,2.0,2.0,1321.54,3,2,2,Loyal Customers,0
51384,0.0,1.0,738.04,4,1,1,Potential Loyalists,0
51385,3.0,1.0,845.68,3,1,1,Potential Loyalists,0
51386,0.0,1.0,657.3,4,1,1,Potential Loyalists,0
51387,0.0,1.0,678.76,4,1,1,Potential Loyalists,0
51388,1.0,1.0,676.12,4,1,1,Potential Loyalists,1
51389,7.0,1.0,1029.93,2,1,2,Lost / Low Value,0
51390,7.0,3.0,2311.82,2,3,3,At-Risk High-Value,0
51391,8.0,15.0,24374.62,1,4,4,At-Risk High-Value,1
51392,7.0,8.0,6409.92,2,4,4,At-Risk High-Value,0
51393,0.0,1.0,716.21,4,1,1,Potential Loyalists,0
51394,8.0,1.0,867.46,1,1,1,Lost / Low Value,0
51395,1.0,1.0,674.8,4,1,1,Potential Loyalists,0
51396,0.0,1.0,845.96,4,1,1,Potential Loyalists,1
51397,2.0,2.0,1478.51,3,2,2,Loyal Customers,1
51398,3.0,1.0,849.97,3,1,1,Potential Loyalists,0
51399,3.0,2.0,2187.24,3,2,3,Loyal Customers,0
51400,0.0,1.0,778.64,4,1,1,Potential Loyalists,0
51401,12.0,2.0,2580.38,1,2,3,Hibernating Big Spenders,0
51402,8.0,1.0,1048.8,1,1,2,Lost / Low Value,0
51403,2.0,2.0,1541.54,3,2,2,Loyal Customers,0
51404,7.0,1.0,875.32,2,1,1,Lost / Low Value,0
51405,7.0,1.0,879.62,2,1,1,Lost / Low Value,0
51406,8.0,7.0,6222.37,1,4,4,At-Risk High-Value,0
51407,9.0,9.0,6140.97,1,4,4,At-Risk High-Value,0
51408,8.0,13.0,20549.1,1,4,4,At-Risk High-Value,0
51409,9.0,7.0,6790.25,1,4,4,At-Risk High-Value,0
51410,8.0,12.0,13263.36,1,4,4,At-Risk High-Value,0
51411,2.0,2.0,2723.16,3,2,3,Loyal Customers,0
51412,3.0,1.0,907.44,3,1,1,Potential Loyalists,0
51413,0.0,1.0,1084.82,4,1,2,Potential Loyalists,0
51414,2.0,1.0,670.67,3,1,1,Potential Loyalists,0
51415,0.0,1.0,736.34,4,1,1,Potential Loyalists,1
51416,3.0,1.0,851.02,3,1,1,Potential Loyalists,0
51417,4.0,1.0,698.66,2,1,1,Lost / Low Value,0
51418,0.0,1.0,687.56,4,1,1,Potential Loyalists,0
51419,9.0,1.0,892.1,1,1,1,Lost / Low Value,0
51420,0.0,1.0,717.09,4,1,1,Potential Loyalists,0
51421,8.0,1.0,793.32,1,1,1,Lost / Low Value,0
51422,8.0,2.0,1574.32,1,2,2,Lost / Low Value,0
51423,0.0,2.0,2556.95,4,2,3,Loyal Customers,0
51424,2.0,2.0,2603.04,3,2,3,Loyal Customers,0
51425,2.0,1.0,826.16,3,1,1,Potential Loyalists,0
51426,0.0,3.0,2495.79,4,3,3,Champions,0
51427,4.0,1.0,707.24,2,1,1,Lost / Low Value,0
51428,0.0,1.0,1113.14,4,1,2,Potential Loyalists,0
51429,9.0,1.0,843.09,1,1,1,Lost / Low Value,0
51430,3.0,1.0,787.88,3,1,1,Potential Loyalists,0
51431,2.0,1.0,949.3,3,1,2,Potential Loyalists,0
51432,0.0,1.0,677.71,4,1,1,Potential Loyalists,0
51433,3.0,1.0,664.12,3,1,1,Potential Loyalists,0
51434,8.0,10.0,7783.6,1,4,4,At-Risk High-Value,0
51435,7.0,4.0,4316.18,2,4,4,At-Risk High-Value,1
51436,11.0,2.0,2585.33,1,2,3,Hibernating Big Spenders,0
51437,0.0,1.0,849.26,4,1,1,Potential Loyalists,0
51438,7.0,2.0,1672.99,2,2,2,Lost / Low Value,0
51439,5.0,9.0,10233.13,2,4,4,At-Risk High-Value,0
51440,7.0,5.0,4127.75,2,4,4,At-Risk High-Value,0
51441,3.0,2.0,2590.39,3,2,3,Loyal Customers,0
51442,2.0,1.0,824.94,3,1,1,Potential Loyalists,0
51443,4.0,1.0,782.16,2,1,1,Lost / Low Value,0
51444,8.0,2.0,2625.92,1,2,3,Hibernating Big Spenders,0
51445,2.0,1.0,662.31,3,1,1,Potential Loyalists,0
51446,2.0,1.0,664.02,3,1,1,Potential Loyalists,1
51447,0.0,1.0,712.58,4,1,1,Potential Loyalists,0
51448,0.0,1.0,710.93,4,1,1,Potential Loyalists,1
51449,10.0,2.0,1628.99,1,2,2,Lost / Low Value,0
51450,0.0,1.0,833.96,4,1,1,Potential Loyalists,0
51451,2.0,2.0,3172.84,3,2,4,Loyal Customers,0
51452,7.0,1.0,1549.46,2,1,2,Lost / Low Value,0
51453,3.0,1.0,865.92,3,1,1,Potential Loyalists,1
51454,1.0,2.0,1417.79,4,2,2,Loyal Customers,0
51455,0.0,1.0,707.91,4,1,1,Potential Loyalists,0
51456,8.0,12.0,11539.44,1,4,4,At-Risk High-Value,0
51457,6.0,1.0,884.07,2,1,1,Lost / Low Value,1
51458,4.0,4.0,6012.16,2,4,4,At-Risk High-Value,0
51459,2.0,1.0,702.57,3,1,1,Potential Loyalists,0
51460,0.0,1.0,797.78,4,1,1,Potential Loyalists,0
51461,3.0,1.0,958.54,3,1,2,Potential Loyalists,0
51462,3.0,5.0,5948.52,3,4,4,Champions,0
51463,8.0,2.0,2171.18,1,2,3,Hibernating Big Spenders,0
51464,0.0,1.0,705.92,4,1,1,Potential Loyalists,0
51465,12.0,4.0,5930.98,1,4,4,At-Risk High-Value,0
51466,9.0,1.0,693.71,1,1,1,Lost / Low Value,0
51467,7.0,1.0,888.03,2,1,1,Lost / Low Value,0
51468,3.0,4.0,3291.86,3,4,4,Champions,1
51469,15.0,15.0,24368.02,1,4,4,At-Risk High-Value,0
51470,7.0,7.0,6226.22,2,4,4,At-Risk High-Value,1
51471,3.0,4.0,2720.96,3,4,3,Champions,0
51472,6.0,15.0,16757.4,2,4,4,At-Risk High-Value,1
51473,0.0,1.0,642.12,4,1,1,Potential Loyalists,1
51474,1.0,2.0,1377.53,4,2,2,Loyal Customers,0
51475,11.0,5.0,4555.92,1,4,4,At-Risk High-Value,0
51476,2.0,1.0,810.64,3,1,1,Potential Loyalists,0
51477,1.0,2.0,2112.88,4,2,3,Loyal Customers,0
51478,2.0,2.0,1601.49,3,2,2,Loyal Customers,1
51479,7.0,1.0,1000.4,2,1,2,Lost / Low Value,0
51480,7.0,5.0,3559.05,2,4,4,At-Risk High-Value,0
51481,1.0,1.0,821.76,4,1,1,Potential Loyalists,0
51482,3.0,1.0,1135.75,3,1,2,Potential Loyalists,1
51483,9.0,5.0,4373.05,1,4,4,At-Risk High-Value,0
51484,2.0,2.0,2050.29,3,2,3,Loyal Customers,0
51485,7.0,4.0,3596.34,2,4,4,At-Risk High-Value,0
51486,4.0,1.0,781.0,2,1,1,Lost / Low Value,1
51487,3.0,1.0,739.86,3,1,1,Potential Loyalists,0
51488,2.0,2.0,1574.87,3,2,2,Loyal Customers,0
51489,4.0,1.0,694.76,2,1,1,Lost / Low Value,0
51490,7.0,1.0,806.74,2,1,1,Lost / Low Value,0
51491,30.0,2.0,1452.44,1,2,2,Lost / Low Value,0
51492,2.0,1.0,699.6,3,1,1,Potential Loyalists,0
51493,7.0,7.0,10464.68,2,4,4,At-Risk High-Value,0
51494,4.0,1.0,673.09,2,1,1,Lost / Low Value,0
51495,0.0,1.0,631.56,4,1,1,Potential Loyalists,0
51496,13.0,2.0,1716.55,1,2,2,Lost / Low Value,0
51497,6.0,1.0,951.22,2,1,2,Lost / Low Value,0
51498,5.0,4.0,2707.32,2,4,3,At-Risk High-Value,0
51499,15.0,1.0,679.14,1,1,1,Lost / Low Value,0
51500,7.0,3.0,3134.67,2,3,4,At-Risk High-Value,0
51501,9.0,1.0,787.54,1,1,1,Lost / Low Value,0
51502,0.0,1.0,887.26,4,1,1,Potential Loyalists,0
51503,0.0,1.0,734.03,4,1,1,Potential Loyalists,0
51504,11.0,2.0,2294.05,1,2,3,Hibernating Big Spenders,0
51505,2.0,1.0,672.7,3,1,1,Potential Loyalists,0
51506,2.0,2.0,1355.53,3,2,2,Loyal Customers,0
51507,2.0,2.0,1322.64,3,2,2,Loyal Customers,0
51508,2.0,1.0,699.21,3,1,1,Potential Loyalists,0
51509,4.0,1.0,1069.14,2,1,2,Lost / Low Value,0
51510,1.0,1.0,691.13,4,1,1,Potential Loyalists,0
51511,4.0,4.0,6583.72,2,4,4,At-Risk High-Value,0
51512,8.0,1.0,684.8,1,1,1,Lost / Low Value,0
51513,4.0,7.0,7476.32,2,4,4,At-Risk High-Value,0
51514,7.0,1.0,1027.73,2,1,2,Lost / Low Value,0
51515,4.0,1.0,717.09,2,1,1,Lost / Low Value,0
51516,1.0,1.0,718.19,4,1,1,Potential Loyalists,0
51517,0.0,1.0,677.88,4,1,1,Potential Loyalists,1
51518,2.0,7.0,4653.88,3,4,4,Champions,0
51519,10.0,6.0,4313.76,1,4,4,At-Risk High-Value,0
51520,3.0,1.0,825.33,3,1,1,Potential Loyalists,0
51521,2.0,2.0,1568.27,3,2,2,Loyal Customers,0
51522,2.0,1.0,687.5,3,1,1,Potential Loyalists,0
51523,0.0,1.0,610.61,4,1,1,Potential Loyalists,1
51524,7.0,15.0,16873.72,2,4,4,At-Risk High-Value,0
51525,1.0,2.0,1351.68,4,2,2,Loyal Customers,0
51526,2.0,1.0,766.09,3,1,1,Potential Loyalists,0
51527,2.0,1.0,677.1,3,1,1,Potential Loyalists,0
51528,2.0,1.0,722.7,3,1,1,Potential Loyalists,1
51529,2.0,1.0,752.95,3,1,1,Potential Loyalists,0
51530,3.0,1.0,794.75,3,1,1,Potential Loyalists,0
51531,6.0,1.0,701.58,2,1,1,Lost / Low Value,0
51532,9.0,9.0,14371.34,1,4,4,At-Risk High-Value,0
51533,15.0,2.0,3159.42,1,2,4,Hibernating Big Spenders,0
51534,9.0,1.0,1075.08,1,1,2,Lost / Low Value,0
51535,0.0,2.0,2610.74,4,2,3,Loyal Customers,0
51536,9.0,11.0,18149.4,1,4,4,At-Risk High-Value,0
51537,3.0,1.0,675.34,3,1,1,Potential Loyalists,0
51538,1.0,1.0,875.38,4,1,1,Potential Loyalists,1
51539,2.0,2.0,1329.79,3,2,2,Loyal Customers,0
51540,8.0,11.0,16209.16,1,4,4,At-Risk High-Value,0
51541,7.0,1.0,746.02,2,1,1,Lost / Low Value,0
51542,2.0,1.0,793.38,3,1,1,Potential Loyalists,0
51543,2.0,1.0,839.58,3,1,1,Potential Loyalists,0
51544,0.0,1.0,910.42,4,1,1,Potential Loyalists,0
51545,7.0,1.0,894.36,2,1,1,Lost / Low Value,0
51546,0.0,2.0,1572.78,4,2,2,Loyal Customers,0
51547,7.0,1.0,924.22,2,1,1,Lost / Low Value,0
51548,0.0,2.0,1519.65,4,2,2,Loyal Customers,0
51549,7.0,3.0,2102.26,2,3,3,At-Risk High-Value,0
51550,0.0,1.0,917.02,4,1,1,Potential Loyalists,1
51551,9.0,1.0,970.14,1,1,2,Lost / Low Value,1
51552,2.0,2.0,1356.08,3,2,2,Loyal Customers,0
51553,7.0,1.0,668.42,2,1,1,Lost / Low Value,0
51554,2.0,1.0,818.18,3,1,1,Potential Loyalists,0
51555,3.0,1.0,1066.78,3,1,2,Potential Loyalists,0
51556,8.0,9.0,10098.0,1,4,4,At-Risk High-Value,1
51557,8.0,5.0,5080.35,1,4,4,At-Risk High-Value,0
51558,7.0,1.0,1098.96,2,1,2,Lost / Low Value,0
51559,3.0,4.0,4947.8,3,4,4,Champions,0
51560,4.0,1.0,696.14,2,1,1,Lost / Low Value,1
51561,0.0,2.0,2595.01,4,2,3,Loyal Customers,0
51562,1.0,1.0,918.28,4,1,1,Potential Loyalists,1
51563,5.0,1.0,663.19,2,1,1,Lost / Low Value,1
51564,8.0,12.0,12450.9,1,4,4,At-Risk High-Value,0
51565,5.0,1.0,876.7,2,1,1,Lost / Low Value,0
51566,7.0,3.0,2625.81,2,3,3,At-Risk High-Value,0
51567,1.0,1.0,694.21,4,1,1,Potential Loyalists,0
51568,3.0,1.0,1220.18,3,1,2,Potential Loyalists,0
51569,13.0,5.0,5667.48,1,4,4,At-Risk High-Value,0
51570,4.0,1.0,788.97,2,1,1,Lost / Low Value,0
51571,0.0,1.0,669.74,4,1,1,Potential Loyalists,0
51572,8.0,5.0,3518.08,1,4,4,At-Risk High-Value,0
51573,1.0,4.0,3941.96,4,4,4,Champions,0
51574,8.0,1.0,1033.4,1,1,2,Lost / Low Value,0
51575,1.0,1.0,681.4,4,1,1,Potential Loyalists,1
51576,2.0,2.0,1453.32,3,2,2,Loyal Customers,0
51577,15.0,11.0,17685.36,1,4,4,At-Risk High-Value,0
51578,2.0,2.0,1349.37,3,2,2,Loyal Customers,0
51579,6.0,1.0,1623.44,2,1,2,Lost / Low Value,0
51580,4.0,1.0,683.98,2,1,1,Lost / Low Value,1
51581,9.0,2.0,2867.04,1,2,3,Hibernating Big Spenders,0
51582,7.0,1.0,698.88,2,1,1,Lost / Low Value,1
51583,12.0,15.0,23981.1,1,4,4,At-Risk High-Value,0
51584,2.0,1.0,766.2,3,1,1,Potential Loyalists,0
51585,2.0,1.0,755.15,3,1,1,Potential Loyalists,1
51586,2.0,1.0,672.76,3,1,1,Potential Loyalists,0
51587,2.0,2.0,1591.15,3,2,2,Loyal Customers,0
51588,0.0,1.0,718.96,4,1,1,Potential Loyalists,0
51589,7.0,4.0,2930.18,2,4,3,At-Risk High-Value,0
51590,7.0,1.0,1606.11,2,1,2,Lost / Low Value,0
51591,2.0,2.0,2604.25,3,2,3,Loyal Customers,0
51592,2.0,1.0,710.1,3,1,1,Potential Loyalists,0
51593,9.0,5.0,4388.18,1,4,4,At-Risk High-Value,0
51594,2.0,1.0,765.6,3,1,1,Potential Loyalists,0
51595,2.0,1.0,903.87,3,1,1,Potential Loyalists,0
51596,0.0,1.0,1102.64,4,1,2,Potential Loyalists,1
51597,3.0,11.0,12667.49,3,4,4,Champions,0
51598,5.0,1.0,678.7,2,1,1,Lost / Low Value,0
51599,2.0,1.0,909.97,3,1,1,Potential Loyalists,0
51600,2.0,1.0,931.2,3,1,1,Potential Loyalists,0
51601,2.0,1.0,819.39,3,1,1,Potential Loyalists,0
51602,8.0,7.0,4848.3,1,4,4,At-Risk High-Value,0
51603,9.0,3.0,4856.94,1,3,4,At-Risk High-Value,0
51604,0.0,1.0,699.76,4,1,1,Potential Loyalists,0
51605,4.0,1.0,741.34,2,1,1,Lost / Low Value,1
51606,3.0,1.0,703.67,3,1,1,Potential Loyalists,0
51607,5.0,7.0,5870.87,2,4,4,At-Risk High-Value,0
51608,4.0,1.0,669.68,2,1,1,Lost / Low Value,0
51609,7.0,7.0,10345.72,2,4,4,At-Risk High-Value,0
51610,0.0,1.0,741.68,4,1,1,Potential Loyalists,1
51611,0.0,1.0,915.42,4,1,1,Potential Loyalists,0
51612,8.0,7.0,5999.07,1,4,4,At-Risk High-Value,0
51613,5.0,1.0,770.0,2,1,1,Lost / Low Value,0
51614,10.0,2.0,2584.56,1,2,3,Hibernating Big Spenders,0
51615,11.0,10.0,7265.5,1,4,4,At-Risk High-Value,0
51616,13.0,4.0,6389.9,1,4,4,At-Risk High-Value,0
51617,3.0,9.0,10815.26,3,4,4,Champions,1
51618,4.0,1.0,663.85,2,1,1,Lost / Low Value,0
51619,1.0,1.0,907.61,4,1,1,Potential Loyalists,0
51620,0.0,1.0,727.65,4,1,1,Potential Loyalists,0
51621,2.0,2.0,2596.33,3,2,3,Loyal Customers,0
51622,3.0,6.0,7258.68,3,4,4,Champions,0
51623,7.0,7.0,6007.93,2,4,4,At-Risk High-Value,0
51624,4.0,1.0,901.84,2,1,1,Lost / Low Value,0
51625,6.0,1.0,1602.92,2,1,2,Lost / Low Value,0
51626,3.0,1.0,1517.12,3,1,2,Potential Loyalists,0
51627,6.0,11.0,9018.74,2,4,4,At-Risk High-Value,0
51628,9.0,1.0,800.47,1,1,1,Lost / Low Value,0
51629,8.0,1.0,847.82,1,1,1,Lost / Low Value,0
51630,3.0,3.0,2432.26,3,3,3,Champions,0
51631,7.0,5.0,3331.62,2,4,4,At-Risk High-Value,0
51632,0.0,1.0,723.86,4,1,1,Potential Loyalists,1
51633,2.0,1.0,865.97,3,1,1,Potential Loyalists,0
51634,2.0,1.0,680.52,3,1,1,Potential Loyalists,1
51635,2.0,1.0,732.05,3,1,1,Potential Loyalists,0
51636,2.0,1.0,1576.57,3,1,2,Potential Loyalists,0
51637,7.0,7.0,5576.72,2,4,4,At-Risk High-Value,0
51638,2.0,2.0,1406.79,3,2,2,Loyal Customers,0
51639,4.0,7.0,6093.78,2,4,4,At-Risk High-Value,1
51640,2.0,1.0,677.93,3,1,1,Potential Loyalists,0
51641,8.0,2.0,2587.75,1,2,3,Hibernating Big Spenders,0
51642,0.0,1.0,628.1,4,1,1,Potential Loyalists,1
51643,9.0,6.0,5946.6,1,4,4,At-Risk High-Value,0
51644,0.0,1.0,752.84,4,1,1,Potential Loyalists,0
51645,2.0,1.0,851.51,3,1,1,Potential Loyalists,0
51646,4.0,2.0,2861.65,2,2,3,Hibernating Big Spenders,0
51647,0.0,1.0,616.0,4,1,1,Potential Loyalists,0
51648,7.0,1.0,861.36,2,1,1,Lost / Low Value,0
51649,7.0,7.0,6517.66,2,4,4,At-Risk High-Value,0
51650,7.0,3.0,3236.14,2,3,4,At-Risk High-Value,0
51651,8.0,1.0,862.07,1,1,1,Lost / Low Value,0
51652,8.0,4.0,3406.48,1,4,4,At-Risk High-Value,0
51653,3.0,1.0,1213.36,3,1,2,Potential Loyalists,0
51654,2.0,1.0,861.3,3,1,1,Potential Loyalists,0
51655,3.0,1.0,815.16,3,1,1,Potential Loyalists,0
51656,0.0,1.0,902.55,4,1,1,Potential Loyalists,0
51657,11.0,9.0,7528.95,1,4,4,At-Risk High-Value,0
51658,2.0,2.0,1396.45,3,2,2,Loyal Customers,0
51659,3.0,8.0,9626.32,3,4,4,Champions,0
51660,10.0,11.0,16376.14,1,4,4,At-Risk High-Value,0
51661,7.0,1.0,685.02,2,1,1,Lost / Low Value,0
51662,7.0,2.0,2636.04,2,2,3,Hibernating Big Spenders,0
51663,7.0,7.0,5752.28,2,4,4,At-Risk High-Value,1
51664,2.0,1.0,686.29,3,1,1,Potential Loyalists,0
51665,9.0,11.0,9212.94,1,4,4,At-Risk High-Value,0
51666,4.0,1.0,796.29,2,1,1,Lost / Low Value,0
51667,7.0,1.0,965.08,2,1,2,Lost / Low Value,0
51668,7.0,1.0,828.03,2,1,1,Lost / Low Value,0
51669,2.0,2.0,1481.04,3,2,2,Loyal Customers,1
51670,9.0,1.0,867.62,1,1,1,Lost / Low Value,0
51671,9.0,8.0,8334.92,1,4,4,At-Risk High-Value,0
51672,3.0,13.0,20929.48,3,4,4,Champions,0
51673,0.0,1.0,838.09,4,1,1,Potential Loyalists,1
51674,1.0,1.0,807.51,4,1,1,Potential Loyalists,0
51675,1.0,1.0,1556.5,4,1,2,Potential Loyalists,0
51676,0.0,1.0,839.14,4,1,1,Potential Loyalists,0
51677,4.0,1.0,899.2,2,1,1,Lost / Low Value,0
51678,3.0,1.0,817.8,3,1,1,Potential Loyalists,0
51679,0.0,1.0,1099.18,4,1,2,Potential Loyalists,0
51680,8.0,9.0,6780.02,1,4,4,At-Risk High-Value,0
51681,2.0,1.0,960.14,3,1,2,Potential Loyalists,0
51682,7.0,1.0,666.54,2,1,1,Lost / Low Value,1
51683,2.0,2.0,1538.13,3,2,2,Loyal Customers,0
51684,2.0,1.0,886.49,3,1,1,Potential Loyalists,0
51685,7.0,1.0,891.77,2,1,1,Lost / Low Value,0
51686,4.0,1.0,899.08,2,1,1,Lost / Low Value,0
51687,3.0,2.0,2366.1,3,2,3,Loyal Customers,0
51688,10.0,4.0,3771.46,1,4,4,At-Risk High-Value,0
51689,7.0,1.0,1004.74,2,1,2,Lost / Low Value,0
51690,13.0,1.0,995.22,1,1,2,Lost / Low Value,0
51691,2.0,1.0,709.72,3,1,1,Potential Loyalists,0
51692,2.0,1.0,881.76,3,1,1,Potential Loyalists,0
51693,0.0,1.0,713.68,4,1,1,Potential Loyalists,0
51694,0.0,2.0,2859.12,4,2,3,Loyal Customers,0
51695,2.0,1.0,805.7,3,1,1,Potential Loyalists,0
51696,0.0,1.0,698.28,4,1,1,Potential Loyalists,0
51697,7.0,1.0,680.35,2,1,1,Lost / Low Value,0
51698,3.0,1.0,1237.72,3,1,2,Potential Loyalists,0
51699,7.0,6.0,5271.42,2,4,4,At-Risk High-Value,0
51700,2.0,2.0,1620.96,3,2,2,Loyal Customers,0
51701,7.0,7.0,5888.96,2,4,4,At-Risk High-Value,0
51702,0.0,1.0,922.96,4,1,1,Potential Loyalists,0
51703,2.0,1.0,669.57,3,1,1,Potential Loyalists,1
51704,0.0,1.0,915.92,4,1,1,Potential Loyalists,0
51705,12.0,1.0,1083.45,1,1,2,Lost / Low Value,0
51706,2.0,1.0,921.53,3,1,1,Potential Loyalists,0
51707,7.0,1.0,671.71,2,1,1,Lost / Low Value,0
51708,2.0,2.0,1387.1,3,2,2,Loyal Customers,0
51709,0.0,1.0,706.8,4,1,1,Potential Loyalists,1
51710,3.0,1.0,739.86,3,1,1,Potential Loyalists,0
51711,0.0,1.0,839.19,4,1,1,Potential Loyalists,0
51712,7.0,7.0,7451.68,2,4,4,At-Risk High-Value,1
51713,3.0,1.0,1127.28,3,1,2,Potential Loyalists,0
51714,0.0,1.0,900.9,4,1,1,Potential Loyalists,1
51715,2.0,2.0,1392.27,3,2,2,Loyal Customers,0
51716,0.0,1.0,699.38,4,1,1,Potential Loyalists,1
51717,2.0,1.0,671.06,3,1,1,Potential Loyalists,0
51718,0.0,1.0,909.7,4,1,1,Potential Loyalists,0
51719,4.0,1.0,759.88,2,1,1,Lost / Low Value,0
51720,7.0,1.0,838.92,2,1,1,Lost / Low Value,0
51721,3.0,1.0,1153.08,3,1,2,Potential Loyalists,0
51722,7.0,1.0,821.48,2,1,1,Lost / Low Value,0
51723,2.0,2.0,1379.73,3,2,2,Loyal Customers,0
51724,4.0,1.0,841.72,2,1,1,Lost / Low Value,1
51725,2.0,1.0,1466.24,3,1,2,Potential Loyalists,0
51726,3.0,1.0,784.3,3,1,1,Potential Loyalists,0
51727,0.0,1.0,686.18,4,1,1,Potential Loyalists,0
51728,4.0,1.0,720.61,2,1,1,Lost / Low Value,1
51729,2.0,1.0,673.42,3,1,1,Potential Loyalists,0
51730,0.0,9.0,8710.02,4,4,4,Champions,0
51731,0.0,1.0,675.68,4,1,1,Potential Loyalists,1
51732,17.0,12.0,8602.44,1,4,4,At-Risk High-Value,0
51733,3.0,1.0,864.32,3,1,1,Potential Loyalists,0
51734,2.0,1.0,691.68,3,1,1,Potential Loyalists,0
51735,1.0,1.0,780.84,4,1,1,Potential Loyalists,0
51736,9.0,2.0,2676.96,1,2,3,Hibernating Big Spenders,0
51737,0.0,1.0,739.64,4,1,1,Potential Loyalists,0
51738,2.0,1.0,1617.33,3,1,2,Potential Loyalists,0
51739,2.0,1.0,909.59,3,1,1,Potential Loyalists,0
51740,12.0,3.0,2360.49,1,3,3,At-Risk High-Value,0
51741,2.0,1.0,674.19,3,1,1,Potential Loyalists,0
51742,2.0,1.0,798.71,3,1,1,Potential Loyalists,0
51743,3.0,1.0,796.79,3,1,1,Potential Loyalists,0
51744,7.0,10.0,7946.95,2,4,4,At-Risk High-Value,0
51745,2.0,3.0,2015.97,3,3,3,Champions,0
51746,6.0,1.0,1605.84,2,1,2,Lost / Low Value,0
51747,7.0,2.0,2553.32,2,2,3,Hibernating Big Spenders,0
51748,4.0,4.0,3646.94,2,4,4,At-Risk High-Value,0
51749,7.0,1.0,1011.56,2,1,2,Lost / Low Value,0
51750,8.0,1.0,800.69,1,1,1,Lost / Low Value,0
51751,2.0,1.0,771.7,3,1,1,Potential Loyalists,1
51752,4.0,1.0,988.3,2,1,2,Lost / Low Value,0
51753,2.0,1.0,695.97,3,1,1,Potential Loyalists,0
51754,4.0,1.0,1460.52,2,1,2,Lost / Low Value,0
51755,2.0,1.0,800.58,3,1,1,Potential Loyalists,0
51756,2.0,1.0,885.0,3,1,1,Potential Loyalists,0
51757,10.0,11.0,17887.43,1,4,4,At-Risk High-Value,0
51758,8.0,1.0,814.55,1,1,1,Lost / Low Value,0
51759,4.0,1.0,798.76,2,1,1,Lost / Low Value,0
51760,4.0,1.0,726.11,2,1,1,Lost / Low Value,1
51761,0.0,1.0,679.3,4,1,1,Potential Loyalists,1
51762,0.0,1.0,643.61,4,1,1,Potential Loyalists,0
51763,12.0,1.0,1542.26,1,1,2,Lost / Low Value,0
51764,2.0,1.0,708.73,3,1,1,Potential Loyalists,0
51765,4.0,1.0,665.34,2,1,1,Lost / Low Value,0
51766,3.0,1.0,1206.42,3,1,2,Potential Loyalists,0
51767,1.0,1.0,690.03,4,1,1,Potential Loyalists,1
51768,0.0,1.0,691.02,4,1,1,Potential Loyalists,1
51769,8.0,7.0,7088.62,1,4,4,At-Risk High-Value,0
51770,0.0,2.0,2652.98,4,2,3,Loyal Customers,0
51771,7.0,15.0,22312.95,2,4,4,At-Risk High-Value,0
51772,7.0,6.0,4146.12,2,4,4,At-Risk High-Value,0
51773,11.0,13.0,14490.19,1,4,4,At-Risk High-Value,0
51774,4.0,1.0,828.85,2,1,1,Lost / Low Value,0
51775,1.0,1.0,1532.36,4,1,2,Potential Loyalists,0
51776,3.0,4.0,3130.6,3,4,4,Champions,0
51777,0.0,1.0,757.9,4,1,1,Potential Loyalists,0
51778,7.0,5.0,3511.2,2,4,4,At-Risk High-Value,0
51779,2.0,1.0,1048.9,3,1,2,Potential Loyalists,0
51780,8.0,1.0,1135.64,1,1,2,Lost / Low Value,0
51781,7.0,2.0,2597.1,2,2,3,Hibernating Big Spenders,1
51782,3.0,1.0,737.44,3,1,1,Potential Loyalists,1
51783,2.0,1.0,714.06,3,1,1,Potential Loyalists,0
51784,0.0,1.0,969.76,4,1,2,Potential Loyalists,0
51785,0.0,1.0,1090.32,4,1,2,Potential Loyalists,1
51786,2.0,1.0,1097.25,3,1,2,Potential Loyalists,1
51787,0.0,2.0,1330.23,4,2,2,Loyal Customers,0
51788,7.0,9.0,9890.1,2,4,4,At-Risk High-Value,0
51789,2.0,1.0,764.17,3,1,1,Potential Loyalists,1
51790,7.0,6.0,4636.83,2,4,4,At-Risk High-Value,0
51791,8.0,7.0,10331.48,1,4,4,At-Risk High-Value,0
51792,10.0,1.0,892.65,1,1,1,Lost / Low Value,0
51793,9.0,6.0,4856.61,1,4,4,At-Risk High-Value,0
51794,13.0,2.0,2556.07,1,2,3,Hibernating Big Spenders,0
51795,7.0,1.0,756.53,2,1,1,Lost / Low Value,0
51796,5.0,1.0,912.01,2,1,1,Lost / Low Value,0
51797,8.0,5.0,4786.65,1,4,4,At-Risk High-Value,0
51798,7.0,3.0,2442.83,2,3,3,At-Risk High-Value,0
51799,0.0,1.0,700.76,4,1,1,Potential Loyalists,1
51800,2.0,1.0,784.41,3,1,1,Potential Loyalists,0
51801,5.0,1.0,1440.12,2,1,2,Lost / Low Value,0
51802,3.0,1.0,1185.64,3,1,2,Potential Loyalists,0
51803,0.0,1.0,653.29,4,1,1,Potential Loyalists,1
51804,3.0,1.0,1151.26,3,1,2,Potential Loyalists,0
51805,7.0,1.0,924.6,2,1,1,Lost / Low Value,0
51806,0.0,1.0,786.83,4,1,1,Potential Loyalists,0
51807,3.0,1.0,817.24,3,1,1,Potential Loyalists,0
51808,7.0,5.0,4217.68,2,4,4,At-Risk High-Value,0
51809,0.0,1.0,678.7,4,1,1,Potential Loyalists,1
51810,2.0,1.0,962.0,3,1,2,Potential Loyalists,0
51811,2.0,1.0,1128.99,3,1,2,Potential Loyalists,0
51812,8.0,11.0,16089.97,1,4,4,At-Risk High-Value,0
51813,7.0,7.0,7251.09,2,4,4,At-Risk High-Value,0
51814,9.0,6.0,5140.41,1,4,4,At-Risk High-Value,0
51815,2.0,1.0,808.88,3,1,1,Potential Loyalists,1
51816,1.0,2.0,1364.0,4,2,2,Loyal Customers,0
51817,0.0,1.0,1090.32,4,1,2,Potential Loyalists,0
51818,3.0,4.0,3618.34,3,4,4,Champions,0
51819,9.0,1.0,1622.61,1,1,2,Lost / Low Value,0
51820,4.0,1.0,699.88,2,1,1,Lost / Low Value,0
51821,4.0,1.0,894.96,2,1,1,Lost / Low Value,0
51822,0.0,1.0,666.98,4,1,1,Potential Loyalists,0
51823,7.0,10.0,15510.0,2,4,4,At-Risk High-Value,0
51824,6.0,1.0,665.28,2,1,1,Lost / Low Value,0
51825,2.0,1.0,708.73,3,1,1,Potential Loyalists,1
51826,0.0,1.0,661.82,4,1,1,Potential Loyalists,1
51827,3.0,1.0,749.21,3,1,1,Potential Loyalists,0
51828,2.0,1.0,782.82,3,1,1,Potential Loyalists,1
51829,2.0,1.0,752.46,3,1,1,Potential Loyalists,0
51830,7.0,5.0,4251.5,2,4,4,At-Risk High-Value,0
51831,3.0,1.0,670.29,3,1,1,Potential Loyalists,0
51832,0.0,1.0,1078.11,4,1,2,Potential Loyalists,0
51833,0.0,1.0,705.98,4,1,1,Potential Loyalists,0
51834,2.0,2.0,1549.79,3,2,2,Loyal Customers,0
51835,0.0,1.0,1464.48,4,1,2,Potential Loyalists,0
51836,0.0,1.0,694.04,4,1,1,Potential Loyalists,0
51837,7.0,4.0,3449.38,2,4,4,At-Risk High-Value,0
51838,2.0,2.0,2794.22,3,2,3,Loyal Customers,0
51839,2.0,1.0,879.18,3,1,1,Potential Loyalists,0
51840,6.0,1.0,691.84,2,1,1,Lost / Low Value,0
51841,2.0,1.0,717.26,3,1,1,Potential Loyalists,1
51842,2.0,1.0,739.58,3,1,1,Potential Loyalists,0
51843,1.0,1.0,1623.22,4,1,2,Potential Loyalists,0
51844,2.0,2.0,1405.03,3,2,2,Loyal Customers,0
51845,2.0,1.0,940.72,3,1,2,Potential Loyalists,0
51846,5.0,1.0,897.71,2,1,1,Lost / Low Value,0
51847,0.0,1.0,664.56,4,1,1,Potential Loyalists,0
51848,10.0,8.0,8087.64,1,4,4,At-Risk High-Value,0
51849,8.0,8.0,5584.04,1,4,4,At-Risk High-Value,0
51850,0.0,1.0,785.73,4,1,1,Potential Loyalists,1
51851,2.0,1.0,308.0,3,1,1,Potential Loyalists,0
51852,8.0,7.0,7482.09,1,4,4,At-Risk High-Value,0
51853,2.0,1.0,855.86,3,1,1,Potential Loyalists,0
51854,8.0,11.0,10070.83,1,4,4,At-Risk High-Value,0
51855,7.0,4.0,3899.5,2,4,4,At-Risk High-Value,0
51856,1.0,7.0,7979.12,4,4,4,Champions,0
51857,2.0,1.0,1036.58,3,1,2,Potential Loyalists,0
51858,1.0,1.0,662.48,4,1,1,Potential Loyalists,0
51859,1.0,1.0,605.5,4,1,1,Potential Loyalists,1
51860,7.0,9.0,6607.26,2,4,4,At-Risk High-Value,1
51861,0.0,1.0,620.46,4,1,1,Potential Loyalists,0
51862,2.0,1.0,705.04,3,1,1,Potential Loyalists,0
51863,2.0,1.0,816.8,3,1,1,Potential Loyalists,0
51864,5.0,1.0,771.54,2,1,1,Lost / Low Value,0
51865,8.0,2.0,1399.2,1,2,2,Lost / Low Value,0
51866,2.0,2.0,1993.2,3,2,3,Loyal Customers,0
51867,4.0,1.0,805.58,2,1,1,Lost / Low Value,0
51868,0.0,1.0,807.4,4,1,1,Potential Loyalists,0
51869,8.0,3.0,2181.46,1,3,3,At-Risk High-Value,0
51870,7.0,7.0,7169.08,2,4,4,At-Risk High-Value,0
51871,0.0,2.0,1603.47,4,2,2,Loyal Customers,1
51872,10.0,11.0,8804.56,1,4,4,At-Risk High-Value,0
51873,8.0,1.0,846.78,1,1,1,Lost / Low Value,0
51874,3.0,1.0,923.78,3,1,1,Potential Loyalists,1
51875,8.0,1.0,969.38,1,1,2,Lost / Low Value,0
51876,7.0,1.0,957.66,2,1,2,Lost / Low Value,0
51877,3.0,7.0,8146.22,3,4,4,Champions,0
51878,7.0,1.0,822.8,2,1,1,Lost / Low Value,0
51879,12.0,1.0,1126.12,1,1,2,Lost / Low Value,0
51880,3.0,2.0,2729.54,3,2,3,Loyal Customers,0
51881,6.0,12.0,19233.06,2,4,4,At-Risk High-Value,0
51882,2.0,2.0,1694.55,3,2,2,Loyal Customers,0
51883,7.0,1.0,1033.62,2,1,2,Lost / Low Value,0
51884,10.0,2.0,3210.79,1,2,4,Hibernating Big Spenders,0
51885,2.0,2.0,1526.25,3,2,2,Loyal Customers,0
51886,7.0,3.0,2015.64,2,3,3,At-Risk High-Value,1
51887,3.0,1.0,1194.21,3,1,2,Potential Loyalists,0
51888,0.0,1.0,982.36,4,1,2,Potential Loyalists,0
51889,4.0,1.0,753.94,2,1,1,Lost / Low Value,0
51890,13.0,2.0,2614.7,1,2,3,Hibernating Big Spenders,0
51891,7.0,7.0,5892.04,2,4,4,At-Risk High-Value,0
51892,0.0,1.0,695.31,4,1,1,Potential Loyalists,0
51893,2.0,2.0,1403.49,3,2,2,Loyal Customers,1
51894,2.0,2.0,1848.44,3,2,3,Loyal Customers,0
51895,3.0,4.0,3551.24,3,4,4,Champions,0
51896,2.0,1.0,687.5,3,1,1,Potential Loyalists,0
51897,6.0,3.0,2704.18,2,3,3,At-Risk High-Value,0
51898,3.0,1.0,1160.66,3,1,2,Potential Loyalists,0
51899,3.0,2.0,1357.62,3,2,2,Loyal Customers,0
51900,7.0,1.0,924.6,2,1,1,Lost / Low Value,0
51901,2.0,2.0,1352.67,3,2,2,Loyal Customers,0
51902,2.0,2.0,1369.5,3,2,2,Loyal Customers,0
51903,0.0,1.0,830.12,4,1,1,Potential Loyalists,0
51904,7.0,4.0,3367.98,2,4,4,At-Risk High-Value,0
51905,1.0,1.0,718.14,4,1,1,Potential Loyalists,0
51906,0.0,1.0,831.66,4,1,1,Potential Loyalists,0
51907,16.0,1.0,1477.08,1,1,2,Lost / Low Value,0
51908,8.0,7.0,4884.11,1,4,4,At-Risk High-Value,1
51909,4.0,1.0,889.9,2,1,1,Lost / Low Value,0
51910,1.0,3.0,2744.28,4,3,3,Champions,0
51911,2.0,1.0,742.78,3,1,1,Potential Loyalists,0
51912,3.0,1.0,901.84,3,1,1,Potential Loyalists,1
51913,4.0,1.0,895.07,2,1,1,Lost / Low Value,0
51914,4.0,1.0,1642.24,2,1,2,Lost / Low Value,1
51915,9.0,1.0,967.29,1,1,2,Lost / Low Value,0
51916,2.0,1.0,784.19,3,1,1,Potential Loyalists,0
51917,0.0,2.0,1580.04,4,2,2,Loyal Customers,0
51918,1.0,1.0,788.42,4,1,1,Potential Loyalists,0
51919,2.0,1.0,842.93,3,1,1,Potential Loyalists,1
51920,3.0,1.0,730.4,3,1,1,Potential Loyalists,0
51921,4.0,1.0,851.68,2,1,1,Lost / Low Value,0
51922,1.0,1.0,788.81,4,1,1,Potential Loyalists,0
51923,3.0,4.0,2812.04,3,4,3,Champions,0
51924,12.0,4.0,3515.6,1,4,4,At-Risk High-Value,0
51925,3.0,1.0,790.96,3,1,1,Potential Loyalists,0
51926,2.0,1.0,691.46,3,1,1,Potential Loyalists,0
51927,2.0,1.0,760.82,3,1,1,Potential Loyalists,0
51928,7.0,3.0,2350.26,2,3,3,At-Risk High-Value,0
51929,2.0,1.0,907.5,3,1,1,Potential Loyalists,0
51930,9.0,14.0,21891.1,1,4,4,At-Risk High-Value,0
51931,0.0,1.0,638.06,4,1,1,Potential Loyalists,1
51932,0.0,1.0,698.17,4,1,1,Potential Loyalists,0
51933,4.0,1.0,723.2,2,1,1,Lost / Low Value,0
51934,3.0,1.0,1520.14,3,1,2,Potential Loyalists,0
51935,0.0,1.0,677.54,4,1,1,Potential Loyalists,1
51936,3.0,3.0,3579.02,3,3,4,Champions,0
51937,2.0,1.0,842.82,3,1,1,Potential Loyalists,1
51938,0.0,3.0,4414.08,4,3,4,Champions,0
51939,5.0,1.0,837.54,2,1,1,Lost / Low Value,0
51940,7.0,1.0,698.5,2,1,1,Lost / Low Value,0
51941,8.0,13.0,20910.89,1,4,4,At-Risk High-Value,1
51942,2.0,2.0,1375.66,3,2,2,Loyal Customers,0
51943,2.0,1.0,883.41,3,1,1,Potential Loyalists,0
51944,1.0,2.0,1582.02,4,2,2,Loyal Customers,1
51945,4.0,1.0,667.86,2,1,1,Lost / Low Value,0
51946,8.0,6.0,5333.46,1,4,4,At-Risk High-Value,0
51947,0.0,1.0,830.17,4,1,1,Potential Loyalists,0
51948,0.0,1.0,928.24,4,1,1,Potential Loyalists,0
51949,0.0,1.0,675.07,4,1,1,Potential Loyalists,0
51950,8.0,7.0,5557.09,1,4,4,At-Risk High-Value,0
51951,2.0,1.0,895.84,3,1,1,Potential Loyalists,0
51952,3.0,1.0,690.42,3,1,1,Potential Loyalists,0
51953,7.0,7.0,6796.79,2,4,4,At-Risk High-Value,1
51954,3.0,7.0,5836.6,3,4,4,Champions,1
51955,0.0,1.0,1493.74,4,1,2,Potential Loyalists,0
51956,3.0,1.0,1254.44,3,1,2,Potential Loyalists,0
51957,6.0,1.0,1112.16,2,1,2,Lost / Low Value,0
51958,5.0,7.0,5689.91,2,4,4,At-Risk High-Value,0
51959,2.0,1.0,755.54,3,1,1,Potential Loyalists,0
51960,7.0,1.0,680.13,2,1,1,Lost / Low Value,1
51961,0.0,1.0,643.83,4,1,1,Potential Loyalists,0
51962,17.0,4.0,5787.54,1,4,4,At-Risk High-Value,0
51963,3.0,2.0,1752.63,3,2,2,Loyal Customers,0
51964,1.0,1.0,738.32,4,1,1,Potential Loyalists,0
51965,8.0,1.0,772.04,1,1,1,Lost / Low Value,0
51966,1.0,1.0,690.74,4,1,1,Potential Loyalists,0
51967,11.0,4.0,3564.22,1,4,4,At-Risk High-Value,0
51968,3.0,1.0,792.16,3,1,1,Potential Loyalists,0
51969,3.0,1.0,756.86,3,1,1,Potential Loyalists,0
51970,3.0,1.0,1151.37,3,1,2,Potential Loyalists,0
51971,2.0,1.0,1141.86,3,1,2,Potential Loyalists,0
51972,3.0,1.0,834.62,3,1,1,Potential Loyalists,0
51973,0.0,2.0,2620.86,4,2,3,Loyal Customers,0
51974,0.0,1.0,898.37,4,1,1,Potential Loyalists,0
51975,4.0,1.0,821.48,2,1,1,Lost / Low Value,0
51976,2.0,2.0,1625.25,3,2,2,Loyal Customers,0
51977,2.0,1.0,704.99,3,1,1,Potential Loyalists,0
51978,2.0,2.0,1376.65,3,2,2,Loyal Customers,0
51979,3.0,1.0,678.81,3,1,1,Potential Loyalists,0
51980,3.0,1.0,780.67,3,1,1,Potential Loyalists,0
51981,15.0,5.0,5688.38,1,4,4,At-Risk High-Value,0
51982,8.0,7.0,4628.47,1,4,4,At-Risk High-Value,1
51983,2.0,1.0,677.27,3,1,1,Potential Loyalists,0
51984,3.0,1.0,784.08,3,1,1,Potential Loyalists,0
51985,2.0,1.0,746.9,3,1,1,Potential Loyalists,0
51986,4.0,3.0,2171.73,2,3,3,At-Risk High-Value,0
51987,3.0,5.0,4544.1,3,4,4,Champions,0
51988,2.0,1.0,709.44,3,1,1,Potential Loyalists,0
51989,3.0,1.0,837.7,3,1,1,Potential Loyalists,0
51990,2.0,1.0,679.58,3,1,1,Potential Loyalists,0
51991,2.0,1.0,704.0,3,1,1,Potential Loyalists,1
51992,3.0,2.0,2401.96,3,2,3,Loyal Customers,0
51993,8.0,4.0,4598.66,1,4,4,At-Risk High-Value,0
51994,0.0,1.0,713.52,4,1,1,Potential Loyalists,0
51995,8.0,2.0,2670.25,1,2,3,Hibernating Big Spenders,0
51996,2.0,2.0,1711.82,3,2,2,Loyal Customers,0
51997,7.0,7.0,5596.75,2,4,4,At-Risk High-Value,0
51998,9.0,1.0,970.31,1,1,2,Lost / Low Value,0
51999,7.0,14.0,21501.48,2,4,4,At-Risk High-Value,0
52000,4.0,1.0,836.22,2,1,1,Lost / Low Value,0
52001,3.0,1.0,675.24,3,1,1,Potential Loyalists,0
52002,1.0,1.0,703.72,4,1,1,Potential Loyalists,1
52003,3.0,1.0,689.26,3,1,1,Potential Loyalists,0
52004,1.0,7.0,4835.22,4,4,4,Champions,0
52005,2.0,1.0,819.94,3,1,1,Potential Loyalists,0
52006,0.0,1.0,680.9,4,1,1,Potential Loyalists,1
52007,0.0,1.0,812.08,4,1,1,Potential Loyalists,0
52008,2.0,1.0,662.42,3,1,1,Potential Loyalists,1
52009,0.0,1.0,698.12,4,1,1,Potential Loyalists,1
52010,11.0,4.0,3648.92,1,4,4,At-Risk High-Value,0
52011,2.0,1.0,731.17,3,1,1,Potential Loyalists,0
52012,2.0,1.0,779.41,3,1,1,Potential Loyalists,1
52013,0.0,1.0,702.79,4,1,1,Potential Loyalists,1
52014,2.0,2.0,1361.47,3,2,2,Loyal Customers,0
52015,2.0,2.0,1364.44,3,2,2,Loyal Customers,1
52016,0.0,1.0,677.49,4,1,1,Potential Loyalists,0
52017,0.0,1.0,660.44,4,1,1,Potential Loyalists,0
52018,3.0,1.0,893.42,3,1,1,Potential Loyalists,0
52019,2.0,1.0,703.94,3,1,1,Potential Loyalists,0
52020,4.0,1.0,1130.36,2,1,2,Lost / Low Value,0
52021,2.0,5.0,3390.48,3,4,4,Champions,0
52022,7.0,1.0,770.77,2,1,1,Lost / Low Value,0
52023,7.0,1.0,957.16,2,1,2,Lost / Low Value,0
52024,0.0,1.0,674.24,4,1,1,Potential Loyalists,0
52025,0.0,1.0,931.26,4,1,1,Potential Loyalists,0
52026,1.0,1.0,807.29,4,1,1,Potential Loyalists,0
52027,11.0,2.0,2594.02,1,2,3,Hibernating Big Spenders,0
52028,2.0,1.0,678.26,3,1,1,Potential Loyalists,0
52029,0.0,1.0,682.71,4,1,1,Potential Loyalists,1
52030,0.0,1.0,1083.78,4,1,2,Potential Loyalists,0
52031,7.0,1.0,786.17,2,1,1,Lost / Low Value,0
52032,17.0,2.0,1619.31,1,2,2,Lost / Low Value,0
52033,9.0,3.0,2065.63,1,3,3,At-Risk High-Value,0
52034,0.0,1.0,666.66,4,1,1,Potential Loyalists,1
52035,0.0,1.0,713.52,4,1,1,Potential Loyalists,1
52036,5.0,8.0,6976.2,2,4,4,At-Risk High-Value,0
52037,0.0,1.0,748.94,4,1,1,Potential Loyalists,0
52038,3.0,6.0,5519.25,3,4,4,Champions,0
52039,7.0,3.0,3353.62,2,3,4,At-Risk High-Value,1
52040,4.0,1.0,932.2,2,1,2,Lost / Low Value,0
52041,46.0,11.0,12468.45,1,4,4,At-Risk High-Value,1
52042,8.0,1.0,794.58,1,1,1,Lost / Low Value,0
52043,2.0,1.0,668.64,3,1,1,Potential Loyalists,0
52044,0.0,1.0,803.06,4,1,1,Potential Loyalists,0
52045,8.0,7.0,10433.12,1,4,4,At-Risk High-Value,0
52046,0.0,1.0,686.34,4,1,1,Potential Loyalists,1
52047,2.0,2.0,2733.72,3,2,3,Loyal Customers,0
52048,7.0,7.0,6646.64,2,4,4,At-Risk High-Value,0
52049,3.0,1.0,861.63,3,1,1,Potential Loyalists,0
52050,8.0,1.0,980.26,1,1,2,Lost / Low Value,0
52051,7.0,1.0,983.4,2,1,2,Lost / Low Value,0
52052,0.0,2.0,2551.34,4,2,3,Loyal Customers,1
52053,7.0,2.0,1657.37,2,2,2,Lost / Low Value,0
52054,7.0,1.0,829.34,2,1,1,Lost / Low Value,0
52055,2.0,1.0,677.66,3,1,1,Potential Loyalists,1
52056,0.0,6.0,9056.52,4,4,4,Champions,0
52057,0.0,1.0,682.22,4,1,1,Potential Loyalists,1
52058,2.0,1.0,739.86,3,1,1,Potential Loyalists,0
52059,2.0,1.0,674.85,3,1,1,Potential Loyalists,0
52060,3.0,1.0,1506.95,3,1,2,Potential Loyalists,0
52061,2.0,1.0,851.84,3,1,1,Potential Loyalists,0
52062,11.0,1.0,1618.04,1,1,2,Lost / Low Value,0
52063,2.0,2.0,1409.21,3,2,2,Loyal Customers,0
52064,8.0,1.0,749.82,1,1,1,Lost / Low Value,0
52065,7.0,1.0,778.96,2,1,1,Lost / Low Value,0
52066,1.0,1.0,667.26,4,1,1,Potential Loyalists,1
52067,5.0,2.0,2637.03,2,2,3,Hibernating Big Spenders,0
52068,2.0,1.0,697.62,3,1,1,Potential Loyalists,0
52069,7.0,1.0,1146.47,2,1,2,Lost / Low Value,0
52070,2.0,3.0,2372.2,3,3,3,Champions,0
52071,2.0,1.0,755.86,3,1,1,Potential Loyalists,1
52072,3.0,1.0,778.14,3,1,1,Potential Loyalists,0
52073,0.0,1.0,607.81,4,1,1,Potential Loyalists,0
52074,8.0,1.0,1140.64,1,1,2,Lost / Low Value,0
52075,1.0,10.0,11213.4,4,4,4,Champions,0
52076,3.0,1.0,1177.88,3,1,2,Potential Loyalists,0
52077,0.0,1.0,693.0,4,1,1,Potential Loyalists,1
52078,2.0,1.0,683.21,3,1,1,Potential Loyalists,1
52079,3.0,1.0,850.96,3,1,1,Potential Loyalists,0
52080,1.0,1.0,684.8,4,1,1,Potential Loyalists,0
52081,2.0,2.0,1566.4,3,2,2,Loyal Customers,0
52082,3.0,4.0,4619.78,3,4,4,Champions,0
52083,1.0,2.0,1650.33,4,2,2,Loyal Customers,0
52084,3.0,11.0,13758.91,3,4,4,Champions,0
52085,2.0,2.0,1564.97,3,2,2,Loyal Customers,0
52086,2.0,1.0,765.44,3,1,1,Potential Loyalists,0
52087,0.0,1.0,1556.66,4,1,2,Potential Loyalists,0
52088,0.0,1.0,680.9,4,1,1,Potential Loyalists,0
52089,3.0,2.0,2609.86,3,2,3,Loyal Customers,0
52090,0.0,1.0,812.74,4,1,1,Potential Loyalists,1
52091,7.0,6.0,5407.05,2,4,4,At-Risk High-Value,0
52092,10.0,5.0,8242.58,1,4,4,At-Risk High-Value,0
52093,0.0,1.0,927.36,4,1,1,Potential Loyalists,0
52094,2.0,2.0,1646.59,3,2,2,Loyal Customers,1
52095,9.0,6.0,9848.85,1,4,4,At-Risk High-Value,1
52096,11.0,2.0,2565.2,1,2,3,Hibernating Big Spenders,0
52097,13.0,1.0,899.08,1,1,1,Lost / Low Value,0
52098,14.0,15.0,10512.98,1,4,4,At-Risk High-Value,1
52099,8.0,2.0,2296.8,1,2,3,Hibernating Big Spenders,0
52100,2.0,2.0,1357.62,3,2,2,Loyal Customers,0
52101,1.0,1.0,1520.75,4,1,2,Potential Loyalists,0
52102,7.0,7.0,5399.62,2,4,4,At-Risk High-Value,0
52103,9.0,1.0,1084.88,1,1,2,Lost / Low Value,0
52104,3.0,1.0,1204.72,3,1,2,Potential Loyalists,0
52105,4.0,1.0,669.74,2,1,1,Lost / Low Value,0
52106,12.0,6.0,5783.25,1,4,4,At-Risk High-Value,0
52107,0.0,1.0,815.87,4,1,1,Potential Loyalists,1
52108,2.0,1.0,662.31,3,1,1,Potential Loyalists,1
52109,0.0,1.0,672.1,4,1,1,Potential Loyalists,0
52110,0.0,1.0,607.86,4,1,1,Potential Loyalists,0
52111,2.0,2.0,1410.31,3,2,2,Loyal Customers,0
52112,7.0,7.0,11256.24,2,4,4,At-Risk High-Value,0
52113,1.0,1.0,775.88,4,1,1,Potential Loyalists,0
52114,5.0,7.0,7082.46,2,4,4,At-Risk High-Value,0
52115,3.0,1.0,660.38,3,1,1,Potential Loyalists,0
52116,2.0,2.0,3258.97,3,2,4,Loyal Customers,0
52117,0.0,7.0,7964.11,4,4,4,Champions,0
52118,3.0,1.0,711.81,3,1,1,Potential Loyalists,0
52119,8.0,7.0,7260.33,1,4,4,At-Risk High-Value,0
52120,2.0,6.0,8829.48,3,4,4,Champions,0
52121,0.0,1.0,1143.89,4,1,2,Potential Loyalists,0
52122,2.0,1.0,677.76,3,1,1,Potential Loyalists,1
52123,0.0,1.0,627.88,4,1,1,Potential Loyalists,1
52124,7.0,1.0,803.82,2,1,1,Lost / Low Value,0
52125,7.0,2.0,1370.71,2,2,2,Lost / Low Value,1
52126,9.0,1.0,1029.71,1,1,2,Lost / Low Value,1
52127,3.0,1.0,767.53,3,1,1,Potential Loyalists,0
52128,2.0,1.0,1097.64,3,1,2,Potential Loyalists,0
52129,8.0,1.0,735.68,1,1,1,Lost / Low Value,0
52130,9.0,1.0,1035.26,1,1,2,Lost / Low Value,0
52131,1.0,11.0,12294.81,4,4,4,Champions,0
52132,2.0,1.0,804.16,3,1,1,Potential Loyalists,0
52133,3.0,1.0,1153.68,3,1,2,Potential Loyalists,0
52134,7.0,1.0,751.3,2,1,1,Lost / Low Value,0
52135,6.0,3.0,3379.53,2,3,4,At-Risk High-Value,1
52136,2.0,1.0,941.54,3,1,2,Potential Loyalists,0
52137,7.0,4.0,4308.04,2,4,4,At-Risk High-Value,1
52138,8.0,3.0,2393.82,1,3,3,At-Risk High-Value,1
52139,2.0,2.0,1342.77,3,2,2,Loyal Customers,0
52140,4.0,1.0,976.58,2,1,2,Lost / Low Value,0
52141,0.0,1.0,918.17,4,1,1,Potential Loyalists,0
52142,6.0,5.0,3765.02,2,4,4,At-Risk High-Value,1
52143,0.0,1.0,680.74,4,1,1,Potential Loyalists,1
52144,2.0,2.0,1354.43,3,2,2,Loyal Customers,1
52145,7.0,13.0,19780.47,2,4,4,At-Risk High-Value,0
52146,0.0,1.0,692.78,4,1,1,Potential Loyalists,1
52147,0.0,1.0,810.04,4,1,1,Potential Loyalists,1
52148,2.0,1.0,786.61,3,1,1,Potential Loyalists,0
52149,0.0,1.0,713.84,4,1,1,Potential Loyalists,0
52150,1.0,2.0,2957.35,4,2,3,Loyal Customers,0
52151,12.0,4.0,3430.46,1,4,4,At-Risk High-Value,0
52152,0.0,4.0,4497.9,4,4,4,Champions,0
52153,7.0,2.0,2061.4,2,2,3,Hibernating Big Spenders,0
52154,7.0,1.0,688.27,2,1,1,Lost / Low Value,0
52155,7.0,1.0,971.03,2,1,2,Lost / Low Value,0
52156,9.0,4.0,6042.3,1,4,4,At-Risk High-Value,0
52157,0.0,1.0,954.3,4,1,2,Potential Loyalists,0
52158,1.0,1.0,1145.1,4,1,2,Potential Loyalists,0
52159,3.0,11.0,13412.24,3,4,4,Champions,1
52160,9.0,4.0,6517.72,1,4,4,At-Risk High-Value,0
52161,2.0,2.0,1327.7,3,2,2,Loyal Customers,0
52162,3.0,1.0,923.01,3,1,1,Potential Loyalists,0
52163,9.0,1.0,977.84,1,1,2,Lost / Low Value,0
52164,2.0,2.0,1407.01,3,2,2,Loyal Customers,0
52165,4.0,1.0,726.06,2,1,1,Lost / Low Value,0
52166,2.0,1.0,823.24,3,1,1,Potential Loyalists,0
52167,3.0,2.0,2543.2,3,2,3,Loyal Customers,0
52168,2.0,1.0,771.82,3,1,1,Potential Loyalists,0
52169,1.0,1.0,731.0,4,1,1,Potential Loyalists,0
52170,0.0,1.0,784.96,4,1,1,Potential Loyalists,0
52171,2.0,1.0,828.08,3,1,1,Potential Loyalists,0
52172,0.0,5.0,3532.1,4,4,4,Champions,0
52173,2.0,1.0,698.66,3,1,1,Potential Loyalists,0
52174,0.0,1.0,654.72,4,1,1,Potential Loyalists,1
52175,3.0,1.0,1002.32,3,1,2,Potential Loyalists,1
52176,0.0,1.0,812.13,4,1,1,Potential Loyalists,0
52177,2.0,2.0,1387.1,3,2,2,Loyal Customers,1
52178,3.0,1.0,865.2,3,1,1,Potential Loyalists,0
52179,2.0,2.0,1379.29,3,2,2,Loyal Customers,0
52180,3.0,1.0,864.27,3,1,1,Potential Loyalists,0
52181,4.0,1.0,787.76,2,1,1,Lost / Low Value,0
52182,10.0,3.0,2860.44,1,3,3,At-Risk High-Value,1
52183,13.0,2.0,2584.89,1,2,3,Hibernating Big Spenders,0
52184,14.0,2.0,2613.38,1,2,3,Hibernating Big Spenders,1
52185,5.0,1.0,833.53,2,1,1,Lost / Low Value,0
52186,7.0,1.0,674.19,2,1,1,Lost / Low Value,0
52187,2.0,1.0,747.84,3,1,1,Potential Loyalists,0
52188,0.0,1.0,688.32,4,1,1,Potential Loyalists,1
52189,7.0,1.0,793.1,2,1,1,Lost / Low Value,0
52190,4.0,1.0,911.79,2,1,1,Lost / Low Value,0
52191,0.0,1.0,793.21,4,1,1,Potential Loyalists,0
52192,4.0,6.0,6690.42,2,4,4,At-Risk High-Value,0
52193,9.0,4.0,3375.46,1,4,4,At-Risk High-Value,0
52194,2.0,2.0,1361.36,3,2,2,Loyal Customers,0
52195,3.0,1.0,844.03,3,1,1,Potential Loyalists,1
52196,0.0,1.0,705.48,4,1,1,Potential Loyalists,0
52197,2.0,4.0,6587.46,3,4,4,Champions,0
52198,8.0,1.0,722.2,1,1,1,Lost / Low Value,0
52199,0.0,1.0,690.36,4,1,1,Potential Loyalists,0
52200,2.0,1.0,796.24,3,1,1,Potential Loyalists,0
52201,11.0,3.0,2718.21,1,3,3,At-Risk High-Value,0
52202,2.0,1.0,716.82,3,1,1,Potential Loyalists,0
52203,2.0,1.0,711.48,3,1,1,Potential Loyalists,1
52204,7.0,4.0,6293.32,2,4,4,At-Risk High-Value,0
52205,3.0,1.0,669.24,3,1,1,Potential Loyalists,0
52206,0.0,1.0,706.92,4,1,1,Potential Loyalists,1
52207,9.0,15.0,22314.6,1,4,4,At-Risk High-Value,0
52208,0.0,1.0,675.95,4,1,1,Potential Loyalists,0
52209,4.0,1.0,748.0,2,1,1,Lost / Low Value,0
52210,0.0,1.0,665.88,4,1,1,Potential Loyalists,1
52211,3.0,1.0,776.32,3,1,1,Potential Loyalists,0
52212,0.0,1.0,787.98,4,1,1,Potential Loyalists,0
52213,2.0,2.0,3064.16,3,2,3,Loyal Customers,0
52214,3.0,3.0,2177.34,3,3,3,Champions,0
52215,3.0,1.0,1599.46,3,1,2,Potential Loyalists,0
52216,7.0,1.0,1043.13,2,1,2,Lost / Low Value,0
52217,0.0,1.0,671.55,4,1,1,Potential Loyalists,1
52218,1.0,1.0,799.64,4,1,1,Potential Loyalists,0
52219,7.0,1.0,700.76,2,1,1,Lost / Low Value,0
52220,9.0,8.0,5936.04,1,4,4,At-Risk High-Value,0
52221,17.0,13.0,10396.82,1,4,4,At-Risk High-Value,0
52222,2.0,2.0,1394.58,3,2,2,Loyal Customers,0
52223,4.0,1.0,955.84,2,1,2,Lost / Low Value,0
52224,3.0,1.0,894.96,3,1,1,Potential Loyalists,0
52225,9.0,1.0,837.1,1,1,1,Lost / Low Value,0
52226,2.0,2.0,1474.0,3,2,2,Loyal Customers,0
52227,7.0,1.0,824.89,2,1,1,Lost / Low Value,0
52228,7.0,7.0,7797.02,2,4,4,At-Risk High-Value,0
52229,10.0,4.0,2811.82,1,4,3,At-Risk High-Value,0
52230,3.0,1.0,926.86,3,1,1,Potential Loyalists,0
52231,1.0,1.0,822.25,4,1,1,Potential Loyalists,0
52232,7.0,5.0,3734.22,2,4,4,At-Risk High-Value,0
52233,0.0,2.0,2551.01,4,2,3,Loyal Customers,0
52234,12.0,4.0,4482.94,1,4,4,At-Risk High-Value,0
52235,8.0,6.0,4037.55,1,4,4,At-Risk High-Value,0
52236,4.0,1.0,1127.61,2,1,2,Lost / Low Value,0
52237,7.0,7.0,4624.24,2,4,4,At-Risk High-Value,0
52238,0.0,1.0,652.24,4,1,1,Potential Loyalists,1
52239,2.0,1.0,756.8,3,1,1,Potential Loyalists,0
52240,9.0,1.0,1527.84,1,1,2,Lost / Low Value,0
52241,1.0,1.0,925.82,4,1,1,Potential Loyalists,0
52242,8.0,1.0,924.66,1,1,1,Lost / Low Value,0
52243,5.0,1.0,834.41,2,1,1,Lost / Low Value,0
52244,7.0,1.0,1635.7,2,1,2,Lost / Low Value,0
52245,0.0,1.0,1579.1,4,1,2,Potential Loyalists,0
52246,7.0,1.0,753.06,2,1,1,Lost / Low Value,0
52247,0.0,1.0,690.74,4,1,1,Potential Loyalists,0
52248,3.0,1.0,688.44,3,1,1,Potential Loyalists,0
52249,0.0,1.0,914.26,4,1,1,Potential Loyalists,0
52250,0.0,1.0,1554.57,4,1,2,Potential Loyalists,0
52251,7.0,1.0,1436.82,2,1,2,Lost / Low Value,0
52252,0.0,1.0,692.18,4,1,1,Potential Loyalists,0
52253,10.0,3.0,4655.14,1,3,4,At-Risk High-Value,0
52254,8.0,1.0,1010.9,1,1,2,Lost / Low Value,0
52255,1.0,1.0,714.67,4,1,1,Potential Loyalists,0
52256,1.0,1.0,617.26,4,2,1,Loyal Customers,0
52257,0.0,1.0,611.49,4,2,1,Loyal Customers,1
52258,2.0,2.0,1416.25,3,2,2,Loyal Customers,0
52259,11.0,1.0,1585.32,1,2,2,Lost / Low Value,1
52260,0.0,2.0,2593.47,4,2,3,Loyal Customers,0
52261,2.0,2.0,1388.75,3,2,2,Loyal Customers,1
52262,8.0,1.0,1583.4,1,2,2,Lost / Low Value,0
52263,2.0,1.0,799.59,3,2,1,Loyal Customers,0
52264,10.0,11.0,18057.44,1,4,4,At-Risk High-Value,0
52265,4.0,5.0,5640.8,2,4,4,At-Risk High-Value,0
52266,10.0,5.0,3972.1,1,4,4,At-Risk High-Value,0
52267,2.0,1.0,668.47,3,2,1,Loyal Customers,0
52268,13.0,14.0,22476.3,1,4,4,At-Risk High-Value,0
52269,8.0,1.0,796.95,1,2,1,Lost / Low Value,0
52270,2.0,2.0,1485.66,3,2,2,Loyal Customers,0
52271,0.0,1.0,680.46,4,2,1,Loyal Customers,0
52272,17.0,15.0,16690.57,1,4,4,At-Risk High-Value,0
52273,12.0,5.0,4237.75,1,4,4,At-Risk High-Value,0
52274,5.0,1.0,988.79,2,2,2,Lost / Low Value,1
52275,2.0,2.0,1525.37,3,2,2,Loyal Customers,0
52276,7.0,7.0,4942.63,2,4,4,At-Risk High-Value,0
52277,7.0,1.0,808.22,2,2,1,Lost / Low Value,0
52278,7.0,7.0,5135.51,2,4,4,At-Risk High-Value,1
52279,2.0,1.0,664.4,3,2,1,Loyal Customers,0
52280,1.0,2.0,1330.56,4,2,2,Loyal Customers,0
52281,8.0,1.0,891.5,1,2,1,Lost / Low Value,0
52282,0.0,1.0,1543.36,4,2,2,Loyal Customers,0
52283,2.0,15.0,22376.48,3,4,4,Champions,0
52284,2.0,2.0,1360.92,3,2,2,Loyal Customers,0
52285,1.0,1.0,818.56,4,2,1,Loyal Customers,1
52286,3.0,1.0,764.72,3,2,1,Loyal Customers,1
52287,7.0,6.0,4826.91,2,4,4,At-Risk High-Value,0
52288,7.0,1.0,940.17,2,2,2,Lost / Low Value,0
52289,7.0,5.0,3691.32,2,4,4,At-Risk High-Value,0
52290,5.0,7.0,6419.49,2,4,4,At-Risk High-Value,0
52291,2.0,1.0,1478.4,3,2,2,Loyal Customers,0
52292,0.0,1.0,1050.17,4,2,2,Loyal Customers,1
52293,7.0,7.0,7101.71,2,4,4,At-Risk High-Value,1
52294,3.0,1.0,1205.38,3,2,2,Loyal Customers,0
52295,7.0,1.0,799.37,2,2,1,Lost / Low Value,0
52296,6.0,9.0,9826.74,2,4,4,At-Risk High-Value,0
52297,9.0,11.0,9771.36,1,4,4,At-Risk High-Value,0
52298,2.0,2.0,1353.22,3,2,2,Loyal Customers,1
52299,2.0,1.0,679.91,3,2,1,Loyal Customers,1
52300,10.0,2.0,3064.71,1,2,4,Hibernating Big Spenders,0
52301,11.0,9.0,14447.56,1,4,4,At-Risk High-Value,0
52302,7.0,7.0,11441.05,2,4,4,At-Risk High-Value,0
52303,0.0,1.0,744.92,4,2,1,Loyal Customers,0
52304,6.0,1.0,1017.5,2,2,2,Lost / Low Value,0
52305,8.0,8.0,6450.84,1,4,4,At-Risk High-Value,0
52306,7.0,1.0,775.66,2,2,1,Lost / Low Value,0
52307,1.0,1.0,783.7,4,2,1,Loyal Customers,0
52308,10.0,2.0,2642.86,1,2,3,Hibernating Big Spenders,0
52309,7.0,1.0,929.12,2,2,1,Lost / Low Value,0
52310,6.0,9.0,7981.88,2,4,4,At-Risk High-Value,0
52311,2.0,1.0,751.8,3,2,1,Loyal Customers,0
52312,9.0,5.0,5502.2,1,4,4,At-Risk High-Value,1
52313,3.0,1.0,681.29,3,2,1,Loyal Customers,0
52314,13.0,6.0,4830.87,1,4,4,At-Risk High-Value,0
52315,8.0,1.0,984.39,1,2,2,Lost / Low Value,0
52316,0.0,1.0,689.37,4,2,1,Loyal Customers,0
52317,3.0,1.0,1272.81,3,2,2,Loyal Customers,0
52318,0.0,1.0,638.6,4,2,1,Loyal Customers,0
52319,0.0,1.0,844.96,4,2,1,Loyal Customers,0
52320,0.0,1.0,828.91,4,2,1,Loyal Customers,0
52321,8.0,2.0,2606.45,1,2,3,Hibernating Big Spenders,1
52322,9.0,2.0,2574.22,1,2,3,Hibernating Big Spenders,0
52323,0.0,1.0,661.6,4,2,1,Loyal Customers,0
52324,8.0,11.0,9908.09,1,4,4,At-Risk High-Value,0
52325,7.0,7.0,5940.16,2,4,4,At-Risk High-Value,0
52326,0.0,1.0,703.18,4,2,1,Loyal Customers,1
52327,2.0,3.0,2411.31,3,3,3,Champions,1
52328,3.0,1.0,693.55,3,2,1,Loyal Customers,0
52329,11.0,4.0,3671.14,1,4,4,At-Risk High-Value,0
52330,4.0,1.0,809.82,2,2,1,Lost / Low Value,0
52331,7.0,6.0,5339.07,2,4,4,At-Risk High-Value,1
52332,4.0,1.0,886.6,2,2,1,Lost / Low Value,0
52333,2.0,3.0,3398.34,3,3,4,Champions,0
52334,3.0,3.0,2552.05,3,3,3,Champions,0
52335,3.0,1.0,714.78,3,2,1,Loyal Customers,0
52336,2.0,1.0,1099.89,3,2,2,Loyal Customers,0
52337,2.0,1.0,774.29,3,2,1,Loyal Customers,0
52338,3.0,1.0,1150.6,3,2,2,Loyal Customers,0
52339,2.0,1.0,892.76,3,2,1,Loyal Customers,0
52340,2.0,2.0,2557.17,3,2,3,Loyal Customers,0
52341,8.0,1.0,774.46,1,2,1,Lost / Low Value,0
52342,4.0,4.0,3469.18,2,4,4,At-Risk High-Value,0
52343,7.0,7.0,4771.69,2,4,4,At-Risk High-Value,1
52344,1.0,1.0,764.72,4,2,1,Loyal Customers,0
52345,9.0,1.0,1473.95,1,2,2,Lost / Low Value,0
52346,4.0,1.0,712.25,2,2,1,Lost / Low Value,0
52347,2.0,1.0,749.59,3,2,1,Loyal Customers,0
52348,2.0,2.0,2129.82,3,2,3,Loyal Customers,0
52349,2.0,1.0,727.59,3,2,1,Loyal Customers,0
52350,7.0,1.0,746.79,2,2,1,Lost / Low Value,0
52351,9.0,1.0,989.34,1,2,2,Lost / Low Value,0
52352,3.0,1.0,785.62,3,2,1,Loyal Customers,1
52353,7.0,7.0,6757.9,2,4,4,At-Risk High-Value,1
52354,7.0,12.0,18036.48,2,4,4,At-Risk High-Value,0
52355,5.0,1.0,1633.55,2,2,2,Lost / Low Value,0
52356,0.0,2.0,2720.52,4,2,3,Loyal Customers,0
52357,1.0,1.0,1060.29,4,2,2,Loyal Customers,0
52358,0.0,1.0,624.74,4,2,1,Loyal Customers,1
52359,2.0,1.0,812.84,3,2,1,Loyal Customers,0
52360,0.0,1.0,1453.21,4,2,2,Loyal Customers,0
52361,3.0,1.0,714.78,3,2,1,Loyal Customers,0
52362,0.0,1.0,619.36,4,2,1,Loyal Customers,1
52363,4.0,1.0,665.44,2,2,1,Lost / Low Value,0
52364,8.0,1.0,869.55,1,2,1,Lost / Low Value,0
52365,2.0,1.0,860.58,3,2,1,Loyal Customers,0
52366,2.0,1.0,738.1,3,2,1,Loyal Customers,0
52367,2.0,2.0,1584.0,3,2,2,Loyal Customers,1
52368,3.0,1.0,742.5,3,2,1,Loyal Customers,0
52369,0.0,1.0,663.63,4,2,1,Loyal Customers,0
52370,6.0,5.0,7471.48,2,4,4,At-Risk High-Value,0
52371,3.0,1.0,778.91,3,2,1,Loyal Customers,0
52372,3.0,1.0,1056.22,3,2,2,Loyal Customers,0
52373,2.0,1.0,731.17,3,2,1,Loyal Customers,0
52374,3.0,1.0,666.98,3,2,1,Loyal Customers,0
52375,7.0,1.0,768.62,2,2,1,Lost / Low Value,0
52376,9.0,9.0,10292.54,1,4,4,At-Risk High-Value,0
52377,3.0,4.0,4421.12,3,4,4,Champions,1
52378,0.0,1.0,750.53,4,2,1,Loyal Customers,1
52379,7.0,4.0,3838.12,2,4,4,At-Risk High-Value,1
52380,7.0,1.0,1146.8,2,2,2,Lost / Low Value,0
52381,2.0,1.0,666.0,3,2,1,Loyal Customers,0
52382,2.0,2.0,1509.42,3,2,2,Loyal Customers,1
52383,2.0,1.0,1065.9,3,2,2,Loyal Customers,0
52384,2.0,2.0,1703.46,3,2,2,Loyal Customers,0
52385,2.0,2.0,1401.62,3,2,2,Loyal Customers,1
52386,8.0,2.0,2613.27,1,2,3,Hibernating Big Spenders,0
52387,3.0,1.0,1015.46,3,2,2,Loyal Customers,0
52388,3.0,1.0,723.91,3,2,1,Loyal Customers,0
52389,8.0,8.0,11703.12,1,4,4,At-Risk High-Value,0
52390,2.0,1.0,915.8,3,2,1,Loyal Customers,0
52391,2.0,1.0,678.98,3,2,1,Loyal Customers,0
52392,3.0,1.0,738.1,3,2,1,Loyal Customers,0
52393,3.0,1.0,790.52,3,2,1,Loyal Customers,0
52394,12.0,3.0,2435.24,1,3,3,At-Risk High-Value,0
52395,2.0,2.0,1683.11,3,2,2,Loyal Customers,0
52396,8.0,5.0,3760.08,1,4,4,At-Risk High-Value,0
52397,0.0,1.0,812.24,4,2,1,Loyal Customers,0
52398,0.0,1.0,620.07,4,2,1,Loyal Customers,0
52399,8.0,2.0,1639.0,1,2,2,Lost / Low Value,0
52400,7.0,1.0,1125.63,2,2,2,Lost / Low Value,0
52401,9.0,6.0,8912.31,1,4,4,At-Risk High-Value,0
52402,2.0,1.0,710.0,3,2,1,Loyal Customers,1
52403,0.0,1.0,867.08,4,2,1,Loyal Customers,1
52404,10.0,10.0,8029.45,1,4,4,At-Risk High-Value,1
52405,0.0,1.0,682.22,4,2,1,Loyal Customers,0
52406,0.0,1.0,724.46,4,2,1,Loyal Customers,1
52407,0.0,1.0,661.82,4,2,1,Loyal Customers,0
52408,2.0,2.0,2222.99,3,2,3,Loyal Customers,0
52409,4.0,1.0,1024.1,2,2,2,Lost / Low Value,0
52410,3.0,1.0,663.52,3,2,1,Loyal Customers,0
52411,2.0,1.0,771.92,3,2,1,Loyal Customers,0
52412,2.0,1.0,761.09,3,2,1,Loyal Customers,0
52413,2.0,1.0,802.5,3,2,1,Loyal Customers,0
52414,0.0,1.0,690.86,4,2,1,Loyal Customers,1
52415,0.0,1.0,635.96,4,2,1,Loyal Customers,0
52416,3.0,1.0,819.39,3,2,1,Loyal Customers,0
52417,2.0,1.0,813.4,3,2,1,Loyal Customers,0
52418,2.0,1.0,724.9,3,2,1,Loyal Customers,0
52419,7.0,1.0,910.2,2,2,1,Lost / Low Value,0
52420,0.0,1.0,901.34,4,2,1,Loyal Customers,0
52421,3.0,1.0,1168.42,3,2,2,Loyal Customers,0
52422,12.0,2.0,2863.52,1,2,3,Hibernating Big Spenders,0
52423,7.0,1.0,679.91,2,2,1,Lost / Low Value,1
52424,17.0,14.0,20272.56,1,4,4,At-Risk High-Value,0
52425,2.0,2.0,2021.36,3,2,3,Loyal Customers,0
52426,1.0,5.0,7316.65,4,4,4,Champions,0
52427,3.0,3.0,3069.99,3,3,4,Champions,0
52428,2.0,1.0,674.96,3,2,1,Loyal Customers,0
52429,0.0,1.0,660.99,4,2,1,Loyal Customers,1
52430,6.0,8.0,7516.52,2,4,4,At-Risk High-Value,0
52431,7.0,7.0,5422.34,2,4,4,At-Risk High-Value,1
52432,9.0,2.0,2685.21,1,2,3,Hibernating Big Spenders,0
52433,7.0,5.0,3384.7,2,4,4,At-Risk High-Value,0
52434,0.0,1.0,816.26,4,2,1,Loyal Customers,0
52435,7.0,3.0,2357.02,2,3,3,At-Risk High-Value,0
52436,7.0,1.0,1084.32,2,2,2,Lost / Low Value,0
52437,2.0,1.0,787.6,3,2,1,Loyal Customers,0
52438,3.0,1.0,667.26,3,2,1,Loyal Customers,0
52439,9.0,13.0,14388.66,1,4,4,At-Risk High-Value,0
52440,1.0,7.0,5957.1,4,4,4,Champions,0
52441,7.0,5.0,4181.92,2,4,4,At-Risk High-Value,0
52442,7.0,7.0,10178.25,1,4,4,At-Risk High-Value,0
52443,0.0,1.0,676.28,4,2,1,Loyal Customers,0
52444,2.0,2.0,1547.59,3,2,2,Loyal Customers,0
52445,7.0,7.0,6714.78,1,4,4,At-Risk High-Value,0
52446,2.0,4.0,2734.6,3,4,3,Champions,0
52447,5.0,2.0,1746.58,2,2,2,Lost / Low Value,0
52448,2.0,1.0,695.42,3,2,1,Loyal Customers,0
52449,7.0,7.0,6329.02,1,4,4,At-Risk High-Value,0
52450,0.0,1.0,684.8,4,2,1,Loyal Customers,0
52451,2.0,2.0,1803.12,3,2,2,Loyal Customers,0
52452,7.0,6.0,6505.62,1,4,4,At-Risk High-Value,1
52453,2.0,1.0,884.24,3,2,1,Loyal Customers,0
52454,2.0,1.0,684.75,3,2,1,Loyal Customers,0
52455,3.0,1.0,1058.75,3,2,2,Loyal Customers,0
52456,0.0,1.0,664.07,4,2,1,Loyal Customers,1
52457,9.0,1.0,1109.3,1,2,2,Lost / Low Value,1
52458,4.0,1.0,817.03,2,2,1,Lost / Low Value,1
52459,2.0,1.0,774.79,3,2,1,Loyal Customers,0
52460,6.0,7.0,4761.3,2,4,4,At-Risk High-Value,0
52461,0.0,1.0,713.46,4,2,1,Loyal Customers,0
52462,13.0,2.0,3254.46,1,2,4,Hibernating Big Spenders,0
52463,1.0,2.0,1703.24,4,2,2,Loyal Customers,0
52464,0.0,1.0,663.36,4,2,1,Loyal Customers,0
52465,7.0,7.0,7670.74,1,4,4,At-Risk High-Value,0
52466,2.0,1.0,780.89,3,2,1,Loyal Customers,0
52467,0.0,1.0,924.82,4,2,1,Loyal Customers,0
52468,5.0,1.0,809.76,2,2,1,Lost / Low Value,0
52469,4.0,1.0,887.81,2,2,1,Lost / Low Value,0
52470,6.0,7.0,7021.25,2,4,4,At-Risk High-Value,0
52471,3.0,1.0,1036.92,3,2,2,Loyal Customers,0
52472,0.0,1.0,1613.2,4,2,2,Loyal Customers,0
52473,2.0,2.0,1328.03,3,2,2,Loyal Customers,0
52474,2.0,1.0,855.91,3,2,1,Loyal Customers,0
52475,1.0,1.0,1628.72,4,2,2,Loyal Customers,0
52476,8.0,6.0,4424.31,1,4,4,At-Risk High-Value,0
52477,7.0,7.0,5799.25,1,4,4,At-Risk High-Value,0
52478,2.0,1.0,805.14,3,2,1,Loyal Customers,0
52479,2.0,1.0,818.18,3,2,1,Loyal Customers,0
52480,1.0,1.0,697.95,4,2,1,Loyal Customers,0
52481,12.0,1.0,1516.19,1,2,2,Lost / Low Value,0
52482,0.0,1.0,682.44,4,2,1,Loyal Customers,1
52483,3.0,1.0,704.77,3,2,1,Loyal Customers,0
52484,3.0,12.0,14021.7,3,4,4,Champions,0
52485,2.0,1.0,732.16,3,2,1,Loyal Customers,0
52486,10.0,1.0,1597.7,1,2,2,Lost / Low Value,0
52487,1.0,1.0,667.76,4,2,1,Loyal Customers,0
52488,4.0,1.0,867.3,2,2,1,Lost / Low Value,0
52489,5.0,4.0,3164.7,2,4,4,At-Risk High-Value,0
52490,3.0,1.0,843.26,3,2,1,Loyal Customers,0
52491,1.0,1.0,806.46,4,2,1,Loyal Customers,0
52492,2.0,7.0,5668.74,3,4,4,Champions,0
52493,4.0,1.0,726.6,2,2,1,Lost / Low Value,0
52494,7.0,7.0,5920.14,1,4,4,At-Risk High-Value,0
52495,7.0,1.0,773.63,1,2,1,Lost / Low Value,0
52496,10.0,1.0,836.44,1,2,1,Lost / Low Value,0
52497,0.0,1.0,818.24,4,2,1,Loyal Customers,0
52498,2.0,2.0,1442.87,3,2,2,Loyal Customers,0
52499,0.0,1.0,636.29,4,2,1,Loyal Customers,1
52500,0.0,1.0,1631.19,4,2,2,Loyal Customers,0
52501,7.0,1.0,718.8,1,2,1,Lost / Low Value,0
52502,12.0,14.0,15734.95,1,4,4,At-Risk High-Value,0
52503,9.0,2.0,1556.28,1,2,2,Lost / Low Value,0
52504,2.0,1.0,867.24,3,2,1,Loyal Customers,0
52505,8.0,3.0,2481.93,1,3,3,At-Risk High-Value,0
52506,9.0,3.0,2602.05,1,3,3,At-Risk High-Value,0
52507,2.0,1.0,976.58,3,2,2,Loyal Customers,0
52508,0.0,6.0,6700.98,4,4,4,Champions,1
52509,7.0,7.0,5365.36,1,4,4,At-Risk High-Value,0
52510,3.0,3.0,2960.92,3,3,3,Champions,0
52511,2.0,1.0,865.86,3,2,1,Loyal Customers,0
52512,2.0,2.0,2772.22,3,2,3,Loyal Customers,0
52513,2.0,2.0,1698.4,3,2,2,Loyal Customers,1
52514,3.0,1.0,756.8,3,2,1,Loyal Customers,0
52515,2.0,1.0,743.44,3,2,1,Loyal Customers,0
52516,2.0,1.0,691.9,3,2,1,Loyal Customers,0
52517,3.0,1.0,669.13,3,2,1,Loyal Customers,1
52518,4.0,1.0,872.8,2,2,1,Lost / Low Value,0
52519,2.0,1.0,990.44,3,2,2,Loyal Customers,0
52520,7.0,1.0,836.33,1,2,1,Lost / Low Value,0
52521,0.0,1.0,841.22,4,2,1,Loyal Customers,0
52522,2.0,1.0,1452.72,3,2,2,Loyal Customers,0
52523,11.0,2.0,2559.59,1,2,3,Hibernating Big Spenders,0
52524,2.0,2.0,1406.13,3,2,2,Loyal Customers,0
52525,9.0,7.0,5941.7,1,4,4,At-Risk High-Value,0
52526,3.0,1.0,660.71,3,2,1,Loyal Customers,0
52527,12.0,2.0,2636.26,1,2,3,Hibernating Big Spenders,0
52528,2.0,1.0,790.57,3,2,1,Loyal Customers,0
52529,4.0,1.0,926.31,2,2,1,Lost / Low Value,0
52530,7.0,4.0,6033.72,1,4,4,At-Risk High-Value,0
52531,11.0,6.0,9108.99,1,4,4,At-Risk High-Value,0
52532,7.0,6.0,4811.73,1,4,4,At-Risk High-Value,1
52533,9.0,2.0,1620.85,1,2,2,Lost / Low Value,0
52534,9.0,1.0,780.29,1,2,1,Lost / Low Value,0
52535,4.0,1.0,852.78,2,2,1,Lost / Low Value,0
52536,6.0,1.0,850.85,2,2,1,Lost / Low Value,0
52537,2.0,1.0,851.18,3,2,1,Loyal Customers,0
52538,2.0,2.0,1384.57,3,2,2,Loyal Customers,0
52539,3.0,3.0,2052.6,3,3,3,Champions,0
52540,2.0,2.0,2856.92,3,2,3,Loyal Customers,0
52541,0.0,2.0,2791.69,4,2,3,Loyal Customers,0
52542,2.0,1.0,939.51,3,2,2,Loyal Customers,0
52543,2.0,1.0,700.04,3,2,1,Loyal Customers,0
52544,2.0,1.0,845.24,3,2,1,Loyal Customers,0
52545,2.0,1.0,844.08,3,2,1,Loyal Customers,0
52546,2.0,2.0,1451.45,3,2,2,Loyal Customers,0
52547,2.0,1.0,769.4,3,2,1,Loyal Customers,1
52548,0.0,1.0,731.83,4,2,1,Loyal Customers,0
52549,2.0,1.0,935.28,3,2,2,Loyal Customers,0
52550,7.0,7.0,4872.18,1,4,4,At-Risk High-Value,1
52551,0.0,1.0,626.62,4,2,1,Loyal Customers,1
52552,7.0,5.0,3456.75,1,4,4,At-Risk High-Value,0
52553,2.0,1.0,744.54,3,2,1,Loyal Customers,0
52554,13.0,4.0,3076.92,1,4,4,At-Risk High-Value,0
52555,0.0,1.0,1148.56,4,2,2,Loyal Customers,0
52556,13.0,2.0,1323.08,1,2,2,Lost / Low Value,0
52557,3.0,1.0,1073.88,3,2,2,Loyal Customers,0
52558,7.0,8.0,5688.76,1,4,4,At-Risk High-Value,0
52559,2.0,1.0,675.12,3,2,1,Loyal Customers,1
52560,7.0,6.0,5900.07,1,4,4,At-Risk High-Value,0
52561,4.0,1.0,821.15,2,2,1,Lost / Low Value,0
52562,8.0,8.0,7852.68,1,4,4,At-Risk High-Value,0
52563,4.0,1.0,792.06,2,2,1,Lost / Low Value,0
52564,7.0,8.0,8466.04,1,4,4,At-Risk High-Value,0
52565,2.0,1.0,713.57,3,2,1,Loyal Customers,0
52566,7.0,6.0,4785.66,1,4,4,At-Risk High-Value,0
52567,4.0,14.0,15975.96,2,4,4,At-Risk High-Value,0
52568,0.0,1.0,635.52,4,2,1,Loyal Customers,1
52569,3.0,14.0,17660.72,3,4,4,Champions,1
52570,2.0,1.0,676.78,3,2,1,Loyal Customers,0
52571,6.0,8.0,11749.76,2,4,4,At-Risk High-Value,0
52572,3.0,1.0,738.82,3,2,1,Loyal Customers,0
52573,3.0,1.0,741.24,3,2,1,Loyal Customers,0
52574,2.0,1.0,903.65,3,2,1,Loyal Customers,0
52575,0.0,1.0,908.38,4,2,1,Loyal Customers,0
52576,2.0,1.0,764.88,3,2,1,Loyal Customers,0
52577,9.0,1.0,855.91,1,2,1,Lost / Low Value,0
52578,7.0,1.0,928.56,1,2,1,Lost / Low Value,0
52579,8.0,1.0,707.41,1,2,1,Lost / Low Value,0
52580,0.0,1.0,823.79,4,2,1,Loyal Customers,0
52581,3.0,1.0,1120.24,3,2,2,Loyal Customers,0
52582,2.0,2.0,1774.74,3,2,2,Loyal Customers,1
52583,0.0,1.0,920.42,4,2,1,Loyal Customers,1
52584,2.0,1.0,731.22,3,2,1,Loyal Customers,0
52585,4.0,1.0,838.09,2,2,1,Lost / Low Value,0
52586,8.0,5.0,4529.8,1,4,4,At-Risk High-Value,0
52587,2.0,1.0,1078.55,3,2,2,Loyal Customers,0
52588,8.0,12.0,19689.78,1,4,4,At-Risk High-Value,0
52589,3.0,1.0,1086.58,3,2,2,Loyal Customers,0
52590,7.0,1.0,823.24,1,2,1,Lost / Low Value,0
52591,1.0,2.0,1335.95,4,2,2,Loyal Customers,0
52592,2.0,1.0,669.9,3,2,1,Loyal Customers,1
52593,2.0,1.0,1009.03,3,2,2,Loyal Customers,0
52594,4.0,1.0,739.47,2,2,1,Lost / Low Value,0
52595,2.0,2.0,1403.6,3,2,2,Loyal Customers,1
52596,2.0,1.0,896.17,3,2,1,Loyal Customers,0
52597,7.0,1.0,942.7,1,2,2,Lost / Low Value,0
52598,2.0,1.0,711.26,3,2,1,Loyal Customers,0
52599,7.0,1.0,833.08,1,2,1,Lost / Low Value,0
52600,4.0,1.0,797.88,2,2,1,Lost / Low Value,0
52601,0.0,1.0,1021.02,4,2,2,Loyal Customers,1
52602,5.0,1.0,685.74,2,2,1,Lost / Low Value,0
52603,0.0,1.0,998.86,4,2,2,Loyal Customers,1
52604,0.0,1.0,666.0,4,2,1,Loyal Customers,0
52605,7.0,1.0,841.17,1,2,1,Lost / Low Value,0
52606,7.0,1.0,699.49,1,2,1,Lost / Low Value,0
52607,0.0,1.0,869.6,4,2,1,Loyal Customers,0
52608,0.0,1.0,684.04,4,2,1,Loyal Customers,1
52609,4.0,1.0,702.13,2,2,1,Lost / Low Value,0
52610,0.0,1.0,1597.09,4,2,2,Loyal Customers,0
52611,7.0,1.0,718.03,1,2,1,Lost / Low Value,0
52612,4.0,1.0,675.9,2,2,1,Lost / Low Value,0
52613,7.0,1.0,770.06,1,2,1,Lost / Low Value,0
52614,3.0,1.0,1263.08,3,2,2,Loyal Customers,0
52615,8.0,1.0,744.64,1,2,1,Lost / Low Value,0
52616,2.0,2.0,1763.19,3,2,2,Loyal Customers,0
52617,0.0,1.0,697.34,4,2,1,Loyal Customers,1
52618,4.0,1.0,753.61,2,2,1,Lost / Low Value,0
52619,0.0,1.0,681.89,4,2,1,Loyal Customers,1
52620,7.0,5.0,4253.7,1,4,4,At-Risk High-Value,0
52621,3.0,2.0,2542.76,3,2,3,Loyal Customers,0
52622,3.0,1.0,780.4,3,2,1,Loyal Customers,0
52623,2.0,2.0,3226.08,3,2,4,Loyal Customers,0
52624,7.0,5.0,5038.28,1,4,4,At-Risk High-Value,0
52625,3.0,2.0,1357.62,3,2,2,Loyal Customers,1
52626,7.0,4.0,3095.62,1,4,4,At-Risk High-Value,0
52627,7.0,7.0,6088.0,1,4,4,At-Risk High-Value,1
52628,6.0,7.0,5060.06,2,4,4,At-Risk High-Value,0
52629,3.0,1.0,662.42,3,2,1,Loyal Customers,0
52630,2.0,2.0,2581.04,3,2,3,Loyal Customers,0
52631,2.0,2.0,1979.01,3,2,3,Loyal Customers,0
52632,2.0,1.0,735.74,3,2,1,Loyal Customers,0
52633,0.0,1.0,854.59,4,2,1,Loyal Customers,0
52634,7.0,1.0,866.91,1,2,1,Lost / Low Value,0
52635,8.0,3.0,2077.68,1,3,3,At-Risk High-Value,0
52636,7.0,1.0,844.03,1,2,1,Lost / Low Value,1
52637,8.0,1.0,781.71,1,2,1,Lost / Low Value,1
52638,2.0,2.0,1553.97,3,2,2,Loyal Customers,0
52639,2.0,1.0,684.09,3,2,1,Loyal Customers,0
52640,2.0,1.0,927.85,3,2,1,Loyal Customers,0
52641,5.0,13.0,14619.6,2,4,4,At-Risk High-Value,0
52642,2.0,1.0,1081.68,3,2,2,Loyal Customers,0
52643,4.0,1.0,668.14,2,2,1,Lost / Low Value,1
52644,7.0,3.0,3122.79,1,3,4,At-Risk High-Value,1
52645,3.0,1.0,908.21,3,2,1,Loyal Customers,0
52646,8.0,4.0,3695.78,1,4,4,At-Risk High-Value,0
52647,14.0,14.0,20244.07,1,4,4,At-Risk High-Value,0
52648,3.0,1.0,698.78,3,2,1,Loyal Customers,0
52649,10.0,14.0,15656.41,1,4,4,At-Risk High-Value,0
52650,7.0,7.0,5562.48,1,4,4,At-Risk High-Value,0
52651,7.0,1.0,926.97,1,2,1,Lost / Low Value,0
52652,2.0,2.0,2160.07,3,2,3,Loyal Customers,0
52653,2.0,1.0,747.5,3,2,1,Loyal Customers,0
52654,3.0,1.0,847.28,3,2,1,Loyal Customers,0
52655,2.0,1.0,807.62,3,2,1,Loyal Customers,0
52656,2.0,2.0,2836.57,3,2,3,Loyal Customers,0
52657,0.0,1.0,633.27,4,2,1,Loyal Customers,0
52658,0.0,1.0,712.58,4,2,1,Loyal Customers,1
52659,0.0,2.0,1356.85,4,2,2,Loyal Customers,1
52660,7.0,5.0,4167.35,1,4,4,At-Risk High-Value,0
52661,0.0,1.0,932.91,4,2,2,Loyal Customers,0
52662,7.0,7.0,6034.88,1,4,4,At-Risk High-Value,0
52663,2.0,1.0,680.84,3,2,1,Loyal Customers,0
52664,10.0,3.0,2278.98,1,3,3,At-Risk High-Value,0
52665,0.0,1.0,805.64,4,2,1,Loyal Customers,0
52666,3.0,3.0,2134.44,3,3,3,Champions,0
52667,0.0,2.0,1331.55,4,2,2,Loyal Customers,0
52668,7.0,4.0,4087.16,1,4,4,At-Risk High-Value,0
52669,2.0,2.0,1397.66,3,2,2,Loyal Customers,0
52670,6.0,1.0,901.12,2,2,1,Lost / Low Value,0
52671,0.0,1.0,768.24,4,2,1,Loyal Customers,0
52672,2.0,2.0,2189.77,3,2,3,Loyal Customers,1
52673,8.0,2.0,2554.75,1,2,3,Hibernating Big Spenders,0
52674,8.0,5.0,3723.5,1,4,4,At-Risk High-Value,0
52675,0.0,1.0,704.22,4,2,1,Loyal Customers,0
52676,14.0,6.0,9699.36,1,4,4,At-Risk High-Value,0
52677,9.0,12.0,19578.9,1,4,4,At-Risk High-Value,0
52678,0.0,1.0,684.14,4,2,1,Loyal Customers,1
52679,7.0,1.0,952.27,1,2,2,Lost / Low Value,1
52680,3.0,7.0,5687.99,3,4,4,Champions,0
52681,2.0,2.0,1529.22,3,2,2,Loyal Customers,0
52682,4.0,1.0,696.41,2,2,1,Lost / Low Value,0
52683,0.0,1.0,707.08,4,2,1,Loyal Customers,0
52684,0.0,1.0,609.46,4,2,1,Loyal Customers,1
52685,0.0,1.0,685.96,4,2,1,Loyal Customers,1
52686,7.0,1.0,862.02,1,2,1,Lost / Low Value,0
52687,2.0,1.0,780.84,3,2,1,Loyal Customers,0
52688,0.0,1.0,1084.21,4,2,2,Loyal Customers,0
52689,2.0,1.0,663.41,3,2,1,Loyal Customers,0
52690,4.0,1.0,785.62,2,2,1,Lost / Low Value,0
52691,2.0,1.0,813.34,3,2,1,Loyal Customers,0
52692,8.0,3.0,2624.49,1,3,3,At-Risk High-Value,0
52693,8.0,1.0,763.73,1,2,1,Lost / Low Value,0
52694,16.0,11.0,16227.92,1,4,4,At-Risk High-Value,0
52695,0.0,1.0,711.32,4,2,1,Loyal Customers,0
52696,7.0,1.0,907.5,1,2,1,Lost / Low Value,0
52697,7.0,4.0,5978.28,1,4,4,At-Risk High-Value,0
52698,2.0,2.0,1653.63,3,2,2,Loyal Customers,0
52699,0.0,3.0,2030.66,4,3,3,Champions,1
52700,0.0,1.0,692.29,4,2,1,Loyal Customers,1
52701,3.0,1.0,852.88,3,2,1,Loyal Customers,0
52702,4.0,1.0,791.62,2,2,1,Lost / Low Value,0
52703,7.0,2.0,2568.28,1,2,3,Hibernating Big Spenders,0
52704,4.0,1.0,912.06,2,2,1,Lost / Low Value,0
52705,1.0,1.0,995.66,4,2,2,Loyal Customers,0
52706,2.0,2.0,1537.58,3,2,2,Loyal Customers,0
52707,7.0,7.0,4829.44,1,4,4,At-Risk High-Value,0
52708,3.0,1.0,846.94,3,2,1,Loyal Customers,0
52709,9.0,1.0,851.79,1,2,1,Lost / Low Value,0
52710,7.0,1.0,925.87,1,2,1,Lost / Low Value,0
52711,0.0,1.0,610.0,4,2,1,Loyal Customers,1
52712,2.0,1.0,865.48,3,2,1,Loyal Customers,0
52713,2.0,1.0,672.43,3,2,1,Loyal Customers,0
52714,11.0,6.0,5196.51,1,4,4,At-Risk High-Value,0
52715,2.0,2.0,2183.94,3,2,3,Loyal Customers,1
52716,7.0,1.0,850.68,1,2,1,Lost / Low Value,0
52717,0.0,1.0,845.9,4,2,1,Loyal Customers,0
52718,9.0,7.0,5833.13,1,4,4,At-Risk High-Value,0
52719,7.0,1.0,667.32,1,2,1,Lost / Low Value,0
52720,0.0,1.0,1533.12,4,2,2,Loyal Customers,0
52721,3.0,1.0,683.76,3,2,1,Loyal Customers,1
52722,3.0,1.0,812.41,3,2,1,Loyal Customers,0
52723,3.0,4.0,6415.42,3,4,4,Champions,0
52724,0.0,1.0,829.79,4,2,1,Loyal Customers,0
52725,0.0,1.0,707.46,4,2,1,Loyal Customers,1
52726,4.0,1.0,855.86,2,2,1,Lost / Low Value,0
52727,4.0,1.0,667.92,2,2,1,Lost / Low Value,0
52728,3.0,2.0,1437.15,3,2,2,Loyal Customers,0
52729,2.0,1.0,704.55,3,2,1,Loyal Customers,0
52730,1.0,2.0,2187.68,4,2,3,Loyal Customers,0
52731,1.0,1.0,1024.54,4,2,2,Loyal Customers,0
52732,6.0,7.0,4953.8,2,4,4,At-Risk High-Value,0
52733,2.0,1.0,845.52,3,2,1,Loyal Customers,0
52734,2.0,1.0,916.68,3,2,1,Loyal Customers,0
52735,7.0,8.0,6601.32,1,4,4,At-Risk High-Value,0
52736,3.0,1.0,680.18,3,2,1,Loyal Customers,1
52737,0.0,1.0,707.19,4,2,1,Loyal Customers,0
52738,9.0,1.0,836.22,1,2,1,Lost / Low Value,0
52739,7.0,1.0,775.78,1,2,1,Lost / Low Value,0
52740,0.0,1.0,1082.34,4,2,2,Loyal Customers,0
52741,8.0,1.0,858.94,1,2,1,Lost / Low Value,1
52742,2.0,2.0,2249.28,3,2,3,Loyal Customers,1
52743,3.0,2.0,1418.67,3,2,2,Loyal Customers,0
52744,8.0,2.0,1756.48,1,2,2,Lost / Low Value,0
52745,9.0,1.0,963.05,1,2,2,Lost / Low Value,0
52746,2.0,1.0,714.5,3,2,1,Loyal Customers,0
52747,4.0,1.0,1629.98,2,2,2,Lost / Low Value,0
52748,0.0,1.0,612.1,4,2,1,Loyal Customers,0
52749,10.0,2.0,2567.51,1,2,3,Hibernating Big Spenders,0
52750,7.0,3.0,2364.78,1,3,3,At-Risk High-Value,0
52751,3.0,4.0,4626.82,3,4,4,Champions,0
52752,4.0,1.0,794.2,2,2,1,Lost / Low Value,0
52753,2.0,1.0,803.94,3,2,1,Loyal Customers,0
52754,4.0,1.0,695.58,2,2,1,Lost / Low Value,0
52755,4.0,9.0,8079.88,2,4,4,At-Risk High-Value,0
52756,10.0,5.0,4311.18,1,4,4,At-Risk High-Value,0
52757,2.0,1.0,670.29,3,2,1,Loyal Customers,0
52758,7.0,1.0,756.14,1,2,1,Lost / Low Value,0
52759,2.0,1.0,768.74,3,2,1,Loyal Customers,0
52760,11.0,12.0,12297.78,1,4,4,At-Risk High-Value,0
52761,0.0,1.0,660.44,4,2,1,Loyal Customers,0
52762,8.0,5.0,3971.0,1,4,4,At-Risk High-Value,0
52763,2.0,1.0,718.68,3,2,1,Loyal Customers,0
52764,7.0,7.0,5898.59,1,4,4,At-Risk High-Value,0
52765,2.0,1.0,847.55,3,2,1,Loyal Customers,0
52766,0.0,1.0,703.01,4,2,1,Loyal Customers,0
52767,3.0,5.0,6038.18,3,4,4,Champions,0
52768,2.0,2.0,1392.6,3,2,2,Loyal Customers,0
52769,2.0,1.0,735.62,3,2,1,Loyal Customers,0
52770,8.0,1.0,830.39,1,2,1,Lost / Low Value,0
52771,1.0,8.0,6546.32,4,4,4,Champions,0
52772,1.0,4.0,2824.14,4,4,3,Champions,0
52773,0.0,1.0,682.33,4,2,1,Loyal Customers,0
52774,2.0,2.0,1349.59,3,2,2,Loyal Customers,0
52775,7.0,1.0,775.94,1,2,1,Lost / Low Value,0
52776,11.0,2.0,2552.66,1,2,3,Hibernating Big Spenders,0
52777,7.0,5.0,5616.05,1,4,4,At-Risk High-Value,0
52778,8.0,2.0,2611.84,1,2,3,Hibernating Big Spenders,0
52779,4.0,1.0,819.88,2,2,1,Lost / Low Value,0
52780,0.0,1.0,741.51,4,2,1,Loyal Customers,0
52781,2.0,1.0,683.98,3,2,1,Loyal Customers,0
52782,2.0,1.0,680.9,3,2,1,Loyal Customers,0
52783,3.0,1.0,1618.7,3,2,2,Loyal Customers,0
52784,0.0,1.0,648.45,4,2,1,Loyal Customers,1
52785,4.0,3.0,2911.26,2,3,3,At-Risk High-Value,0
52786,2.0,1.0,832.2,3,2,1,Loyal Customers,0
52787,9.0,1.0,896.83,1,2,1,Lost / Low Value,0
52788,2.0,2.0,1626.57,3,2,2,Loyal Customers,1
52789,14.0,4.0,6353.6,1,4,4,At-Risk High-Value,0
52790,8.0,9.0,6107.8,1,4,4,At-Risk High-Value,1
52791,10.0,2.0,2592.7,1,2,3,Hibernating Big Spenders,0
52792,7.0,1.0,919.16,1,2,1,Lost / Low Value,0
52793,11.0,11.0,9320.63,1,4,4,At-Risk High-Value,0
52794,4.0,1.0,1041.59,2,2,2,Lost / Low Value,0
52795,2.0,1.0,684.14,3,2,1,Loyal Customers,0
52796,7.0,1.0,1036.04,1,2,2,Lost / Low Value,0
52797,9.0,1.0,843.86,1,2,1,Lost / Low Value,0
52798,1.0,1.0,920.04,4,2,1,Loyal Customers,1
52799,0.0,1.0,915.86,4,2,1,Loyal Customers,0
52800,1.0,1.0,816.75,4,2,1,Loyal Customers,0
52801,2.0,2.0,1408.99,3,2,2,Loyal Customers,0
52802,2.0,1.0,862.9,3,2,1,Loyal Customers,0
52803,2.0,1.0,660.06,3,2,1,Loyal Customers,0
52804,1.0,1.0,713.74,4,2,1,Loyal Customers,0
52805,3.0,1.0,771.38,3,2,1,Loyal Customers,0
52806,4.0,1.0,758.18,2,2,1,Lost / Low Value,0
52807,0.0,2.0,2293.94,4,2,3,Loyal Customers,1
52808,3.0,9.0,10905.34,3,4,4,Champions,0
52809,7.0,1.0,1096.48,1,2,2,Lost / Low Value,0
52810,0.0,1.0,713.13,4,2,1,Loyal Customers,0
52811,3.0,1.0,691.4,3,2,1,Loyal Customers,0
52812,7.0,1.0,1099.5,1,2,2,Lost / Low Value,0
52813,3.0,1.0,887.81,3,2,1,Loyal Customers,0
52814,8.0,1.0,846.45,1,2,1,Lost / Low Value,0
52815,2.0,1.0,792.22,3,2,1,Loyal Customers,0
52816,6.0,2.0,2034.23,2,2,3,Hibernating Big Spenders,1
52817,1.0,2.0,1604.9,4,2,2,Loyal Customers,1
52818,4.0,2.0,1598.08,2,2,2,Lost / Low Value,1
52819,4.0,2.0,1749.77,2,2,2,Lost / Low Value,1
52820,4.0,2.0,1700.6,2,2,2,Lost / Low Value,1
52821,8.0,7.0,6321.32,1,4,4,At-Risk High-Value,1
52822,1.0,2.0,1604.46,4,2,2,Loyal Customers,1
52823,1.0,3.0,2440.85,4,3,3,Champions,1
52824,3.0,2.0,1670.13,3,2,2,Loyal Customers,1
52825,2.0,2.0,1627.23,3,2,2,Loyal Customers,1
52826,9.0,16.0,28199.6,1,4,4,At-Risk High-Value,1
52827,1.0,2.0,1966.91,4,2,3,Loyal Customers,1
52828,3.0,3.0,2630.26,3,3,3,Champions,1
52829,1.0,2.0,1747.68,4,2,2,Loyal Customers,1
52830,3.0,5.0,6082.72,3,4,4,Champions,1
52831,3.0,2.0,1603.03,3,2,2,Loyal Customers,1
52832,1.0,2.0,1696.86,4,2,2,Loyal Customers,1
52833,4.0,2.0,2006.84,2,2,3,Hibernating Big Spenders,1
52834,7.0,2.0,2043.14,1,2,3,Hibernating Big Spenders,1
52835,4.0,5.0,4802.32,2,4,4,At-Risk High-Value,1
52836,8.0,8.0,8215.68,1,4,4,At-Risk High-Value,1
52837,3.0,16.0,20074.56,3,4,4,Champions,1
52838,1.0,2.0,1559.25,4,2,2,Loyal Customers,1
52839,3.0,3.0,2814.74,3,3,3,Champions,1
52840,4.0,2.0,2546.5,2,2,3,Hibernating Big Spenders,1
52841,5.0,2.0,1837.0,2,2,2,Lost / Low Value,1
52842,7.0,2.0,2177.45,1,2,3,Hibernating Big Spenders,0
52843,6.0,5.0,4071.65,2,4,4,At-Risk High-Value,0
52844,16.0,2.0,1633.28,1,2,2,Lost / Low Value,0
52845,3.0,4.0,4729.56,3,4,4,Champions,0
52846,10.0,2.0,1850.09,1,2,3,Hibernating Big Spenders,0
52847,1.0,2.0,2049.52,4,2,3,Loyal Customers,0
52848,1.0,2.0,1743.06,4,2,2,Loyal Customers,0
52849,12.0,2.0,2569.05,1,2,3,Hibernating Big Spenders,0
52850,3.0,2.0,1620.41,3,2,2,Loyal Customers,0
52851,3.0,3.0,2445.8,3,3,3,Champions,0
52852,3.0,3.0,2396.46,3,3,3,Champions,0
52853,3.0,2.0,1673.43,3,2,2,Loyal Customers,0
52854,3.0,2.0,2413.29,3,2,3,Loyal Customers,0
52855,2.0,2.0,1657.26,3,2,2,Loyal Customers,0
52856,5.0,5.0,8917.15,2,4,4,At-Risk High-Value,0
52857,9.0,2.0,1644.61,1,2,2,Lost / Low Value,0
52858,3.0,8.0,9644.36,3,4,4,Champions,0
52859,3.0,2.0,2330.46,3,2,3,Loyal Customers,0
52860,5.0,2.0,1709.18,2,2,2,Lost / Low Value,0
52861,2.0,2.0,1711.38,3,2,2,Loyal Customers,0
52862,1.0,2.0,1630.75,4,2,2,Loyal Customers,1
52863,3.0,8.0,6418.72,3,4,4,Champions,0
52864,11.0,7.0,5995.22,1,4,4,At-Risk High-Value,0
52865,4.0,2.0,1925.66,2,2,3,Hibernating Big Spenders,0
52866,3.0,3.0,2764.9,3,3,3,Champions,0
52867,3.0,2.0,1650.0,3,2,2,Loyal Customers,0
52868,1.0,2.0,1496.22,4,2,2,Loyal Customers,1
52869,3.0,16.0,20198.64,3,4,4,Champions,0
52870,2.0,3.0,2440.02,3,3,3,Champions,0
52871,3.0,2.0,1807.19,3,2,2,Loyal Customers,0
52872,3.0,2.0,1629.21,3,2,2,Loyal Customers,0
52873,3.0,2.0,1720.4,3,2,2,Loyal Customers,1
52874,3.0,2.0,1780.9,3,2,2,Loyal Customers,0
52875,4.0,2.0,1864.5,2,2,3,Hibernating Big Spenders,0
52876,7.0,2.0,1678.16,1,2,2,Lost / Low Value,0
52877,10.0,10.0,17343.15,1,4,4,At-Risk High-Value,0
52878,16.0,3.0,5151.63,1,3,4,At-Risk High-Value,0
52879,3.0,2.0,2425.17,3,2,3,Loyal Customers,0
52880,1.0,2.0,2885.74,4,2,3,Loyal Customers,0
52881,10.0,12.0,21449.34,1,4,4,At-Risk High-Value,0
52882,4.0,2.0,1625.69,2,2,2,Lost / Low Value,0
52883,2.0,2.0,2025.76,3,2,3,Loyal Customers,1
52884,3.0,3.0,2407.18,3,3,3,Champions,0
52885,9.0,12.0,19332.72,1,4,4,At-Risk High-Value,0
52886,8.0,2.0,1767.04,1,2,2,Lost / Low Value,0
52887,3.0,2.0,1861.75,3,2,3,Loyal Customers,0
52888,3.0,2.0,1954.15,3,2,3,Loyal Customers,0
52889,1.0,2.0,2095.83,4,2,3,Loyal Customers,0
52890,8.0,2.0,2063.71,1,2,3,Hibernating Big Spenders,0
52891,1.0,3.0,2771.67,4,3,3,Champions,0
52892,8.0,2.0,2123.44,1,2,3,Hibernating Big Spenders,0
52893,1.0,3.0,2691.98,4,3,3,Champions,0
52894,8.0,4.0,3353.02,1,4,4,At-Risk High-Value,0
52895,1.0,2.0,2109.03,4,2,3,Loyal Customers,1
52896,10.0,2.0,2215.29,1,2,3,Hibernating Big Spenders,1
52897,3.0,3.0,2446.62,3,3,3,Champions,0
52898,8.0,2.0,1611.83,1,2,2,Lost / Low Value,0
52899,3.0,2.0,1911.36,3,2,3,Loyal Customers,0
52900,3.0,2.0,2408.56,3,2,3,Loyal Customers,0
52901,3.0,10.0,12595.0,3,4,4,Champions,1
52902,3.0,6.0,6921.42,3,4,4,Champions,0
52903,3.0,2.0,2472.91,3,2,3,Loyal Customers,0
52904,8.0,2.0,2748.9,1,2,3,Hibernating Big Spenders,0
52905,5.0,2.0,1667.27,2,2,2,Lost / Low Value,1
52906,1.0,2.0,2870.01,4,2,3,Loyal Customers,0
52907,2.0,2.0,2111.56,3,2,3,Loyal Customers,1
52908,6.0,2.0,1601.38,2,2,2,Lost / Low Value,1
52909,3.0,13.0,15275.98,3,4,4,Champions,0
52910,6.0,2.0,2028.4,2,2,3,Hibernating Big Spenders,0
52911,8.0,4.0,4051.08,1,4,4,At-Risk High-Value,0
52912,2.0,2.0,1663.42,3,2,2,Loyal Customers,0
52913,8.0,2.0,2715.35,1,2,3,Hibernating Big Spenders,0
52914,3.0,6.0,7625.97,3,4,4,Champions,0
52915,5.0,2.0,1852.95,2,2,3,Hibernating Big Spenders,0
52916,1.0,2.0,1614.47,4,2,2,Loyal Customers,0
52917,9.0,6.0,825.0,1,4,1,At-Risk High-Value,0
52918,2.0,5.0,5614.95,3,4,4,Champions,0
52919,3.0,2.0,2341.79,3,2,3,Loyal Customers,0
52920,2.0,2.0,1637.79,3,2,2,Loyal Customers,1
52921,3.0,3.0,2592.48,3,3,3,Champions,0
52922,16.0,12.0,20943.12,1,4,4,At-Risk High-Value,0
52923,3.0,3.0,2436.55,3,3,3,Champions,0
52924,7.0,2.0,3521.87,1,2,4,Hibernating Big Spenders,0
52925,5.0,2.0,1642.96,2,2,2,Lost / Low Value,1
52926,10.0,2.0,3142.04,1,2,4,Hibernating Big Spenders,0
52927,8.0,2.0,1672.77,1,2,2,Lost / Low Value,1
52928,13.0,16.0,27779.84,1,4,4,At-Risk High-Value,0
52929,3.0,2.0,1807.41,3,2,2,Loyal Customers,0
52930,3.0,2.0,1785.3,3,2,2,Loyal Customers,1
52931,3.0,2.0,1620.52,3,2,2,Loyal Customers,0
52932,3.0,3.0,2799.23,3,3,3,Champions,0
52933,1.0,2.0,1712.92,4,2,2,Loyal Customers,0
52934,8.0,5.0,4350.22,1,4,4,At-Risk High-Value,0
52935,8.0,2.0,3487.22,1,2,4,Hibernating Big Spenders,0
52936,3.0,3.0,4318.88,3,3,4,Champions,0
52937,3.0,2.0,1695.21,3,2,2,Loyal Customers,0
52938,10.0,6.0,6090.81,1,4,4,At-Risk High-Value,0
52939,3.0,2.0,1806.2,3,2,2,Loyal Customers,0
52940,3.0,2.0,2082.74,3,2,3,Loyal Customers,0
52941,3.0,2.0,2480.28,3,2,3,Loyal Customers,1
52942,9.0,2.0,2578.18,1,2,3,Hibernating Big Spenders,0
52943,6.0,2.0,1632.4,2,2,2,Lost / Low Value,0
52944,3.0,2.0,2094.95,3,2,3,Loyal Customers,0
52945,3.0,2.0,2137.41,3,2,3,Loyal Customers,0
52946,3.0,2.0,1913.78,3,2,3,Loyal Customers,0
52947,9.0,8.0,6640.92,1,4,4,At-Risk High-Value,0
52948,10.0,4.0,7025.92,1,4,4,At-Risk High-Value,0
52949,1.0,2.0,1674.53,4,2,2,Loyal Customers,0
52950,5.0,2.0,1757.69,2,2,2,Lost / Low Value,1
52951,4.0,2.0,1682.34,2,2,2,Lost / Low Value,0
52952,6.0,8.0,7809.56,2,4,4,At-Risk High-Value,0
52953,5.0,2.0,1614.36,2,2,2,Lost / Low Value,0
52954,8.0,8.0,12923.68,1,4,4,At-Risk High-Value,0
52955,1.0,2.0,1758.35,4,2,2,Loyal Customers,1
52956,1.0,2.0,2105.84,4,2,3,Loyal Customers,0
52957,9.0,8.0,7956.08,1,4,4,At-Risk High-Value,0
52958,6.0,2.0,1815.0,2,2,2,Lost / Low Value,0
52959,11.0,2.0,2859.56,1,2,3,Hibernating Big Spenders,0
52960,12.0,11.0,9504.55,1,4,4,At-Risk High-Value,0
52961,14.0,5.0,8674.88,1,4,4,At-Risk High-Value,0
52962,10.0,2.0,2678.39,1,2,3,Hibernating Big Spenders,1
52963,5.0,2.0,1602.7,2,2,2,Lost / Low Value,0
52964,2.0,2.0,2090.22,3,2,3,Loyal Customers,0
52965,1.0,2.0,1730.3,4,2,2,Loyal Customers,0
52966,3.0,2.0,2871.33,3,2,3,Loyal Customers,0
52967,3.0,2.0,2694.56,3,2,3,Loyal Customers,0
52968,8.0,8.0,7966.2,1,4,4,At-Risk High-Value,0
52969,5.0,2.0,2078.67,2,2,3,Hibernating Big Spenders,0
52970,7.0,2.0,3480.84,1,2,4,Hibernating Big Spenders,0
52971,4.0,2.0,3309.24,2,2,4,Hibernating Big Spenders,0
52972,7.0,12.0,11488.62,1,4,4,At-Risk High-Value,0
52973,10.0,2.0,1875.94,1,2,3,Hibernating Big Spenders,0
52974,9.0,2.0,1970.65,1,2,3,Hibernating Big Spenders,0
52975,4.0,4.0,3793.02,2,4,4,At-Risk High-Value,0
52976,8.0,6.0,4822.95,1,4,4,At-Risk High-Value,0
52977,1.0,2.0,1722.71,4,2,2,Loyal Customers,1
52978,3.0,2.0,2006.95,3,2,3,Loyal Customers,0
52979,3.0,2.0,1636.03,3,2,2,Loyal Customers,1
52980,3.0,2.0,1739.1,3,2,2,Loyal Customers,0
52981,3.0,2.0,3428.15,3,2,4,Loyal Customers,0
52982,8.0,8.0,7473.4,1,4,4,At-Risk High-Value,0
52983,3.0,3.0,2522.68,3,3,3,Champions,0
52984,5.0,8.0,8064.32,2,4,4,At-Risk High-Value,1
52985,3.0,2.0,1630.86,3,2,2,Loyal Customers,0
52986,9.0,2.0,2862.75,1,2,3,Hibernating Big Spenders,0
52987,1.0,2.0,1531.2,4,2,2,Loyal Customers,1
52988,10.0,7.0,7900.2,1,4,4,At-Risk High-Value,0
52989,1.0,2.0,1780.68,4,2,2,Loyal Customers,0
52990,3.0,2.0,1978.02,3,2,3,Loyal Customers,0
52991,5.0,2.0,3136.65,2,2,4,Hibernating Big Spenders,0
52992,1.0,2.0,1507.0,4,2,2,Loyal Customers,0
52993,8.0,2.0,1997.71,1,2,3,Hibernating Big Spenders,0
52994,8.0,8.0,8548.76,1,4,4,At-Risk High-Value,0
52995,3.0,4.0,4864.86,3,4,4,Champions,0
52996,9.0,2.0,1999.14,1,2,3,Hibernating Big Spenders,0
52997,9.0,5.0,4945.6,1,4,4,At-Risk High-Value,0
52998,2.0,2.0,2701.71,3,2,3,Loyal Customers,0
52999,3.0,2.0,1997.6,3,2,3,Loyal Customers,0
53000,4.0,2.0,1905.31,2,2,3,Hibernating Big Spenders,0
53001,1.0,2.0,2080.1,4,2,3,Loyal Customers,0
53002,12.0,10.0,9740.5,1,4,4,At-Risk High-Value,0
53003,3.0,3.0,2507.17,3,3,3,Champions,0
53004,9.0,2.0,2681.58,1,2,3,Hibernating Big Spenders,0
53005,11.0,12.0,19514.88,1,4,4,At-Risk High-Value,0
53006,8.0,2.0,1645.05,1,2,2,Lost / Low Value,0
53007,8.0,2.0,2911.04,1,2,3,Hibernating Big Spenders,0
53008,8.0,8.0,7674.04,1,4,4,At-Risk High-Value,1
53009,3.0,2.0,1647.58,3,2,2,Loyal Customers,0
53010,10.0,12.0,11700.48,1,4,4,At-Risk High-Value,0
53011,5.0,2.0,1867.58,2,2,3,Hibernating Big Spenders,0
53012,8.0,2.0,2205.17,1,2,3,Hibernating Big Spenders,0
53013,8.0,2.0,1931.05,1,2,3,Hibernating Big Spenders,0
53014,3.0,3.0,2634.06,3,3,3,Champions,1
53015,10.0,2.0,2010.25,1,2,3,Hibernating Big Spenders,0
53016,3.0,9.0,10614.28,3,4,4,Champions,0
53017,4.0,14.0,24464.44,2,4,4,At-Risk High-Value,0
53018,1.0,2.0,1951.18,4,2,3,Loyal Customers,1
53019,2.0,2.0,1890.02,3,2,3,Loyal Customers,0
53020,2.0,2.0,3388.0,3,2,4,Loyal Customers,0
53021,1.0,2.0,1953.27,4,2,3,Loyal Customers,0
53022,5.0,2.0,2073.39,2,2,3,Hibernating Big Spenders,0
53023,4.0,2.0,1910.59,2,2,3,Hibernating Big Spenders,0
53024,3.0,2.0,2473.35,3,2,3,Loyal Customers,0
53025,9.0,10.0,8908.35,1,4,4,At-Risk High-Value,0
53026,3.0,2.0,2195.27,3,2,3,Loyal Customers,0
53027,8.0,2.0,1608.09,1,2,2,Lost / Low Value,1
53028,3.0,3.0,2719.7,3,3,3,Champions,0
53029,3.0,2.0,2047.98,3,2,3,Loyal Customers,0
53030,8.0,2.0,2058.54,1,2,3,Hibernating Big Spenders,0
53031,5.0,2.0,2073.17,2,2,3,Hibernating Big Spenders,0
53032,10.0,2.0,2641.1,1,2,3,Hibernating Big Spenders,0
53033,11.0,5.0,5401.82,1,4,4,At-Risk High-Value,0
53034,8.0,2.0,2284.48,1,2,3,Hibernating Big Spenders,0
53035,14.0,2.0,2265.45,1,2,3,Hibernating Big Spenders,0
53036,3.0,2.0,1694.44,3,2,2,Loyal Customers,0
53037,3.0,2.0,2038.52,3,2,3,Loyal Customers,0
53038,1.0,2.0,1702.36,4,2,2,Loyal Customers,0
53039,1.0,2.0,3134.12,4,2,4,Loyal Customers,0
53040,3.0,2.0,1886.39,3,2,3,Loyal Customers,0
53041,1.0,2.0,1671.56,4,2,2,Loyal Customers,0
53042,8.0,2.0,1635.7,1,2,2,Lost / Low Value,0
53043,1.0,2.0,2750.44,4,2,3,Loyal Customers,0
53044,8.0,7.0,7112.49,1,4,4,At-Risk High-Value,0
53045,3.0,3.0,2843.94,3,3,3,Champions,0
53046,8.0,8.0,7830.24,1,4,4,At-Risk High-Value,0
53047,1.0,2.0,2120.91,4,2,3,Loyal Customers,0
53048,3.0,2.0,1614.14,3,2,2,Loyal Customers,1
53049,1.0,2.0,2106.83,4,2,3,Loyal Customers,0
53050,3.0,2.0,2441.89,3,2,3,Loyal Customers,0
53051,3.0,2.0,2118.05,3,2,3,Loyal Customers,0
53052,8.0,2.0,1618.43,1,2,2,Lost / Low Value,0
53053,3.0,3.0,2493.15,3,3,3,Champions,0
53054,1.0,2.0,1688.61,4,2,2,Loyal Customers,1
53055,4.0,2.0,1754.72,2,2,2,Lost / Low Value,0
53056,1.0,2.0,1953.38,4,2,3,Loyal Customers,0
53057,3.0,8.0,9616.2,3,4,4,Champions,1
53058,3.0,2.0,2529.56,3,2,3,Loyal Customers,0
53059,1.0,2.0,2076.8,4,2,3,Loyal Customers,1
53060,3.0,3.0,2500.9,3,3,3,Champions,0
53061,1.0,2.0,1673.76,4,2,2,Loyal Customers,1
53062,3.0,2.0,1617.11,3,2,2,Loyal Customers,0
53063,1.0,2.0,2094.4,4,2,3,Loyal Customers,0
53064,5.0,2.0,1794.76,2,2,2,Lost / Low Value,0
53065,8.0,2.0,1952.83,1,2,3,Hibernating Big Spenders,0
53066,1.0,2.0,1870.0,4,2,3,Loyal Customers,0
53067,8.0,2.0,1917.96,1,2,3,Hibernating Big Spenders,0
53068,3.0,3.0,2482.1,3,3,3,Champions,0
53069,5.0,2.0,1958.44,2,2,3,Hibernating Big Spenders,1
53070,3.0,2.0,3207.49,3,2,4,Loyal Customers,0
53071,4.0,2.0,1843.6,2,2,3,Hibernating Big Spenders,0
53072,1.0,2.0,1647.36,4,2,2,Loyal Customers,0
53073,5.0,2.0,1716.22,2,2,2,Lost / Low Value,1
53074,3.0,2.0,1621.84,3,2,2,Loyal Customers,0
53075,1.0,10.0,11052.8,4,4,4,Champions,0
53076,1.0,2.0,1626.35,4,2,2,Loyal Customers,1
53077,18.0,13.0,11106.81,1,4,4,At-Risk High-Value,0
53078,4.0,2.0,2003.65,2,2,3,Hibernating Big Spenders,0
53079,3.0,2.0,1658.36,3,2,2,Loyal Customers,0
53080,2.0,2.0,1836.67,3,2,2,Loyal Customers,0
53081,10.0,4.0,5903.92,1,4,4,At-Risk High-Value,0
53082,1.0,2.0,1754.28,4,2,2,Loyal Customers,0
53083,3.0,2.0,3509.66,3,2,4,Loyal Customers,0
53084,3.0,2.0,2094.18,3,2,3,Loyal Customers,0
53085,13.0,4.0,3697.32,1,4,4,At-Risk High-Value,0
53086,3.0,2.0,1623.38,3,2,2,Loyal Customers,0
53087,3.0,2.0,1872.42,3,2,3,Loyal Customers,0
53088,4.0,2.0,1868.57,2,2,3,Hibernating Big Spenders,0
53089,8.0,11.0,10254.14,1,4,4,At-Risk High-Value,0
53090,3.0,4.0,3237.96,3,4,4,Champions,0
53091,7.0,2.0,3486.67,1,2,4,Hibernating Big Spenders,0
53092,8.0,2.0,2828.32,1,2,3,Hibernating Big Spenders,0
53093,5.0,5.0,5246.18,2,4,4,At-Risk High-Value,0
53094,8.0,2.0,2298.12,1,2,3,Hibernating Big Spenders,0
53095,9.0,2.0,1876.38,1,2,3,Hibernating Big Spenders,0
53096,3.0,2.0,1818.41,3,2,2,Loyal Customers,1
53097,5.0,2.0,2251.59,2,2,3,Hibernating Big Spenders,0
53098,3.0,2.0,1666.94,3,2,2,Loyal Customers,0
53099,5.0,2.0,3196.05,2,2,4,Hibernating Big Spenders,0
53100,3.0,2.0,1876.16,3,2,3,Loyal Customers,0
53101,3.0,2.0,2045.01,3,2,3,Loyal Customers,0
53102,11.0,12.0,21163.56,1,4,4,At-Risk High-Value,0
53103,9.0,2.0,1904.1,1,2,3,Hibernating Big Spenders,0
53104,5.0,2.0,1872.53,2,2,3,Hibernating Big Spenders,0
53105,5.0,2.0,1727.22,2,2,2,Lost / Low Value,1
53106,1.0,2.0,1633.61,4,2,2,Loyal Customers,1
53107,1.0,2.0,1562.22,4,2,2,Loyal Customers,0
53108,13.0,2.0,3359.51,1,2,4,Hibernating Big Spenders,0
53109,3.0,2.0,1692.46,3,2,2,Loyal Customers,0
53110,5.0,2.0,1605.67,2,2,2,Lost / Low Value,0
53111,8.0,2.0,2687.85,1,2,3,Hibernating Big Spenders,0
53112,2.0,2.0,1655.06,3,2,2,Loyal Customers,1
53113,1.0,2.0,1657.04,4,2,2,Loyal Customers,1
53114,9.0,8.0,9201.28,1,4,4,At-Risk High-Value,0
53115,1.0,2.0,2927.98,4,2,3,Loyal Customers,0
53116,8.0,16.0,26000.48,1,4,4,At-Risk High-Value,0
53117,8.0,7.0,5799.64,1,4,4,At-Risk High-Value,0
53118,3.0,14.0,17529.82,3,4,4,Champions,0
53119,5.0,2.0,1932.7,2,2,3,Hibernating Big Spenders,0
53120,2.0,2.0,3339.71,3,2,4,Loyal Customers,0
53121,4.0,5.0,4600.75,2,4,4,At-Risk High-Value,0
53122,1.0,2.0,1790.8,4,2,2,Loyal Customers,0
53123,8.0,6.0,5038.44,1,4,4,At-Risk High-Value,0
53124,3.0,2.0,2372.81,3,2,3,Loyal Customers,0
53125,9.0,2.0,2546.28,1,2,3,Hibernating Big Spenders,0
53126,8.0,8.0,11488.4,1,4,4,At-Risk High-Value,1
53127,4.0,2.0,1749.88,2,2,2,Lost / Low Value,1
53128,3.0,2.0,1703.13,3,2,2,Loyal Customers,0
53129,1.0,2.0,2214.52,4,2,3,Loyal Customers,0
53130,3.0,2.0,2455.64,3,2,3,Loyal Customers,1
53131,3.0,2.0,2469.5,3,2,3,Loyal Customers,1
53132,1.0,3.0,2407.85,4,3,3,Champions,0
53133,3.0,10.0,12364.0,3,4,4,Champions,0
53134,3.0,2.0,1803.34,3,2,2,Loyal Customers,1
53135,8.0,7.0,6372.13,1,4,4,At-Risk High-Value,0
53136,8.0,8.0,12907.4,1,4,4,At-Risk High-Value,0
53137,11.0,2.0,2060.3,1,2,3,Hibernating Big Spenders,0
53138,10.0,7.0,6628.54,1,4,4,At-Risk High-Value,0
53139,14.0,2.0,2831.07,1,2,3,Hibernating Big Spenders,0
53140,8.0,2.0,1788.05,1,2,2,Lost / Low Value,0
53141,6.0,2.0,2099.02,2,2,3,Hibernating Big Spenders,0
53142,9.0,6.0,6568.98,1,4,4,At-Risk High-Value,0
53143,8.0,4.0,3807.1,1,4,4,At-Risk High-Value,0
53144,1.0,2.0,1676.51,4,2,2,Loyal Customers,1
53145,3.0,2.0,1843.82,3,2,3,Loyal Customers,0
53146,6.0,2.0,3155.24,2,2,4,Hibernating Big Spenders,0
53147,2.0,2.0,2646.27,3,2,3,Loyal Customers,0
53148,1.0,2.0,1581.58,4,2,2,Loyal Customers,1
53149,2.0,2.0,2577.52,3,2,3,Loyal Customers,0
53150,8.0,2.0,2124.21,1,2,3,Hibernating Big Spenders,0
53151,1.0,2.0,1848.66,4,2,3,Loyal Customers,0
53152,4.0,2.0,1909.49,2,2,3,Hibernating Big Spenders,0
53153,8.0,6.0,5886.21,1,4,4,At-Risk High-Value,0
53154,1.0,2.0,1632.4,4,2,2,Loyal Customers,1
53155,3.0,2.0,2199.01,3,2,3,Loyal Customers,0
53156,3.0,2.0,2532.97,3,2,3,Loyal Customers,0
53157,9.0,12.0,19202.7,1,4,4,At-Risk High-Value,0
53158,3.0,8.0,9386.96,3,4,4,Champions,0
53159,10.0,7.0,6959.64,1,4,4,At-Risk High-Value,0
53160,3.0,2.0,1892.77,3,2,3,Loyal Customers,1
53161,2.0,3.0,2458.5,3,3,3,Champions,0
53162,3.0,2.0,2455.64,3,2,3,Loyal Customers,0
53163,4.0,5.0,5210.42,2,4,4,At-Risk High-Value,0
53164,10.0,2.0,3520.22,1,2,4,Hibernating Big Spenders,0
53165,5.0,2.0,1674.75,2,2,2,Lost / Low Value,0
53166,5.0,2.0,2064.92,2,2,3,Hibernating Big Spenders,0
53167,1.0,2.0,1608.97,4,2,2,Loyal Customers,0
53168,8.0,11.0,18573.5,1,4,4,At-Risk High-Value,0
53169,7.0,2.0,1605.56,1,2,2,Lost / Low Value,0
53170,3.0,2.0,1692.46,3,2,2,Loyal Customers,1
53171,1.0,2.0,1598.63,4,2,2,Loyal Customers,1
53172,4.0,2.0,1773.42,2,2,2,Lost / Low Value,0
53173,3.0,2.0,1840.63,3,2,2,Loyal Customers,1
53174,3.0,2.0,1779.91,3,2,2,Loyal Customers,0
53175,8.0,6.0,5926.8,1,4,4,At-Risk High-Value,0
53176,4.0,2.0,1615.57,2,2,2,Lost / Low Value,0
53177,3.0,2.0,2431.22,3,2,3,Loyal Customers,0
53178,1.0,2.0,1686.96,4,2,2,Loyal Customers,0
53179,3.0,3.0,2737.18,3,3,3,Champions,0
53180,1.0,2.0,3203.97,4,2,4,Loyal Customers,0
53181,1.0,2.0,1663.09,4,2,2,Loyal Customers,0
53182,8.0,5.0,4999.22,1,4,4,At-Risk High-Value,0
53183,3.0,2.0,3069.22,3,2,4,Loyal Customers,0
53184,3.0,2.0,2033.35,3,2,3,Loyal Customers,0
53185,7.0,2.0,1658.69,1,2,2,Lost / Low Value,0
53186,3.0,2.0,1709.51,3,2,2,Loyal Customers,1
53187,3.0,2.0,1754.17,3,2,2,Loyal Customers,0
53188,2.0,2.0,3521.43,3,2,4,Loyal Customers,0
53189,3.0,3.0,2520.04,3,3,3,Champions,0
53190,3.0,2.0,2156.44,3,2,3,Loyal Customers,0
53191,6.0,2.0,2070.42,2,2,3,Hibernating Big Spenders,0
53192,1.0,2.0,1604.13,4,2,2,Loyal Customers,0
53193,11.0,9.0,10336.09,1,4,4,At-Risk High-Value,0
53194,9.0,9.0,7519.54,1,4,4,At-Risk High-Value,0
53195,1.0,2.0,1846.46,4,2,3,Loyal Customers,1
53196,3.0,2.0,1667.49,3,2,2,Loyal Customers,0
53197,3.0,8.0,9650.96,3,4,4,Champions,0
53198,3.0,2.0,1986.71,3,2,3,Loyal Customers,0
53199,9.0,12.0,12636.36,1,4,4,At-Risk High-Value,0
53200,8.0,5.0,5561.88,1,4,4,At-Risk High-Value,0
53201,2.0,2.0,2554.75,3,2,3,Loyal Customers,0
53202,3.0,2.0,2348.17,3,2,3,Loyal Customers,0
53203,2.0,2.0,1599.95,3,2,2,Loyal Customers,0
53204,2.0,2.0,1485.99,3,2,2,Loyal Customers,1
53205,8.0,10.0,8716.4,1,4,4,At-Risk High-Value,1
53206,1.0,2.0,1515.91,4,2,2,Loyal Customers,0
53207,3.0,2.0,1685.09,3,2,2,Loyal Customers,0
53208,3.0,2.0,1908.61,3,2,3,Loyal Customers,0
53209,6.0,2.0,1818.08,2,2,2,Lost / Low Value,0
53210,9.0,3.0,2511.3,1,3,3,At-Risk High-Value,0
53211,3.0,3.0,3402.3,3,3,4,Champions,0
53212,5.0,2.0,1886.17,2,2,3,Hibernating Big Spenders,0
53213,1.0,2.0,1889.8,4,2,3,Loyal Customers,0
53214,9.0,4.0,3458.62,1,4,4,At-Risk High-Value,0
53215,3.0,8.0,9293.24,3,4,4,Champions,0
53216,1.0,3.0,2817.7,4,3,3,Champions,1
53217,11.0,12.0,11254.98,1,4,4,At-Risk High-Value,0
53218,9.0,2.0,1968.56,1,2,3,Hibernating Big Spenders,0
53219,4.0,2.0,2122.56,2,2,3,Hibernating Big Spenders,1
53220,9.0,2.0,2213.75,1,2,3,Hibernating Big Spenders,0
53221,8.0,2.0,2190.32,1,2,3,Hibernating Big Spenders,0
53222,8.0,2.0,2602.49,1,2,3,Hibernating Big Spenders,0
53223,8.0,2.0,1920.6,1,2,3,Hibernating Big Spenders,0
53224,3.0,2.0,2527.25,3,2,3,Loyal Customers,0
53225,4.0,2.0,3004.54,2,2,3,Hibernating Big Spenders,0
53226,7.0,13.0,22623.32,1,4,4,At-Risk High-Value,0
53227,3.0,3.0,2954.32,3,3,3,Champions,0
53228,3.0,2.0,2342.23,3,2,3,Loyal Customers,0
53229,11.0,3.0,5228.68,1,3,4,At-Risk High-Value,0
53230,3.0,3.0,2701.88,3,3,3,Champions,0
53231,8.0,4.0,3237.52,1,4,4,At-Risk High-Value,1
53232,6.0,2.0,2663.43,2,2,3,Hibernating Big Spenders,0
53233,1.0,2.0,2239.71,4,2,3,Loyal Customers,0
53234,5.0,2.0,1782.88,2,2,2,Lost / Low Value,0
53235,14.0,12.0,17338.2,1,4,4,At-Risk High-Value,0
53236,8.0,8.0,7833.76,1,4,4,At-Risk High-Value,0
53237,1.0,2.0,1665.62,4,2,2,Loyal Customers,0
53238,3.0,3.0,2517.74,3,3,3,Champions,1
53239,3.0,3.0,3185.16,3,3,4,Champions,0
53240,4.0,5.0,5126.55,2,4,4,At-Risk High-Value,0
53241,3.0,2.0,1650.0,3,2,2,Loyal Customers,0
53242,7.0,4.0,4155.58,1,4,4,At-Risk High-Value,0
53243,2.0,2.0,2596.33,3,2,3,Loyal Customers,0
53244,4.0,3.0,2448.93,2,3,3,At-Risk High-Value,0
53245,8.0,2.0,2124.21,1,2,3,Hibernating Big Spenders,0
53246,3.0,3.0,2441.5,3,3,3,Champions,0
53247,3.0,3.0,2466.75,3,3,3,Champions,0
53248,1.0,2.0,1935.23,4,2,3,Loyal Customers,0
53249,8.0,5.0,4897.48,1,4,4,At-Risk High-Value,0
53250,2.0,2.0,1711.27,3,2,2,Loyal Customers,0
53251,1.0,2.0,1938.31,4,2,3,Loyal Customers,0
53252,17.0,2.0,3229.16,1,2,4,Hibernating Big Spenders,0
53253,9.0,8.0,6681.84,1,4,4,At-Risk High-Value,1
53254,5.0,2.0,2054.8,2,2,3,Hibernating Big Spenders,0
53255,2.0,4.0,4209.04,3,4,4,Champions,0
53256,3.0,2.0,1760.55,3,2,2,Loyal Customers,0
53257,4.0,2.0,2078.67,2,2,3,Hibernating Big Spenders,1
53258,5.0,2.0,2065.14,2,2,3,Hibernating Big Spenders,0
53259,5.0,2.0,3559.49,2,2,4,Hibernating Big Spenders,1
53260,10.0,2.0,2209.57,1,2,3,Hibernating Big Spenders,0
53261,3.0,2.0,1843.38,3,2,3,Loyal Customers,0
53262,1.0,3.0,2782.56,4,3,3,Champions,0
53263,2.0,2.0,1851.85,3,2,3,Loyal Customers,0
53264,3.0,2.0,1960.86,3,2,3,Loyal Customers,1
53265,4.0,2.0,1735.8,2,2,2,Lost / Low Value,0
53266,5.0,2.0,1978.35,2,2,3,Hibernating Big Spenders,0
53267,2.0,2.0,1852.62,3,2,3,Loyal Customers,0
53268,4.0,5.0,4202.55,2,4,4,At-Risk High-Value,0
53269,13.0,5.0,5082.0,1,4,4,At-Risk High-Value,0
53270,4.0,2.0,1856.91,2,2,3,Hibernating Big Spenders,0
53271,3.0,2.0,1657.92,3,2,2,Loyal Customers,0
53272,3.0,2.0,1796.63,3,2,2,Loyal Customers,0
53273,8.0,4.0,3683.68,1,4,4,At-Risk High-Value,0
53274,3.0,2.0,2090.0,3,2,3,Loyal Customers,0
53275,10.0,15.0,25517.25,1,4,4,At-Risk High-Value,0
53276,1.0,2.0,1551.11,4,2,2,Loyal Customers,1
53277,1.0,2.0,1671.34,4,2,2,Loyal Customers,0
53278,5.0,2.0,1721.39,2,2,2,Lost / Low Value,0
53279,4.0,2.0,3315.29,2,2,4,Hibernating Big Spenders,0
53280,1.0,2.0,1630.09,4,2,2,Loyal Customers,1
53281,8.0,2.0,2661.01,1,2,3,Hibernating Big Spenders,0
53282,3.0,2.0,1960.64,3,2,3,Loyal Customers,1
53283,1.0,4.0,6435.44,4,4,4,Champions,0
53284,6.0,2.0,1950.08,2,2,3,Hibernating Big Spenders,0
53285,8.0,2.0,1672.0,1,2,2,Lost / Low Value,0
53286,9.0,14.0,24444.42,1,4,4,At-Risk High-Value,1
53287,3.0,3.0,2475.99,3,3,3,Champions,0
53288,3.0,2.0,2041.82,3,2,3,Loyal Customers,0
53289,2.0,3.0,2785.53,3,3,3,Champions,1
53290,5.0,2.0,1610.73,2,2,2,Lost / Low Value,0
53291,9.0,7.0,7184.87,1,4,4,At-Risk High-Value,0
53292,1.0,2.0,1935.34,4,2,3,Loyal Customers,0
53293,1.0,2.0,2131.47,4,2,3,Loyal Customers,0
53294,1.0,2.0,1625.14,4,2,2,Loyal Customers,0
53295,9.0,8.0,7450.96,1,4,4,At-Risk High-Value,0
53296,3.0,2.0,2066.68,3,2,3,Loyal Customers,0
53297,4.0,2.0,1655.83,2,2,2,Lost / Low Value,0
53298,8.0,8.0,8867.76,1,4,4,At-Risk High-Value,1
53299,4.0,8.0,7770.4,2,4,4,At-Risk High-Value,1
53300,1.0,2.0,3262.49,4,2,4,Loyal Customers,0
53301,9.0,2.0,2783.88,1,2,3,Hibernating Big Spenders,0
53302,3.0,2.0,2499.31,3,2,3,Loyal Customers,0
53303,6.0,8.0,7602.76,2,4,4,At-Risk High-Value,0
53304,3.0,2.0,1786.07,3,2,2,Loyal Customers,0
53305,8.0,2.0,1635.26,1,2,2,Lost / Low Value,1
53306,1.0,2.0,1562.66,4,2,2,Loyal Customers,0
53307,18.0,5.0,7921.92,1,4,4,At-Risk High-Value,0
53308,4.0,3.0,3041.44,2,3,3,At-Risk High-Value,0
53309,2.0,2.0,1751.64,3,2,2,Loyal Customers,0
53310,9.0,2.0,1819.07,1,2,2,Lost / Low Value,0
53311,2.0,2.0,1656.49,3,2,2,Loyal Customers,0
53312,12.0,5.0,5142.77,1,4,4,At-Risk High-Value,0
53313,4.0,2.0,1859.33,2,2,3,Hibernating Big Spenders,0
53314,4.0,2.0,1788.71,2,2,2,Lost / Low Value,0
53315,5.0,2.0,2577.74,2,2,3,Hibernating Big Spenders,0
53316,3.0,2.0,2558.71,3,2,3,Loyal Customers,0
53317,4.0,2.0,1944.25,2,2,3,Hibernating Big Spenders,0
53318,1.0,2.0,2895.86,4,2,3,Loyal Customers,0
53319,1.0,2.0,2071.74,4,2,3,Loyal Customers,0
53320,5.0,2.0,1917.96,2,2,3,Hibernating Big Spenders,0
53321,3.0,3.0,2850.38,3,3,3,Champions,0
53322,3.0,2.0,1684.98,3,2,2,Loyal Customers,0
53323,3.0,3.0,2477.48,3,3,3,Champions,0
53324,4.0,2.0,1632.62,2,2,2,Lost / Low Value,0
53325,4.0,2.0,1836.34,2,2,2,Lost / Low Value,0
53326,16.0,2.0,2550.35,1,2,3,Hibernating Big Spenders,0
53327,9.0,8.0,6389.68,1,4,4,At-Risk High-Value,1
53328,3.0,2.0,1629.54,3,2,2,Loyal Customers,0
53329,4.0,2.0,1843.16,2,2,3,Hibernating Big Spenders,0
53330,3.0,2.0,1768.8,3,2,2,Loyal Customers,0
53331,5.0,4.0,3445.64,2,4,4,At-Risk High-Value,0
53332,4.0,6.0,6277.92,2,4,4,At-Risk High-Value,0
53333,3.0,2.0,1693.89,3,2,2,Loyal Customers,0
53334,4.0,2.0,1950.41,2,2,3,Hibernating Big Spenders,0
53335,3.0,2.0,1634.16,3,2,2,Loyal Customers,0
53336,3.0,2.0,1683.0,3,2,2,Loyal Customers,1
53337,3.0,2.0,2676.96,3,2,3,Loyal Customers,0
53338,9.0,2.0,2574.33,1,2,3,Hibernating Big Spenders,0
53339,1.0,2.0,1702.03,4,2,2,Loyal Customers,0
53340,9.0,4.0,5890.5,1,4,4,At-Risk High-Value,0
53341,3.0,3.0,2980.23,3,3,3,Champions,0
53342,8.0,8.0,7496.28,1,4,4,At-Risk High-Value,0
53343,10.0,2.0,2215.62,1,2,3,Hibernating Big Spenders,0
53344,8.0,15.0,25099.8,1,4,4,At-Risk High-Value,0
53345,5.0,2.0,1947.44,2,2,3,Hibernating Big Spenders,0
53346,4.0,2.0,1625.47,2,2,2,Lost / Low Value,0
53347,2.0,2.0,1682.45,3,2,2,Loyal Customers,1
53348,4.0,2.0,1653.52,2,2,2,Lost / Low Value,0
53349,2.0,8.0,6625.96,3,4,4,Champions,0
53350,3.0,2.0,1914.88,3,2,3,Loyal Customers,0
53351,1.0,2.0,1636.8,4,2,2,Loyal Customers,1
53352,1.0,2.0,1899.15,4,2,3,Loyal Customers,0
53353,3.0,2.0,1599.84,3,2,2,Loyal Customers,1
53354,1.0,2.0,1671.23,4,2,2,Loyal Customers,1
53355,12.0,5.0,5248.65,1,4,4,At-Risk High-Value,0
53356,3.0,2.0,1737.34,3,2,2,Loyal Customers,0
53357,3.0,2.0,1833.81,3,2,2,Loyal Customers,1
53358,1.0,2.0,1680.58,4,2,2,Loyal Customers,1
53359,3.0,3.0,2454.7,3,3,3,Champions,0
53360,3.0,3.0,2459.16,3,3,3,Champions,1
53361,1.0,2.0,1629.98,4,2,2,Loyal Customers,0
53362,1.0,2.0,1595.88,4,2,2,Loyal Customers,0
53363,4.0,2.0,2061.84,2,2,3,Hibernating Big Spenders,0
53364,3.0,2.0,1682.89,3,2,2,Loyal Customers,0
53365,3.0,2.0,2535.72,3,2,3,Loyal Customers,0
53366,3.0,6.0,4893.57,3,4,4,Champions,0
53367,8.0,2.0,1816.54,1,2,2,Lost / Low Value,0
53368,8.0,2.0,2189.33,1,2,3,Hibernating Big Spenders,0
53369,1.0,2.0,1623.49,4,2,2,Loyal Customers,0
53370,1.0,2.0,2137.52,4,2,3,Loyal Customers,0
53371,2.0,2.0,1889.58,3,2,3,Loyal Customers,0
53372,12.0,6.0,8607.06,1,4,4,At-Risk High-Value,0
53373,3.0,2.0,1631.52,3,2,2,Loyal Customers,0
53374,1.0,2.0,1640.43,4,2,2,Loyal Customers,1
53375,3.0,2.0,2442.55,3,2,3,Loyal Customers,0
53376,8.0,2.0,1847.34,1,2,3,Hibernating Big Spenders,0
53377,18.0,3.0,2841.46,1,3,3,At-Risk High-Value,0
53378,10.0,4.0,3304.18,1,4,4,At-Risk High-Value,0
53379,1.0,2.0,1608.31,4,2,2,Loyal Customers,1
53380,1.0,2.0,1702.03,4,2,2,Loyal Customers,1
53381,6.0,9.0,9085.72,2,4,4,At-Risk High-Value,0
53382,1.0,2.0,1772.87,4,2,2,Loyal Customers,0
53383,4.0,7.0,7401.62,2,4,4,At-Risk High-Value,0
53384,3.0,4.0,5021.5,3,4,4,Champions,1
53385,5.0,2.0,2139.39,2,2,3,Hibernating Big Spenders,0
53386,3.0,12.0,15251.94,3,4,4,Champions,1
53387,9.0,2.0,1864.17,1,2,3,Hibernating Big Spenders,0
53388,3.0,2.0,1612.27,3,2,2,Loyal Customers,0
53389,1.0,2.0,1881.11,4,2,3,Loyal Customers,0
53390,9.0,8.0,13023.56,1,4,4,At-Risk High-Value,0
53391,1.0,2.0,1647.69,4,2,2,Loyal Customers,1
53392,3.0,16.0,24069.76,3,4,4,Champions,0
53393,8.0,8.0,8696.16,1,4,4,At-Risk High-Value,0
53394,4.0,2.0,1998.26,2,2,3,Hibernating Big Spenders,0
53395,9.0,2.0,2235.53,1,2,3,Hibernating Big Spenders,0
53396,8.0,2.0,2241.8,1,2,3,Hibernating Big Spenders,0
53397,1.0,2.0,2826.34,4,2,3,Loyal Customers,1
53398,8.0,3.0,2898.56,1,3,3,At-Risk High-Value,0
53399,8.0,2.0,1933.69,1,2,3,Hibernating Big Spenders,0
53400,3.0,2.0,1630.31,3,2,2,Loyal Customers,1
53401,1.0,7.0,11528.44,4,4,4,Champions,0
53402,1.0,2.0,1639.44,4,2,2,Loyal Customers,1
53403,3.0,2.0,1754.72,3,2,2,Loyal Customers,0
53404,3.0,2.0,1624.7,3,2,2,Loyal Customers,0
53405,4.0,2.0,3288.89,2,2,4,Hibernating Big Spenders,0
53406,3.0,2.0,1978.68,3,2,3,Loyal Customers,0
53407,12.0,2.0,3511.09,1,2,4,Hibernating Big Spenders,0
53408,3.0,3.0,2526.32,3,3,3,Champions,0
53409,9.0,2.0,1774.63,1,2,2,Lost / Low Value,0
53410,8.0,2.0,1832.93,1,2,2,Lost / Low Value,0
53411,2.0,2.0,1609.52,3,2,2,Loyal Customers,1
53412,6.0,2.0,2912.03,2,2,3,Hibernating Big Spenders,0
53413,3.0,2.0,1670.24,3,2,2,Loyal Customers,0
53414,8.0,2.0,2567.95,1,2,3,Hibernating Big Spenders,0
53415,3.0,4.0,3712.94,3,4,4,Champions,0
53416,3.0,2.0,1786.73,3,2,2,Loyal Customers,1
53417,4.0,2.0,1831.28,2,2,2,Lost / Low Value,0
53418,1.0,2.0,1490.61,4,2,2,Loyal Customers,0
53419,9.0,2.0,2556.29,1,2,3,Hibernating Big Spenders,0
53420,3.0,11.0,13847.24,3,4,4,Champions,0
53421,8.0,2.0,2630.76,1,2,3,Hibernating Big Spenders,0
53422,1.0,2.0,1661.0,4,2,2,Loyal Customers,1
53423,3.0,2.0,1641.42,3,2,2,Loyal Customers,1
53424,4.0,2.0,1976.92,2,2,3,Hibernating Big Spenders,0
53425,2.0,2.0,1644.61,3,2,2,Loyal Customers,0
53426,3.0,3.0,2762.1,3,3,3,Champions,0
53427,9.0,2.0,2584.89,1,2,3,Hibernating Big Spenders,0
53428,2.0,3.0,2888.0,3,3,3,Champions,0
53429,9.0,2.0,2776.62,1,2,3,Hibernating Big Spenders,0
53430,3.0,3.0,2759.96,3,3,3,Champions,0
53431,3.0,2.0,1805.87,3,2,2,Loyal Customers,0
53432,1.0,2.0,3388.33,4,2,4,Loyal Customers,0
53433,1.0,2.0,1636.8,4,2,2,Loyal Customers,0
53434,4.0,5.0,7212.15,2,4,4,At-Risk High-Value,0
53435,1.0,2.0,1900.47,4,2,3,Loyal Customers,1
53436,8.0,7.0,7270.72,1,4,4,At-Risk High-Value,0
53437,11.0,6.0,10716.09,1,4,4,At-Risk High-Value,0
53438,1.0,2.0,2129.71,4,2,3,Loyal Customers,0
53439,3.0,3.0,2882.38,3,3,3,Champions,1
53440,10.0,7.0,12452.82,1,4,4,At-Risk High-Value,1
53441,12.0,2.0,2840.2,1,2,3,Hibernating Big Spenders,0
53442,14.0,2.0,2073.17,1,2,3,Hibernating Big Spenders,0
53443,15.0,16.0,13413.84,1,4,4,At-Risk High-Value,1
53444,9.0,2.0,2571.8,1,2,3,Hibernating Big Spenders,0
53445,3.0,3.0,2448.93,3,3,3,Champions,0
53446,2.0,2.0,3316.5,3,2,4,Loyal Customers,0
53447,8.0,8.0,7271.0,1,4,4,At-Risk High-Value,0
53448,3.0,2.0,2444.75,3,2,3,Loyal Customers,0
53449,5.0,2.0,2684.44,2,2,3,Hibernating Big Spenders,0
53450,5.0,2.0,1614.47,2,2,2,Lost / Low Value,0
53451,13.0,7.0,7709.62,1,4,4,At-Risk High-Value,0
53452,1.0,2.0,1906.74,4,2,3,Loyal Customers,1
53453,3.0,2.0,1599.62,3,2,2,Loyal Customers,1
53454,1.0,2.0,1619.2,4,2,2,Loyal Customers,0
53455,1.0,2.0,1490.72,4,2,2,Loyal Customers,0
53456,3.0,3.0,2527.96,3,3,3,Champions,0
53457,8.0,8.0,13964.28,1,4,4,At-Risk High-Value,0
53458,2.0,2.0,1826.77,3,2,2,Loyal Customers,0
53459,6.0,8.0,9194.24,2,4,4,At-Risk High-Value,0
53460,4.0,2.0,1595.77,2,2,2,Lost / Low Value,0
53461,3.0,3.0,5300.96,3,3,4,Champions,0
53462,1.0,2.0,2550.46,4,2,3,Loyal Customers,0
53463,4.0,2.0,1698.62,2,2,2,Lost / Low Value,0
53464,3.0,8.0,9397.52,3,4,4,Champions,0
53465,3.0,7.0,11263.56,3,4,4,Champions,0
53466,1.0,2.0,2849.0,4,2,3,Loyal Customers,0
53467,3.0,2.0,1630.53,3,2,2,Loyal Customers,1
53468,1.0,2.0,1530.76,4,2,2,Loyal Customers,1
53469,8.0,2.0,1882.65,1,2,3,Hibernating Big Spenders,0
53470,8.0,3.0,2468.56,1,3,3,At-Risk High-Value,1
53471,3.0,2.0,2334.42,3,2,3,Loyal Customers,1
53472,4.0,2.0,1810.05,2,2,2,Lost / Low Value,0
53473,3.0,2.0,2470.27,3,2,3,Loyal Customers,0
53474,9.0,2.0,1746.36,1,2,2,Lost / Low Value,0
53475,3.0,2.0,2345.53,3,2,3,Loyal Customers,0
53476,3.0,12.0,15062.52,3,4,4,Champions,0
53477,3.0,2.0,1883.31,3,2,3,Loyal Customers,0
53478,3.0,2.0,2582.36,3,2,3,Loyal Customers,0
53479,8.0,2.0,1777.6,1,2,2,Lost / Low Value,0
53480,3.0,4.0,5056.04,3,4,4,Champions,1
53481,3.0,2.0,2158.09,3,2,3,Loyal Customers,0
53482,3.0,5.0,6072.55,3,4,4,Champions,1
53483,9.0,4.0,3741.76,1,4,4,At-Risk High-Value,1
53484,3.0,3.0,2426.65,3,3,3,Champions,0
53485,5.0,2.0,2228.16,2,2,3,Hibernating Big Spenders,0
53486,1.0,2.0,2111.34,4,2,3,Loyal Customers,0
53487,7.0,6.0,5343.03,1,4,4,At-Risk High-Value,1
53488,1.0,2.0,1636.47,4,2,2,Loyal Customers,1
53489,3.0,3.0,2444.14,3,3,3,Champions,1
53490,8.0,14.0,23227.05,1,4,4,At-Risk High-Value,0
53491,1.0,2.0,1660.56,4,2,2,Loyal Customers,1
53492,1.0,2.0,1895.08,4,2,3,Loyal Customers,1
53493,3.0,2.0,1848.22,3,2,3,Loyal Customers,0
53494,1.0,2.0,1702.69,4,2,2,Loyal Customers,0
53495,2.0,3.0,4848.53,3,3,4,Champions,0
53496,13.0,5.0,4975.58,1,4,4,At-Risk High-Value,0
53497,3.0,5.0,6309.88,3,4,4,Champions,0
53498,3.0,3.0,3504.6,3,3,4,Champions,0
53499,8.0,2.0,1651.54,1,2,2,Lost / Low Value,0
53500,8.0,2.0,2217.05,1,2,3,Hibernating Big Spenders,0
53501,10.0,5.0,8240.38,1,4,4,At-Risk High-Value,0
53502,1.0,2.0,2183.61,4,2,3,Loyal Customers,0
53503,2.0,2.0,2565.2,3,2,3,Loyal Customers,0
53504,6.0,2.0,2713.59,2,2,3,Hibernating Big Spenders,1
53505,10.0,5.0,8834.65,1,4,4,At-Risk High-Value,0
53506,3.0,3.0,2404.05,3,3,3,Champions,0
53507,4.0,2.0,2121.02,2,2,3,Hibernating Big Spenders,0
53508,10.0,2.0,2230.69,1,2,3,Hibernating Big Spenders,0
53509,3.0,3.0,2523.02,3,3,3,Champions,0
53510,5.0,2.0,1727.11,2,2,2,Lost / Low Value,0
53511,3.0,2.0,1921.48,3,2,3,Loyal Customers,0
53512,4.0,2.0,2818.2,2,2,3,Hibernating Big Spenders,0
53513,3.0,2.0,1818.63,3,2,2,Loyal Customers,0
53514,2.0,2.0,1737.01,3,2,2,Loyal Customers,0
53515,1.0,2.0,1844.92,4,2,3,Loyal Customers,0
53516,3.0,2.0,1931.16,3,2,3,Loyal Customers,0
53517,1.0,6.0,5063.52,4,4,4,Champions,0
53518,3.0,2.0,1672.33,3,2,2,Loyal Customers,0
53519,1.0,2.0,1584.44,4,2,2,Loyal Customers,1
53520,4.0,2.0,2279.64,2,2,3,Hibernating Big Spenders,1
53521,1.0,2.0,1899.26,4,2,3,Loyal Customers,0
53522,3.0,3.0,2493.15,3,3,3,Champions,1
53523,4.0,2.0,2005.41,2,2,3,Hibernating Big Spenders,0
53524,3.0,3.0,2481.44,3,3,3,Champions,0
53525,4.0,2.0,2003.54,2,2,3,Hibernating Big Spenders,0
53526,5.0,2.0,1850.53,2,2,3,Hibernating Big Spenders,0
53527,11.0,4.0,4363.92,1,4,4,At-Risk High-Value,1
53528,14.0,2.0,2859.89,1,2,3,Hibernating Big Spenders,0
53529,15.0,14.0,20218.66,1,4,4,At-Risk High-Value,1
53530,6.0,2.0,1942.05,2,2,3,Hibernating Big Spenders,0
53531,8.0,2.0,1623.38,1,2,2,Lost / Low Value,0
53532,3.0,2.0,1770.67,3,2,2,Loyal Customers,0
53533,1.0,2.0,1651.65,4,2,2,Loyal Customers,1
53534,8.0,2.0,1861.2,1,2,3,Hibernating Big Spenders,0
53535,5.0,2.0,2098.58,2,2,3,Hibernating Big Spenders,0
53536,1.0,2.0,1861.42,4,2,3,Loyal Customers,0
53537,3.0,7.0,8767.99,3,4,4,Champions,0
53538,10.0,5.0,4906.82,1,4,4,At-Risk High-Value,0
53539,3.0,3.0,2454.54,3,3,3,Champions,0
53540,4.0,2.0,1963.06,2,2,3,Hibernating Big Spenders,1
53541,1.0,2.0,1685.97,4,2,2,Loyal Customers,0
53542,3.0,5.0,8921.83,3,4,4,Champions,0
53543,9.0,2.0,1719.41,1,2,2,Lost / Low Value,0
53544,1.0,2.0,1655.72,4,2,2,Loyal Customers,0
53545,3.0,2.0,1867.47,3,2,3,Loyal Customers,0
53546,12.0,4.0,4174.28,1,4,4,At-Risk High-Value,0
53547,3.0,2.0,1708.63,3,2,2,Loyal Customers,0
53548,3.0,2.0,1697.96,3,2,2,Loyal Customers,1
53549,8.0,5.0,8554.15,1,4,4,At-Risk High-Value,0
53550,4.0,2.0,1613.48,2,2,2,Lost / Low Value,0
53551,1.0,2.0,1688.83,4,2,2,Loyal Customers,1
53552,10.0,16.0,26002.24,1,4,4,At-Risk High-Value,0
53553,1.0,2.0,1626.9,4,2,2,Loyal Customers,0
53554,5.0,2.0,1771.0,2,2,2,Lost / Low Value,0
53555,1.0,2.0,1606.77,4,2,2,Loyal Customers,1
53556,4.0,2.0,1827.65,2,2,2,Lost / Low Value,0
53557,1.0,2.0,1850.97,4,2,3,Loyal Customers,0
53558,3.0,3.0,5008.74,3,3,4,Champions,0
53559,4.0,4.0,3453.12,2,4,4,At-Risk High-Value,0
53560,4.0,2.0,3473.91,2,2,4,Hibernating Big Spenders,0
53561,3.0,2.0,2361.26,3,2,3,Loyal Customers,0
53562,1.0,2.0,1618.1,4,2,2,Loyal Customers,1
53563,2.0,2.0,1874.29,3,2,3,Loyal Customers,0
53564,8.0,2.0,1676.51,1,2,2,Lost / Low Value,0
53565,10.0,9.0,7915.54,1,4,4,At-Risk High-Value,0
53566,18.0,2.0,1874.51,1,2,3,Hibernating Big Spenders,0
53567,3.0,3.0,2504.37,3,3,3,Champions,0
53568,5.0,2.0,2186.69,2,2,3,Hibernating Big Spenders,0
53569,4.0,2.0,2064.92,2,2,3,Hibernating Big Spenders,0
53570,10.0,2.0,1949.2,1,2,3,Hibernating Big Spenders,0
53571,3.0,3.0,2515.1,3,3,3,Champions,0
53572,8.0,2.0,1924.78,1,2,3,Hibernating Big Spenders,0
53573,3.0,8.0,10010.88,3,4,4,Champions,0
53574,11.0,5.0,4202.28,1,4,4,At-Risk High-Value,0
53575,4.0,2.0,2128.72,2,2,3,Hibernating Big Spenders,0
53576,2.0,2.0,1919.5,3,2,3,Loyal Customers,0
53577,8.0,6.0,5306.07,1,4,4,At-Risk High-Value,0
53578,1.0,2.0,2826.01,4,2,3,Loyal Customers,0
53579,3.0,5.0,6291.18,3,4,4,Champions,0
53580,9.0,7.0,5672.98,1,4,4,At-Risk High-Value,0
53581,3.0,2.0,2530.22,3,2,3,Loyal Customers,0
53582,8.0,8.0,6384.84,1,4,4,At-Risk High-Value,0
53583,1.0,2.0,1579.49,4,2,2,Loyal Customers,1
53584,3.0,2.0,1788.6,3,2,2,Loyal Customers,0
53585,10.0,2.0,3330.69,1,2,4,Hibernating Big Spenders,0
53586,2.0,2.0,2126.63,3,2,3,Loyal Customers,0
53587,9.0,2.0,2124.32,1,2,3,Hibernating Big Spenders,0
53588,6.0,2.0,1943.81,2,2,3,Hibernating Big Spenders,0
53589,8.0,2.0,3546.4,1,2,4,Hibernating Big Spenders,0
53590,1.0,2.0,3433.21,4,2,4,Loyal Customers,0
53591,8.0,2.0,1781.12,1,2,2,Lost / Low Value,0
53592,1.0,2.0,1656.49,4,2,2,Loyal Customers,0
53593,4.0,2.0,1651.87,2,2,2,Lost / Low Value,0
53594,1.0,2.0,2103.53,4,2,3,Loyal Customers,0
53595,1.0,2.0,3384.15,4,2,4,Loyal Customers,0
53596,8.0,2.0,3148.64,1,2,4,Hibernating Big Spenders,0
53597,1.0,2.0,1659.35,4,2,2,Loyal Customers,0
53598,11.0,4.0,6756.86,1,4,4,At-Risk High-Value,0
53599,9.0,2.0,2296.8,1,2,3,Hibernating Big Spenders,0
53600,2.0,2.0,1704.34,3,2,2,Loyal Customers,0
53601,2.0,2.0,1509.53,3,2,2,Loyal Customers,0
53602,1.0,2.0,1497.98,4,2,2,Loyal Customers,1
53603,3.0,3.0,2536.88,3,3,3,Champions,0
53604,12.0,2.0,3445.64,1,2,4,Hibernating Big Spenders,1
53605,1.0,16.0,22947.76,4,4,4,Champions,0
53606,3.0,3.0,2495.62,3,3,3,Champions,1
53607,9.0,2.0,3441.79,1,2,4,Hibernating Big Spenders,0
53608,3.0,2.0,1874.18,3,2,3,Loyal Customers,0
53609,11.0,12.0,21349.02,1,4,4,At-Risk High-Value,0
53610,3.0,6.0,7593.96,3,4,4,Champions,0
53611,11.0,6.0,5591.52,1,4,4,At-Risk High-Value,0
53612,3.0,2.0,1611.94,3,2,2,Loyal Customers,0
53613,14.0,15.0,26144.25,1,4,4,At-Risk High-Value,0
53614,9.0,2.0,1868.9,1,2,3,Hibernating Big Spenders,0
53615,3.0,3.0,2640.99,3,3,3,Champions,0
53616,1.0,2.0,1635.92,4,2,2,Loyal Customers,0
53617,3.0,16.0,20003.28,3,4,4,Champions,0
53618,13.0,6.0,5910.3,1,4,4,At-Risk High-Value,0
53619,6.0,2.0,2252.58,2,2,3,Hibernating Big Spenders,1
53620,3.0,3.0,2700.56,3,3,3,Champions,0
53621,8.0,8.0,6748.72,1,4,4,At-Risk High-Value,0
53622,8.0,2.0,1891.45,1,2,3,Hibernating Big Spenders,0
53623,8.0,8.0,6969.16,1,4,4,At-Risk High-Value,1
53624,3.0,2.0,1603.8,3,2,2,Loyal Customers,0
53625,2.0,3.0,2408.34,3,3,3,Champions,0
53626,9.0,2.0,2057.99,1,2,3,Hibernating Big Spenders,0
53627,1.0,2.0,3361.71,4,2,4,Loyal Customers,0
53628,3.0,16.0,26068.24,3,4,4,Champions,0
53629,3.0,3.0,2453.88,3,3,3,Champions,0
53630,2.0,2.0,1912.13,3,2,3,Loyal Customers,1
53631,4.0,2.0,1804.44,2,2,2,Lost / Low Value,1
53632,8.0,7.0,6593.9,1,4,4,At-Risk High-Value,0
53633,8.0,2.0,2155.34,1,2,3,Hibernating Big Spenders,0
53634,8.0,6.0,5254.59,1,4,4,At-Risk High-Value,0
53635,6.0,8.0,8436.56,2,4,4,At-Risk High-Value,0
53636,3.0,2.0,3231.8,3,2,4,Loyal Customers,0
53637,3.0,2.0,2375.34,3,2,3,Loyal Customers,1
53638,3.0,8.0,9216.24,3,4,4,Champions,1
53639,9.0,2.0,2685.76,1,2,3,Hibernating Big Spenders,0
53640,8.0,2.0,1873.74,1,2,3,Hibernating Big Spenders,0
53641,3.0,10.0,12293.6,3,4,4,Champions,0
53642,10.0,12.0,12309.66,1,4,4,At-Risk High-Value,0
53643,3.0,3.0,2442.33,3,3,3,Champions,1
53644,3.0,2.0,1634.82,3,2,2,Loyal Customers,1
53645,11.0,3.0,5009.57,1,3,4,At-Risk High-Value,0
53646,12.0,10.0,17427.85,1,4,4,At-Risk High-Value,0
53647,8.0,8.0,14175.48,1,4,4,At-Risk High-Value,0
53648,1.0,2.0,1764.84,4,2,2,Loyal Customers,0
53649,3.0,2.0,2310.0,3,2,3,Loyal Customers,0
53650,9.0,9.0,8494.7,1,4,4,At-Risk High-Value,0
53651,8.0,2.0,1826.33,1,2,2,Lost / Low Value,0
53652,2.0,2.0,1842.39,3,2,3,Loyal Customers,0
53653,11.0,2.0,2917.86,1,2,3,Hibernating Big Spenders,0
53654,8.0,2.0,2133.23,1,2,3,Hibernating Big Spenders,0
53655,7.0,10.0,10243.75,1,4,4,At-Risk High-Value,0
53656,3.0,2.0,1778.59,3,2,2,Loyal Customers,0
53657,3.0,6.0,7427.64,3,4,4,Champions,1
53658,4.0,2.0,1637.57,2,2,2,Lost / Low Value,0
53659,14.0,7.0,6598.52,1,4,4,At-Risk High-Value,0
53660,9.0,2.0,2243.78,1,2,3,Hibernating Big Spenders,0
53661,1.0,2.0,1653.74,4,2,2,Loyal Customers,0
53662,4.0,2.0,2820.62,2,2,3,Hibernating Big Spenders,0
53663,1.0,2.0,1552.21,4,2,2,Loyal Customers,0
53664,1.0,2.0,1964.93,4,2,3,Loyal Customers,0
53665,1.0,2.0,1932.81,4,2,3,Loyal Customers,0
53666,9.0,4.0,5762.9,1,4,4,At-Risk High-Value,1
53667,10.0,2.0,2849.22,1,2,3,Hibernating Big Spenders,0
53668,1.0,2.0,1598.19,4,2,2,Loyal Customers,0
53669,9.0,12.0,12458.82,1,4,4,At-Risk High-Value,0
53670,8.0,8.0,7888.76,1,4,4,At-Risk High-Value,0
53671,1.0,2.0,1681.35,4,2,2,Loyal Customers,1
53672,3.0,4.0,3765.08,3,4,4,Champions,1
53673,4.0,2.0,1662.1,2,2,2,Lost / Low Value,0
53674,12.0,5.0,5276.42,1,4,4,At-Risk High-Value,0
53675,5.0,2.0,1894.64,2,2,3,Hibernating Big Spenders,0
53676,8.0,7.0,7191.42,1,4,4,At-Risk High-Value,1
53677,5.0,2.0,2048.2,2,2,3,Hibernating Big Spenders,0
53678,3.0,4.0,5081.12,3,4,4,Champions,0
53679,4.0,4.0,3952.74,2,4,4,At-Risk High-Value,0
53680,4.0,2.0,1704.56,2,2,2,Lost / Low Value,0
53681,3.0,2.0,2474.78,3,2,3,Loyal Customers,0
53682,3.0,2.0,1823.58,3,2,2,Loyal Customers,0
53683,6.0,2.0,2576.2,2,2,3,Hibernating Big Spenders,0
53684,3.0,2.0,2060.52,3,2,3,Loyal Customers,0
53685,3.0,2.0,2832.17,3,2,3,Loyal Customers,0
53686,9.0,2.0,1823.91,1,2,2,Lost / Low Value,0
53687,5.0,5.0,5023.97,2,4,4,At-Risk High-Value,0
53688,8.0,8.0,6553.36,1,4,4,At-Risk High-Value,1
53689,2.0,2.0,1804.44,3,2,2,Loyal Customers,0
53690,10.0,2.0,3222.89,1,2,4,Hibernating Big Spenders,0
53691,5.0,2.0,1699.5,2,2,2,Lost / Low Value,0
53692,3.0,2.0,1774.19,3,2,2,Loyal Customers,0
53693,3.0,3.0,3607.23,3,3,4,Champions,0
53694,3.0,2.0,1730.19,3,2,2,Loyal Customers,0
53695,8.0,2.0,1768.58,1,2,2,Lost / Low Value,0
53696,10.0,2.0,2253.68,1,2,3,Hibernating Big Spenders,0
53697,4.0,2.0,1846.24,2,2,3,Hibernating Big Spenders,1
53698,8.0,8.0,8823.32,1,4,4,At-Risk High-Value,1
53699,8.0,13.0,21327.02,1,4,4,At-Risk High-Value,0
53700,6.0,2.0,3542.11,2,2,4,Hibernating Big Spenders,0
53701,1.0,2.0,2995.52,4,2,3,Loyal Customers,0
53702,3.0,2.0,2395.58,3,2,3,Loyal Customers,0
53703,1.0,2.0,1524.49,4,2,2,Loyal Customers,1
53704,3.0,2.0,1900.69,3,2,3,Loyal Customers,0
53705,1.0,2.0,3181.42,4,2,4,Loyal Customers,0
53706,4.0,2.0,1704.56,2,2,2,Lost / Low Value,0
53707,1.0,2.0,1513.71,4,2,2,Loyal Customers,1
53708,5.0,2.0,1605.89,2,2,2,Lost / Low Value,0
53709,9.0,2.0,2014.1,1,2,3,Hibernating Big Spenders,0
53710,3.0,2.0,1996.17,3,2,3,Loyal Customers,0
53711,3.0,2.0,1751.2,3,2,2,Loyal Customers,0
53712,3.0,3.0,2788.5,3,3,3,Champions,1
53713,4.0,2.0,1760.0,2,2,2,Lost / Low Value,0
53714,1.0,2.0,1602.26,4,2,2,Loyal Customers,0
53715,7.0,6.0,9790.77,1,4,4,At-Risk High-Value,0
53716,4.0,2.0,1832.82,2,2,2,Lost / Low Value,0
53717,3.0,2.0,2387.44,3,2,3,Loyal Customers,0
53718,3.0,2.0,1737.34,3,2,2,Loyal Customers,0
53719,4.0,2.0,1608.97,2,2,2,Lost / Low Value,0
53720,8.0,2.0,1812.25,1,2,2,Lost / Low Value,0
53721,10.0,2.0,2562.23,1,2,3,Hibernating Big Spenders,0
53722,3.0,5.0,6213.9,3,4,4,Champions,1
53723,1.0,2.0,1776.06,4,2,2,Loyal Customers,1
53724,8.0,5.0,5485.15,1,4,4,At-Risk High-Value,1
53725,8.0,2.0,2568.61,1,2,3,Hibernating Big Spenders,0
53726,3.0,2.0,1606.99,3,2,2,Loyal Customers,0
53727,3.0,3.0,2676.63,3,3,3,Champions,1
53728,3.0,2.0,2406.8,3,2,3,Loyal Customers,0
53729,3.0,3.0,2967.69,3,3,3,Champions,0
53730,3.0,3.0,2514.93,3,3,3,Champions,1
53731,9.0,5.0,7220.68,1,4,4,At-Risk High-Value,0
53732,3.0,2.0,2305.93,3,2,3,Loyal Customers,0
53733,4.0,2.0,1722.82,2,2,2,Lost / Low Value,0
53734,9.0,9.0,14403.51,1,4,4,At-Risk High-Value,0
53735,3.0,2.0,2106.61,3,2,3,Loyal Customers,0
53736,3.0,2.0,1632.95,3,2,2,Loyal Customers,0
53737,4.0,2.0,1751.2,2,2,2,Lost / Low Value,0
53738,4.0,2.0,1856.03,2,2,3,Hibernating Big Spenders,0
53739,13.0,4.0,3796.98,1,4,4,At-Risk High-Value,0
53740,3.0,3.0,2937.16,3,3,3,Champions,0
53741,9.0,6.0,5337.09,1,4,4,At-Risk High-Value,0
53742,1.0,2.0,1899.48,4,2,3,Loyal Customers,0
53743,1.0,2.0,1515.14,4,2,2,Loyal Customers,0
53744,9.0,3.0,2871.0,1,3,3,At-Risk High-Value,0
53745,3.0,2.0,2526.26,3,2,3,Loyal Customers,0
53746,10.0,7.0,11360.2,1,4,4,At-Risk High-Value,0
53747,3.0,2.0,1694.99,3,2,2,Loyal Customers,1
53748,1.0,2.0,2009.15,4,2,3,Loyal Customers,1
53749,11.0,11.0,10344.9,1,4,4,At-Risk High-Value,1
53750,1.0,2.0,1639.44,4,2,2,Loyal Customers,0
53751,1.0,2.0,1723.92,4,2,2,Loyal Customers,1
53752,1.0,2.0,1598.63,4,2,2,Loyal Customers,0
53753,3.0,3.0,3746.99,3,3,4,Champions,0
53754,3.0,2.0,2323.2,3,2,3,Loyal Customers,0
53755,4.0,2.0,1602.04,2,2,2,Lost / Low Value,0
53756,3.0,2.0,1818.85,3,2,2,Loyal Customers,0
53757,3.0,2.0,1797.18,3,2,2,Loyal Customers,0
53758,3.0,2.0,1880.01,3,2,3,Loyal Customers,0
53759,1.0,2.0,1656.71,4,2,2,Loyal Customers,1
53760,1.0,2.0,1546.93,4,2,2,Loyal Customers,0
53761,4.0,2.0,1913.78,2,2,3,Hibernating Big Spenders,0
53762,3.0,2.0,1901.79,3,2,3,Loyal Customers,0
53763,3.0,2.0,1724.8,3,2,2,Loyal Customers,0
53764,8.0,2.0,2095.39,1,2,3,Hibernating Big Spenders,0
53765,1.0,2.0,2077.68,4,2,3,Loyal Customers,0
53766,1.0,2.0,2611.84,4,2,3,Loyal Customers,0
53767,13.0,2.0,3138.52,1,2,4,Hibernating Big Spenders,0
53768,8.0,2.0,1634.82,1,2,2,Lost / Low Value,1
53769,18.0,15.0,23783.1,1,4,4,At-Risk High-Value,0
53770,3.0,3.0,3444.54,3,3,4,Champions,0
53771,2.0,6.0,9604.98,3,4,4,Champions,0
53772,3.0,4.0,4643.32,3,4,4,Champions,0
53773,3.0,2.0,1624.92,3,2,2,Loyal Customers,0
53774,1.0,2.0,1596.98,4,2,2,Loyal Customers,1
53775,7.0,9.0,9693.59,1,4,4,At-Risk High-Value,0
53776,8.0,8.0,7296.96,1,4,4,At-Risk High-Value,1
53777,10.0,14.0,20721.47,1,4,4,At-Risk High-Value,0
53778,8.0,6.0,4886.64,1,4,4,At-Risk High-Value,0
53779,1.0,2.0,1907.51,4,2,3,Loyal Customers,0
53780,8.0,4.0,3692.7,1,4,4,At-Risk High-Value,0
53781,3.0,2.0,2443.65,3,2,3,Loyal Customers,0
53782,3.0,2.0,1850.2,3,2,3,Loyal Customers,0
53783,4.0,2.0,1609.52,2,2,2,Lost / Low Value,0
53784,3.0,14.0,17420.48,3,4,4,Champions,0
53785,2.0,8.0,7908.12,3,4,4,Champions,0
53786,8.0,6.0,5843.31,1,4,4,At-Risk High-Value,0
53787,8.0,8.0,12732.28,1,4,4,At-Risk High-Value,0
53788,1.0,2.0,1627.56,4,2,2,Loyal Customers,0
53789,3.0,3.0,2733.88,3,3,3,Champions,0
53790,8.0,8.0,8774.04,1,4,4,At-Risk High-Value,0
53791,3.0,5.0,4105.75,3,4,4,Champions,0
53792,6.0,3.0,3032.37,2,3,3,At-Risk High-Value,0
53793,3.0,2.0,1665.84,3,2,2,Loyal Customers,0
53794,8.0,8.0,8333.16,1,4,4,At-Risk High-Value,0
53795,1.0,2.0,1644.61,4,2,2,Loyal Customers,0
53796,3.0,3.0,3117.18,3,3,4,Champions,0
53797,3.0,7.0,8552.39,3,4,4,Champions,1
53798,3.0,2.0,2043.47,3,2,3,Loyal Customers,0
53799,3.0,2.0,1644.5,3,2,2,Loyal Customers,0
53800,3.0,2.0,2392.5,3,2,3,Loyal Customers,0
53801,1.0,2.0,1603.14,4,2,2,Loyal Customers,1
53802,3.0,2.0,2493.59,3,2,3,Loyal Customers,1
53803,5.0,2.0,1909.05,2,2,3,Hibernating Big Spenders,1
53804,3.0,2.0,1824.57,3,2,2,Loyal Customers,0
53805,7.0,8.0,6541.48,1,4,4,At-Risk High-Value,0
53806,1.0,2.0,1701.92,4,2,2,Loyal Customers,0
53807,14.0,3.0,5294.19,1,3,4,At-Risk High-Value,0
53808,2.0,3.0,2967.36,3,3,3,Champions,0
53809,1.0,2.0,1601.71,4,2,2,Loyal Customers,0
53810,3.0,8.0,9866.56,3,4,4,Champions,0
53811,3.0,2.0,1836.78,3,2,2,Loyal Customers,0
53812,1.0,2.0,2124.65,4,2,3,Loyal Customers,0
53813,6.0,2.0,1894.53,2,3,3,At-Risk High-Value,0
53814,5.0,2.0,2050.62,2,3,3,At-Risk High-Value,0
53815,7.0,8.0,9124.28,1,4,4,At-Risk High-Value,0
53816,3.0,2.0,2348.83,3,3,3,Champions,0
53817,1.0,2.0,3501.41,4,3,4,Champions,0
53818,3.0,3.0,2404.54,3,3,3,Champions,0
53819,3.0,2.0,1986.82,3,3,3,Champions,0
53820,2.0,2.0,3532.43,3,3,4,Champions,0
53821,9.0,7.0,6124.2,1,4,4,At-Risk High-Value,0
53822,8.0,8.0,7727.72,1,4,4,At-Risk High-Value,0
53823,3.0,2.0,1885.29,3,3,3,Champions,0
53824,3.0,2.0,1911.36,3,3,3,Champions,0
53825,2.0,2.0,1670.9,3,3,2,Loyal Customers,0
53826,13.0,2.0,3307.37,1,3,4,At-Risk High-Value,0
53827,1.0,2.0,1639.88,4,3,2,Loyal Customers,1
53828,4.0,2.0,1684.54,2,3,2,At-Risk High-Value,0
53829,14.0,2.0,2611.95,1,3,3,At-Risk High-Value,0
53830,3.0,2.0,1739.32,3,3,2,Loyal Customers,0
53831,11.0,2.0,3470.39,1,3,4,At-Risk High-Value,0
53832,2.0,2.0,1610.51,3,3,2,Loyal Customers,0
53833,5.0,2.0,2009.59,2,3,3,At-Risk High-Value,0
53834,6.0,5.0,4643.38,2,4,4,At-Risk High-Value,0
53835,4.0,2.0,1961.52,2,3,3,At-Risk High-Value,0
53836,2.0,2.0,1887.93,3,3,3,Champions,0
53837,3.0,8.0,7578.56,3,4,4,Champions,0
53838,5.0,2.0,1728.21,2,3,2,At-Risk High-Value,0
53839,8.0,8.0,7865.88,1,4,4,At-Risk High-Value,0
53840,8.0,2.0,1822.26,1,3,2,At-Risk High-Value,0
53841,11.0,2.0,1947.88,1,3,3,At-Risk High-Value,0
53842,1.0,2.0,275.0,4,3,1,Loyal Customers,0
53843,3.0,3.0,2576.8,3,3,3,Champions,0
53844,1.0,2.0,1547.59,4,3,2,Loyal Customers,1
53845,1.0,2.0,3537.38,4,3,4,Champions,0
53846,8.0,2.0,1712.59,1,3,2,At-Risk High-Value,0
53847,3.0,15.0,18921.38,3,4,4,Champions,0
53848,10.0,3.0,2746.92,1,3,3,At-Risk High-Value,0
53849,3.0,2.0,2009.48,3,3,3,Champions,0
53850,9.0,4.0,3859.24,1,4,4,At-Risk High-Value,0
53851,10.0,4.0,4019.4,1,4,4,At-Risk High-Value,0
53852,3.0,2.0,2228.16,3,3,3,Champions,0
53853,3.0,7.0,8780.31,3,4,4,Champions,1
53854,8.0,8.0,7231.84,1,4,4,At-Risk High-Value,0
53855,4.0,4.0,4497.9,2,4,4,At-Risk High-Value,0
53856,3.0,2.0,2006.73,3,3,3,Champions,0
53857,3.0,3.0,4570.83,3,4,4,Champions,0
53858,3.0,3.0,2960.1,3,4,3,Champions,1
53859,4.0,2.0,1788.6,2,3,2,At-Risk High-Value,0
53860,3.0,2.0,1761.87,3,3,2,Loyal Customers,0
53861,3.0,2.0,1658.8,3,3,2,Loyal Customers,0
53862,4.0,2.0,1613.26,2,3,2,At-Risk High-Value,1
53863,5.0,2.0,2020.59,2,3,3,At-Risk High-Value,0
53864,3.0,2.0,2255.88,3,3,3,Champions,0
53865,8.0,2.0,1947.66,1,3,3,At-Risk High-Value,0
53866,1.0,2.0,1957.45,4,3,3,Champions,0
53867,3.0,2.0,3180.43,3,3,4,Champions,0
53868,12.0,2.0,2834.59,1,3,3,At-Risk High-Value,0
53869,3.0,3.0,2521.7,3,4,3,Champions,0
53870,10.0,8.0,7890.52,1,4,4,At-Risk High-Value,0
53871,4.0,2.0,1596.43,2,3,2,At-Risk High-Value,0
53872,13.0,3.0,4366.89,1,4,4,At-Risk High-Value,0
53873,3.0,2.0,1856.14,3,3,3,Champions,0
53874,5.0,2.0,2127.62,2,3,3,At-Risk High-Value,0
53875,8.0,5.0,8229.65,1,4,4,At-Risk High-Value,0
53876,12.0,7.0,11589.66,1,4,4,At-Risk High-Value,0
53877,8.0,7.0,6576.18,1,4,4,At-Risk High-Value,1
53878,10.0,3.0,2843.77,1,4,3,At-Risk High-Value,0
53879,10.0,2.0,1835.57,1,3,2,At-Risk High-Value,0
53880,5.0,2.0,1980.55,2,3,3,At-Risk High-Value,0
53881,7.0,2.0,1976.7,1,3,3,At-Risk High-Value,0
53882,3.0,2.0,1977.36,3,3,3,Champions,0
53883,3.0,3.0,2489.36,3,4,3,Champions,0
53884,4.0,4.0,3286.8,2,4,4,At-Risk High-Value,0
53885,3.0,2.0,3131.92,3,3,4,Champions,0
53886,1.0,2.0,3066.69,4,3,4,Champions,0
53887,3.0,2.0,2154.02,3,3,3,Champions,0
53888,3.0,2.0,1675.08,3,3,2,Loyal Customers,0
53889,3.0,2.0,1965.48,3,3,3,Champions,0
53890,3.0,2.0,1963.17,3,3,3,Champions,0
53891,3.0,3.0,2589.67,3,4,3,Champions,0
53892,3.0,2.0,1813.79,3,3,2,Loyal Customers,1
53893,1.0,2.0,1738.66,4,3,2,Loyal Customers,0
53894,3.0,2.0,2145.55,3,3,3,Champions,0
53895,8.0,8.0,6668.2,1,4,4,At-Risk High-Value,1
53896,1.0,2.0,1528.23,4,3,2,Loyal Customers,1
53897,8.0,6.0,4973.1,1,4,4,At-Risk High-Value,0
53898,3.0,2.0,1764.07,3,3,2,Loyal Customers,0
53899,14.0,5.0,4533.65,1,4,4,At-Risk High-Value,0
53900,1.0,2.0,2572.13,4,3,3,Champions,0
53901,14.0,3.0,2397.12,1,4,3,At-Risk High-Value,0
53902,3.0,2.0,2422.75,3,3,3,Champions,0
53903,8.0,9.0,7637.36,1,4,4,At-Risk High-Value,0
53904,3.0,2.0,1625.25,3,3,2,Loyal Customers,1
53905,8.0,7.0,7845.92,1,4,4,At-Risk High-Value,0
53906,5.0,2.0,1917.3,2,3,3,At-Risk High-Value,0
53907,9.0,9.0,10071.76,1,4,4,At-Risk High-Value,0
53908,5.0,2.0,1859.11,2,3,3,At-Risk High-Value,0
53909,3.0,9.0,10761.79,3,4,4,Champions,0
53910,3.0,2.0,1702.14,3,3,2,Loyal Customers,0
53911,8.0,7.0,6545.77,1,4,4,At-Risk High-Value,0
53912,5.0,2.0,2557.28,2,3,3,At-Risk High-Value,0
53913,1.0,2.0,1546.05,4,3,2,Loyal Customers,1
53914,11.0,2.0,2797.96,1,3,3,At-Risk High-Value,1
53915,3.0,2.0,1628.55,3,3,2,Loyal Customers,0
53916,7.0,9.0,14455.98,1,4,4,At-Risk High-Value,0
53917,4.0,2.0,1752.63,2,3,2,At-Risk High-Value,0
53918,4.0,2.0,1757.47,2,3,2,At-Risk High-Value,0
53919,3.0,2.0,2082.3,3,3,3,Champions,0
53920,1.0,2.0,2091.76,4,3,3,Champions,0
53921,3.0,2.0,1804.77,3,3,2,Loyal Customers,0
53922,10.0,2.0,1986.82,1,3,3,At-Risk High-Value,0
53923,8.0,2.0,2132.13,1,3,3,At-Risk High-Value,0
53924,9.0,2.0,1689.82,1,3,2,At-Risk High-Value,0
53925,1.0,2.0,1922.58,4,3,3,Champions,0
53926,3.0,2.0,2515.48,3,3,3,Champions,0
53927,3.0,3.0,3074.61,3,4,4,Champions,1
53928,1.0,2.0,2115.85,4,3,3,Champions,1
53929,3.0,2.0,1737.45,3,3,2,Loyal Customers,0
53930,5.0,2.0,1951.18,2,3,3,At-Risk High-Value,0
53931,9.0,6.0,6260.76,1,4,4,At-Risk High-Value,0
53932,3.0,2.0,2432.1,3,3,3,Champions,0
53933,9.0,13.0,23118.09,1,4,4,At-Risk High-Value,0
53934,3.0,2.0,2448.16,3,3,3,Champions,0
53935,8.0,2.0,1921.48,1,3,3,At-Risk High-Value,0
53936,2.0,3.0,2416.42,3,4,3,Champions,0
53937,3.0,2.0,1614.8,3,3,2,Loyal Customers,1
53938,3.0,2.0,2293.06,3,3,3,Champions,0
53939,5.0,2.0,1753.95,2,3,2,At-Risk High-Value,0
53940,3.0,3.0,2517.9,3,4,3,Champions,1
53941,3.0,2.0,2067.34,3,3,3,Champions,0
53942,8.0,2.0,2160.4,1,3,3,At-Risk High-Value,0
53943,3.0,2.0,1697.52,3,3,2,Loyal Customers,0
53944,8.0,2.0,1941.17,1,3,3,At-Risk High-Value,0
53945,5.0,2.0,1870.77,2,3,3,At-Risk High-Value,0
53946,3.0,2.0,2317.04,3,3,3,Champions,1
53947,6.0,2.0,1646.48,2,3,2,At-Risk High-Value,0
53948,1.0,2.0,2272.71,4,3,3,Champions,1
53949,1.0,2.0,1606.99,4,3,2,Loyal Customers,0
53950,8.0,2.0,1957.34,1,3,3,At-Risk High-Value,0
53951,8.0,2.0,1673.98,1,3,2,At-Risk High-Value,0
53952,1.0,2.0,2014.21,4,3,3,Champions,0
53953,1.0,2.0,1643.07,4,3,2,Loyal Customers,1
53954,5.0,2.0,1679.26,2,3,2,At-Risk High-Value,0
53955,1.0,2.0,3469.18,4,3,4,Champions,0
53956,8.0,2.0,1711.05,1,3,2,At-Risk High-Value,0
53957,5.0,2.0,1626.79,2,3,2,At-Risk High-Value,0
53958,8.0,2.0,1815.11,1,3,2,At-Risk High-Value,0
53959,3.0,2.0,2801.15,3,3,3,Champions,0
53960,9.0,2.0,1764.29,1,3,2,At-Risk High-Value,0
53961,3.0,3.0,3057.28,3,4,3,Champions,0
53962,1.0,2.0,1669.69,4,3,2,Loyal Customers,1
53963,5.0,2.0,1782.22,2,3,2,At-Risk High-Value,0
53964,1.0,2.0,1638.78,4,3,2,Loyal Customers,1
53965,8.0,6.0,5929.44,1,4,4,At-Risk High-Value,0
53966,3.0,2.0,2817.76,3,3,3,Champions,0
53967,4.0,2.0,1835.79,2,3,2,At-Risk High-Value,0
53968,3.0,3.0,5251.62,3,4,4,Champions,0
53969,8.0,6.0,6870.93,1,4,4,At-Risk High-Value,0
53970,4.0,3.0,2448.93,2,4,3,At-Risk High-Value,1
53971,8.0,5.0,4557.03,1,4,4,At-Risk High-Value,0
53972,8.0,8.0,8057.72,1,4,4,At-Risk High-Value,1
53973,7.0,8.0,6882.92,1,4,4,At-Risk High-Value,0
53974,4.0,2.0,1599.84,2,3,2,At-Risk High-Value,0
53975,3.0,2.0,2856.04,3,3,3,Champions,0
53976,3.0,3.0,3381.01,3,4,4,Champions,0
53977,3.0,2.0,1746.47,3,3,2,Loyal Customers,0
53978,1.0,2.0,1984.18,4,3,3,Champions,0
53979,8.0,2.0,2008.82,1,3,3,At-Risk High-Value,0
53980,9.0,4.0,3320.24,1,4,4,At-Risk High-Value,0
53981,8.0,2.0,1963.06,1,3,3,At-Risk High-Value,1
53982,9.0,2.0,1838.43,1,3,2,At-Risk High-Value,1
53983,3.0,3.0,2743.46,3,4,3,Champions,0
53984,3.0,2.0,1643.18,3,3,2,Loyal Customers,0
53985,3.0,2.0,2130.7,3,3,3,Champions,0
53986,3.0,14.0,17669.19,3,4,4,Champions,0
53987,3.0,2.0,2438.37,3,3,3,Champions,0
53988,5.0,2.0,1611.28,2,3,2,At-Risk High-Value,1
53989,3.0,4.0,4713.72,3,4,4,Champions,1
53990,4.0,2.0,2091.43,2,3,3,At-Risk High-Value,0
53991,9.0,5.0,5307.22,1,4,4,At-Risk High-Value,0
53992,15.0,15.0,2062.5,1,4,3,At-Risk High-Value,0
53993,4.0,2.0,1672.55,2,3,2,At-Risk High-Value,0
53994,3.0,15.0,18837.23,3,4,4,Champions,0
53995,8.0,8.0,7457.12,1,4,4,At-Risk High-Value,0
53996,8.0,2.0,2128.94,1,3,3,At-Risk High-Value,0
53997,3.0,3.0,3652.61,3,4,4,Champions,0
53998,3.0,2.0,1770.01,3,3,2,Loyal Customers,0
53999,4.0,2.0,1969.55,2,3,3,At-Risk High-Value,0
54000,3.0,2.0,1890.24,3,3,3,Champions,0
54001,3.0,3.0,4667.36,3,4,4,Champions,0
54002,1.0,2.0,1541.54,4,3,2,Loyal Customers,0
54003,1.0,2.0,1700.16,4,3,2,Loyal Customers,1
54004,1.0,3.0,2447.77,4,4,3,Champions,1
54005,8.0,6.0,5825.82,1,4,4,At-Risk High-Value,0
54006,1.0,2.0,2140.82,4,3,3,Champions,0
54007,8.0,8.0,7997.0,1,4,4,At-Risk High-Value,0
54008,3.0,2.0,1636.69,3,3,2,Loyal Customers,0
54009,11.0,4.0,3588.64,1,4,4,At-Risk High-Value,0
54010,1.0,2.0,1886.28,4,3,3,Champions,0
54011,4.0,4.0,3395.92,2,4,4,At-Risk High-Value,0
54012,1.0,3.0,2409.83,4,4,3,Champions,0
54013,3.0,5.0,5796.45,3,4,4,Champions,0
54014,3.0,3.0,2508.99,3,4,3,Champions,0
54015,7.0,2.0,2077.24,1,3,3,At-Risk High-Value,0
54016,1.0,2.0,1811.48,4,3,2,Loyal Customers,0
54017,3.0,3.0,3697.16,3,4,4,Champions,1
54018,9.0,2.0,2829.75,1,3,3,At-Risk High-Value,0
54019,9.0,6.0,5293.2,1,4,4,At-Risk High-Value,0
54020,1.0,2.0,1683.44,4,3,2,Loyal Customers,0
54021,15.0,7.0,12278.42,1,4,4,At-Risk High-Value,0
54022,10.0,13.0,22997.98,1,4,4,At-Risk High-Value,0
54023,1.0,2.0,1643.29,4,3,2,Loyal Customers,1
54024,8.0,2.0,2179.54,1,3,3,At-Risk High-Value,1
54025,4.0,8.0,7600.56,2,4,4,At-Risk High-Value,0
54026,3.0,3.0,2706.33,3,4,3,Champions,0
54027,5.0,2.0,1667.82,2,3,2,At-Risk High-Value,0
54028,1.0,2.0,1689.16,4,3,2,Loyal Customers,0
54029,1.0,2.0,1493.91,4,3,2,Loyal Customers,1
54030,1.0,2.0,1646.92,4,3,2,Loyal Customers,1
54031,8.0,2.0,1999.03,1,3,3,At-Risk High-Value,0
54032,3.0,2.0,1836.67,3,3,2,Loyal Customers,0
54033,3.0,2.0,2443.43,3,3,3,Champions,0
54034,3.0,2.0,1601.82,3,3,2,Loyal Customers,0
54035,5.0,2.0,1846.24,2,3,3,At-Risk High-Value,0
54036,3.0,2.0,1901.68,3,3,3,Champions,0
54037,9.0,4.0,4049.32,1,4,4,At-Risk High-Value,0
54038,9.0,2.0,1802.46,1,3,2,At-Risk High-Value,0
54039,17.0,12.0,19353.18,1,4,4,At-Risk High-Value,0
54040,1.0,2.0,1697.63,4,3,2,Loyal Customers,0
54041,8.0,2.0,2090.0,1,3,3,At-Risk High-Value,0
54042,8.0,5.0,8160.35,1,4,4,At-Risk High-Value,0
54043,3.0,3.0,2892.94,3,4,3,Champions,0
54044,1.0,4.0,3257.54,4,4,4,Champions,1
54045,1.0,2.0,1659.57,4,3,2,Loyal Customers,1
54046,4.0,2.0,1980.77,2,3,3,At-Risk High-Value,0
54047,5.0,2.0,1858.23,2,3,3,At-Risk High-Value,0
54048,8.0,2.0,2843.28,1,3,3,At-Risk High-Value,0
54049,5.0,2.0,2099.13,2,3,3,At-Risk High-Value,0
54050,2.0,2.0,2266.33,3,3,3,Champions,0
54051,3.0,3.0,2718.87,3,4,3,Champions,0
54052,8.0,8.0,6619.36,1,4,4,At-Risk High-Value,0
54053,4.0,2.0,1968.89,2,3,3,At-Risk High-Value,0
54054,10.0,2.0,1978.57,1,3,3,At-Risk High-Value,0
54055,8.0,2.0,2126.74,1,3,3,At-Risk High-Value,0
54056,1.0,2.0,1495.01,4,3,2,Loyal Customers,1
54057,3.0,2.0,2005.96,3,3,3,Champions,0
54058,3.0,2.0,1619.86,3,3,2,Loyal Customers,0
54059,12.0,7.0,7025.1,1,4,4,At-Risk High-Value,0
54060,3.0,3.0,3688.41,3,4,4,Champions,1
54061,8.0,2.0,1976.37,1,3,3,At-Risk High-Value,0
54062,1.0,2.0,1966.8,4,3,3,Champions,0
54063,10.0,8.0,7766.44,1,4,4,At-Risk High-Value,0
54064,8.0,2.0,1609.63,1,3,2,At-Risk High-Value,0
54065,1.0,2.0,3341.25,4,3,4,Champions,0
54066,4.0,2.0,1642.52,2,3,2,At-Risk High-Value,1
54067,4.0,2.0,1899.81,2,3,3,At-Risk High-Value,0
54068,4.0,5.0,8706.78,2,4,4,At-Risk High-Value,0
54069,1.0,2.0,1934.57,4,3,3,Champions,0
54070,1.0,2.0,1689.93,4,3,2,Loyal Customers,1
54071,5.0,2.0,275.0,2,3,1,At-Risk High-Value,0
54072,5.0,2.0,1610.84,2,3,2,At-Risk High-Value,0
54073,4.0,3.0,2568.23,2,4,3,At-Risk High-Value,0
54074,3.0,2.0,1684.1,3,3,2,Loyal Customers,0
54075,3.0,3.0,3694.02,3,4,4,Champions,0
54076,3.0,2.0,2324.08,3,3,3,Champions,0
54077,7.0,8.0,6761.48,1,4,4,At-Risk High-Value,0
54078,3.0,2.0,1966.03,3,3,3,Champions,0
54079,3.0,2.0,2108.37,3,3,3,Champions,0
54080,8.0,9.0,8663.98,1,4,4,At-Risk High-Value,0
54081,4.0,2.0,1635.37,2,3,2,At-Risk High-Value,1
54082,1.0,2.0,1689.38,4,3,2,Loyal Customers,0
54083,10.0,2.0,1947.44,1,3,3,At-Risk High-Value,0
54084,8.0,2.0,1826.55,1,3,2,At-Risk High-Value,0
54085,3.0,2.0,2439.69,3,3,3,Champions,0
54086,9.0,2.0,1992.87,1,3,3,At-Risk High-Value,1
54087,3.0,3.0,3786.42,3,4,4,Champions,1
54088,4.0,3.0,2540.5,2,4,3,At-Risk High-Value,0
54089,9.0,3.0,3047.22,1,4,3,At-Risk High-Value,0
54090,10.0,2.0,2201.1,1,3,3,At-Risk High-Value,0
54091,3.0,2.0,1704.01,3,3,2,Loyal Customers,0
54092,5.0,2.0,3534.96,2,3,4,At-Risk High-Value,0
54093,1.0,2.0,1499.19,4,3,2,Loyal Customers,0
54094,11.0,2.0,2842.51,1,3,3,At-Risk High-Value,0
54095,8.0,4.0,3703.04,1,4,4,At-Risk High-Value,0
54096,9.0,2.0,2588.41,1,3,3,At-Risk High-Value,0
54097,5.0,2.0,1863.4,2,3,3,At-Risk High-Value,0
54098,3.0,2.0,1882.87,3,3,3,Champions,0
54099,5.0,2.0,1666.17,2,3,2,At-Risk High-Value,0
54100,5.0,10.0,10352.65,2,4,4,At-Risk High-Value,0
54101,11.0,6.0,5998.41,1,4,4,At-Risk High-Value,0
54102,3.0,2.0,1615.57,3,3,2,Loyal Customers,0
54103,8.0,2.0,1787.28,1,3,2,At-Risk High-Value,0
54104,3.0,2.0,1812.47,3,3,2,Loyal Customers,0
54105,3.0,13.0,15110.1,3,4,4,Champions,0
54106,1.0,2.0,1595.88,4,3,2,Loyal Customers,0
54107,9.0,6.0,5590.2,1,4,4,At-Risk High-Value,0
54108,3.0,2.0,1712.37,3,3,2,Loyal Customers,0
54109,8.0,8.0,7841.24,1,4,4,At-Risk High-Value,0
54110,3.0,2.0,1970.1,3,3,3,Champions,0
54111,1.0,2.0,1681.02,4,3,2,Loyal Customers,0
54112,13.0,2.0,2690.27,1,3,3,At-Risk High-Value,0
54113,3.0,3.0,2501.4,3,4,3,Champions,0
54114,3.0,2.0,1746.25,3,3,2,Loyal Customers,0
54115,9.0,2.0,1935.78,1,3,3,At-Risk High-Value,0
54116,2.0,9.0,1831.5,3,4,2,Loyal Customers,0
54117,2.0,5.0,4217.68,3,4,4,Champions,0
54118,1.0,2.0,1639.66,4,3,2,Loyal Customers,0
54119,3.0,3.0,2436.88,3,4,3,Champions,0
54120,8.0,2.0,1826.88,1,3,2,At-Risk High-Value,0
54121,12.0,2.0,2827.66,1,3,3,At-Risk High-Value,0
54122,3.0,6.0,7564.26,3,4,4,Champions,0
54123,9.0,7.0,10103.94,1,4,4,At-Risk High-Value,0
54124,5.0,2.0,1914.77,2,3,3,At-Risk High-Value,0
54125,1.0,2.0,1758.02,4,3,2,Loyal Customers,0
54126,3.0,2.0,1642.96,3,3,2,Loyal Customers,0
54127,3.0,2.0,1636.8,3,3,2,Loyal Customers,0
54128,4.0,2.0,3512.41,2,3,4,At-Risk High-Value,0
54129,1.0,2.0,1571.9,4,3,2,Loyal Customers,1
54130,5.0,4.0,4431.68,2,4,4,At-Risk High-Value,0
54131,3.0,2.0,1939.41,3,3,3,Champions,0
54132,10.0,2.0,2068.66,1,3,3,At-Risk High-Value,0
54133,3.0,3.0,2852.36,3,4,3,Champions,1
54134,15.0,5.0,8629.5,1,4,4,At-Risk High-Value,0
54135,9.0,10.0,8161.45,1,4,4,At-Risk High-Value,1
54136,11.0,2.0,2867.7,1,3,3,At-Risk High-Value,0
54137,8.0,2.0,2113.32,1,3,3,At-Risk High-Value,0
54138,12.0,12.0,11817.96,1,4,4,At-Risk High-Value,0
54139,3.0,2.0,2358.18,3,3,3,Champions,0
54140,3.0,2.0,1643.29,3,3,2,Loyal Customers,0
54141,3.0,2.0,2347.07,3,3,3,Champions,0
54142,10.0,2.0,1962.73,1,3,3,At-Risk High-Value,0
54143,2.0,2.0,2115.08,3,3,3,Champions,1
54144,1.0,2.0,2106.72,4,3,3,Champions,0
54145,2.0,2.0,1908.5,3,3,3,Champions,0
54146,3.0,3.0,2525.98,3,4,3,Champions,0
54147,3.0,2.0,2000.79,3,3,3,Champions,0
54148,3.0,2.0,1595.11,3,3,2,Loyal Customers,0
54149,2.0,2.0,1702.47,3,3,2,Loyal Customers,0
54150,4.0,2.0,1817.75,2,3,2,At-Risk High-Value,0
54151,5.0,2.0,1791.35,2,3,2,At-Risk High-Value,0
54152,1.0,2.0,2568.94,4,3,3,Champions,1
54153,7.0,2.0,2698.41,1,3,3,At-Risk High-Value,0
54154,3.0,2.0,2467.96,3,3,3,Champions,0
54155,1.0,2.0,1701.26,4,3,2,Loyal Customers,0
54156,4.0,2.0,1657.81,2,3,2,At-Risk High-Value,0
54157,3.0,2.0,2474.01,3,3,3,Champions,0
54158,4.0,2.0,2050.62,2,3,3,At-Risk High-Value,0
54159,9.0,2.0,1967.9,1,3,3,At-Risk High-Value,0
54160,3.0,2.0,1859.44,3,3,3,Champions,0
54161,6.0,2.0,2034.23,2,3,3,At-Risk High-Value,1
54162,8.0,2.0,1939.3,1,3,3,At-Risk High-Value,0
54163,1.0,2.0,1604.9,4,3,2,Loyal Customers,1
54164,1.0,4.0,3389.98,4,4,4,Champions,0
54165,3.0,3.0,2634.72,3,4,3,Champions,0
54166,7.0,4.0,3424.96,1,4,4,At-Risk High-Value,0
54167,1.0,2.0,1668.7,4,3,2,Loyal Customers,0
54168,1.0,2.0,1671.23,4,3,2,Loyal Customers,0
54169,3.0,2.0,2422.86,3,3,3,Champions,0
54170,8.0,8.0,7804.28,1,4,4,At-Risk High-Value,0
54171,4.0,2.0,1641.86,2,3,2,At-Risk High-Value,0
54172,9.0,2.0,1836.23,1,3,2,At-Risk High-Value,0
54173,4.0,5.0,4238.02,2,4,4,At-Risk High-Value,0
54174,3.0,2.0,1667.71,3,3,2,Loyal Customers,0
54175,4.0,2.0,1598.08,2,3,2,At-Risk High-Value,1
54176,3.0,9.0,11127.6,3,4,4,Champions,0
54177,6.0,2.0,1737.78,2,3,2,At-Risk High-Value,0
54178,1.0,2.0,1697.85,4,3,2,Loyal Customers,0
54179,8.0,4.0,6143.94,1,4,4,At-Risk High-Value,0
54180,3.0,2.0,1808.84,3,3,2,Loyal Customers,0
54181,4.0,2.0,1816.21,2,3,2,At-Risk High-Value,0
54182,4.0,2.0,1749.77,2,3,2,At-Risk High-Value,1
54183,12.0,2.0,2694.34,1,3,3,At-Risk High-Value,0
54184,1.0,2.0,1510.52,4,3,2,Loyal Customers,0
54185,4.0,2.0,1700.6,2,3,2,At-Risk High-Value,1
54186,9.0,5.0,8688.35,1,4,4,At-Risk High-Value,0
54187,8.0,7.0,6321.32,1,4,4,At-Risk High-Value,1
54188,3.0,5.0,5314.38,3,4,4,Champions,0
54189,3.0,6.0,7506.84,3,4,4,Champions,0
54190,2.0,3.0,5188.76,3,4,4,Champions,0
54191,1.0,2.0,1649.56,4,3,2,Loyal Customers,0
54192,4.0,2.0,2086.15,2,3,3,At-Risk High-Value,0
54193,9.0,2.0,1617.66,1,3,2,At-Risk High-Value,0
54194,1.0,2.0,1604.46,4,3,2,Loyal Customers,1
54195,1.0,3.0,2440.85,4,4,3,Champions,1
54196,5.0,2.0,1665.95,2,3,2,At-Risk High-Value,0
54197,3.0,2.0,1670.13,3,3,2,Loyal Customers,1
54198,3.0,3.0,2394.81,3,4,3,Champions,0
54199,1.0,2.0,1751.09,4,3,2,Loyal Customers,0
54200,4.0,2.0,1966.36,2,3,3,At-Risk High-Value,0
54201,1.0,2.0,1589.61,4,3,2,Loyal Customers,0
54202,1.0,2.0,1632.51,4,3,2,Loyal Customers,0
54203,2.0,2.0,1627.23,3,3,2,Loyal Customers,1
54204,3.0,2.0,2334.86,3,3,3,Champions,0
54205,8.0,4.0,3632.42,1,4,4,At-Risk High-Value,0
54206,9.0,16.0,28199.6,1,4,4,At-Risk High-Value,1
54207,8.0,9.0,8448.66,1,4,4,At-Risk High-Value,0
54208,1.0,2.0,1707.42,4,3,2,Loyal Customers,0
54209,9.0,2.0,2009.92,1,3,3,At-Risk High-Value,0
54210,2.0,2.0,1624.59,3,3,2,Loyal Customers,0
54211,1.0,2.0,1966.91,4,3,3,Champions,1
54212,3.0,3.0,2630.26,3,4,3,Champions,1
54213,4.0,2.0,1974.94,2,3,3,At-Risk High-Value,0
54214,3.0,3.0,3693.36,3,4,4,Champions,0
54215,1.0,2.0,1832.27,4,3,2,Loyal Customers,0
54216,13.0,2.0,2855.38,1,3,3,At-Risk High-Value,0
54217,3.0,2.0,2372.59,3,3,3,Champions,0
54218,3.0,3.0,2724.81,3,4,3,Champions,0
54219,8.0,2.0,2025.65,1,3,3,At-Risk High-Value,0
54220,8.0,2.0,2034.23,1,3,3,At-Risk High-Value,0
54221,9.0,8.0,8211.28,1,4,4,At-Risk High-Value,0
54222,10.0,10.0,8198.3,1,4,4,At-Risk High-Value,0
54223,9.0,14.0,24054.8,1,4,4,At-Risk High-Value,0
54224,10.0,8.0,8860.28,1,4,4,At-Risk High-Value,0
54225,3.0,13.0,16156.14,3,4,4,Champions,0
54226,3.0,2.0,2998.16,3,3,3,Champions,0
54227,4.0,2.0,2089.89,2,3,3,At-Risk High-Value,0
54228,3.0,2.0,2444.64,3,3,3,Champions,0
54229,3.0,2.0,1616.34,3,3,2,Loyal Customers,0
54230,1.0,2.0,1747.68,4,3,2,Loyal Customers,1
54231,4.0,2.0,1977.03,2,3,3,At-Risk High-Value,0
54232,5.0,2.0,1672.33,2,3,2,At-Risk High-Value,0
54233,1.0,2.0,1650.11,4,3,2,Loyal Customers,0
54234,10.0,2.0,2059.2,1,3,3,At-Risk High-Value,0
54235,1.0,2.0,1709.18,4,3,2,Loyal Customers,0
54236,9.0,2.0,1861.64,1,3,3,At-Risk High-Value,0
54237,9.0,3.0,2773.98,1,4,3,At-Risk High-Value,0
54238,1.0,2.0,2831.95,4,3,3,Champions,0
54239,3.0,2.0,2878.04,3,3,3,Champions,0
54240,3.0,2.0,1927.31,3,3,3,Champions,0
54241,1.0,4.0,3877.72,4,4,4,Champions,0
54242,5.0,2.0,1689.49,2,3,2,At-Risk High-Value,0
54243,3.0,2.0,2501.29,3,3,3,Champions,0
54244,10.0,2.0,1961.19,1,3,3,At-Risk High-Value,0
54245,4.0,2.0,1850.75,2,3,3,At-Risk High-Value,0
54246,3.0,2.0,2173.6,3,3,3,Champions,0
54247,1.0,2.0,1630.42,4,3,2,Loyal Customers,0
54248,4.0,2.0,1603.25,2,3,2,At-Risk High-Value,0
54249,9.0,11.0,10074.46,1,4,4,At-Risk High-Value,0
54250,3.0,5.0,6082.72,3,4,4,Champions,1
54251,12.0,2.0,2860.33,1,3,3,At-Risk High-Value,0
54252,1.0,2.0,1973.51,4,3,3,Champions,0
54253,8.0,3.0,2921.98,1,4,3,At-Risk High-Value,0
54254,6.0,2.0,2549.03,2,3,3,At-Risk High-Value,0
54255,8.0,6.0,5778.3,1,4,4,At-Risk High-Value,0
54256,4.0,2.0,2865.39,2,3,3,At-Risk High-Value,0
54257,3.0,2.0,1924.89,3,3,3,Champions,0
54258,5.0,2.0,1839.31,2,3,2,At-Risk High-Value,0
54259,9.0,2.0,2900.92,1,3,3,At-Risk High-Value,0
54260,3.0,2.0,1599.62,3,3,2,Loyal Customers,0
54261,3.0,2.0,1603.03,3,3,2,Loyal Customers,1
54262,1.0,2.0,1700.16,4,3,2,Loyal Customers,0
54263,1.0,2.0,1696.86,4,3,2,Loyal Customers,1
54264,11.0,3.0,2855.98,1,4,3,At-Risk High-Value,0
54265,1.0,2.0,1942.93,4,3,3,Champions,0
54266,3.0,3.0,5171.76,3,4,4,Champions,0
54267,8.0,2.0,3373.92,1,3,4,At-Risk High-Value,0
54268,4.0,2.0,2006.84,2,3,3,At-Risk High-Value,1
54269,2.0,3.0,2539.18,3,4,3,Champions,0
54270,1.0,2.0,1690.81,4,3,2,Loyal Customers,0
54271,9.0,13.0,14288.56,1,4,4,At-Risk High-Value,0
54272,7.0,2.0,2043.14,1,3,3,At-Risk High-Value,1
54273,5.0,5.0,8202.7,2,4,4,At-Risk High-Value,0
54274,3.0,2.0,1680.14,3,3,2,Loyal Customers,0
54275,1.0,2.0,1870.55,4,3,3,Champions,0
54276,4.0,2.0,2192.08,2,3,3,At-Risk High-Value,0
54277,9.0,2.0,2654.41,1,3,3,At-Risk High-Value,0
54278,3.0,3.0,3669.27,3,4,4,Champions,0
54279,1.0,2.0,1686.85,4,3,2,Loyal Customers,0
54280,13.0,5.0,8101.22,1,4,4,At-Risk High-Value,0
54281,10.0,2.0,1662.43,1,3,2,At-Risk High-Value,0
54282,8.0,2.0,2051.06,1,3,3,At-Risk High-Value,0
54283,4.0,5.0,4802.32,2,4,4,At-Risk High-Value,1
54284,16.0,16.0,28192.56,1,4,4,At-Risk High-Value,0
54285,8.0,8.0,8215.68,1,4,4,At-Risk High-Value,1
54286,4.0,5.0,4088.7,2,4,4,At-Risk High-Value,0
54287,3.0,16.0,20074.56,3,4,4,Champions,1
54288,1.0,2.0,1559.25,4,3,2,Loyal Customers,1
54289,2.0,3.0,2478.8,3,4,3,Champions,0
54290,12.0,6.0,6292.11,1,4,4,At-Risk High-Value,0
54291,3.0,2.0,1896.29,3,3,3,Champions,0
54292,3.0,3.0,3581.82,3,4,4,Champions,0
54293,3.0,3.0,2814.74,3,4,3,Champions,1
54294,8.0,2.0,2275.79,1,3,3,At-Risk High-Value,0
54295,8.0,6.0,5095.86,1,4,4,At-Risk High-Value,0
54296,2.0,2.0,1918.51,3,3,3,Champions,0
54297,4.0,2.0,2546.5,2,3,3,At-Risk High-Value,1
54298,10.0,6.0,6072.66,1,4,4,At-Risk High-Value,0
54299,3.0,3.0,3487.94,3,4,4,Champions,0
54300,8.0,5.0,5182.92,1,4,4,At-Risk High-Value,0
54301,5.0,2.0,1837.0,2,3,2,At-Risk High-Value,1
54302,4.0,2.0,1754.72,2,3,2,At-Risk High-Value,0
54303,3.0,3.0,2774.8,3,4,3,Champions,0
54304,5.0,2.0,1664.52,2,3,2,At-Risk High-Value,0
54305,8.0,2.0,1888.48,1,3,3,At-Risk High-Value,0
54306,31.0,3.0,2591.16,1,4,3,At-Risk High-Value,0
54307,3.0,2.0,1674.2,3,3,2,Loyal Customers,0
54308,8.0,8.0,13059.64,1,4,4,At-Risk High-Value,0
54309,5.0,2.0,1621.18,2,3,2,At-Risk High-Value,0
54310,1.0,2.0,1538.13,4,3,2,Loyal Customers,0
54311,14.0,3.0,2987.32,1,4,3,At-Risk High-Value,0
54312,7.0,2.0,2177.45,1,3,3,At-Risk High-Value,0
54313,6.0,5.0,4071.65,2,4,4,At-Risk High-Value,0
54314,16.0,2.0,1633.28,1,3,2,At-Risk High-Value,0
54315,3.0,4.0,4729.56,3,4,4,Champions,0
54316,10.0,2.0,1850.09,1,3,3,At-Risk High-Value,0
54317,1.0,2.0,2049.52,4,3,3,Champions,0
54318,1.0,2.0,1743.06,4,3,2,Loyal Customers,0
54319,12.0,2.0,2569.05,1,3,3,At-Risk High-Value,0
54320,3.0,2.0,1620.41,3,3,2,Loyal Customers,0
54321,3.0,3.0,2445.8,3,4,3,Champions,0
54322,3.0,3.0,2396.46,3,4,3,Champions,0
54323,3.0,2.0,1673.43,3,3,2,Loyal Customers,0
54324,3.0,2.0,2413.29,3,3,3,Champions,0
54325,2.0,2.0,1657.26,3,3,2,Loyal Customers,0
54326,5.0,5.0,8917.15,2,4,4,At-Risk High-Value,0
54327,9.0,2.0,1644.61,1,3,2,At-Risk High-Value,0
54328,3.0,8.0,9644.36,3,4,4,Champions,0
54329,3.0,2.0,2330.46,3,3,3,Champions,0
54330,5.0,2.0,1709.18,2,3,2,At-Risk High-Value,0
54331,2.0,2.0,1711.38,3,3,2,Loyal Customers,0
54332,1.0,2.0,1630.75,4,3,2,Loyal Customers,1
54333,3.0,8.0,6418.72,3,4,4,Champions,0
54334,11.0,7.0,5995.22,1,4,4,At-Risk High-Value,0
54335,4.0,2.0,1925.66,2,3,3,At-Risk High-Value,0
54336,3.0,3.0,2764.9,3,4,3,Champions,0
54337,3.0,2.0,1650.0,3,3,2,Loyal Customers,0
54338,1.0,2.0,1496.22,4,3,2,Loyal Customers,1
54339,3.0,16.0,20198.64,3,4,4,Champions,0
54340,2.0,3.0,2440.02,3,4,3,Champions,0
54341,3.0,2.0,1807.19,3,3,2,Loyal Customers,0
54342,3.0,2.0,1629.21,3,3,2,Loyal Customers,0
54343,3.0,2.0,1720.4,3,3,2,Loyal Customers,1
54344,3.0,2.0,1780.9,3,3,2,Loyal Customers,0
54345,4.0,2.0,1864.5,2,3,3,At-Risk High-Value,0
54346,7.0,2.0,1678.16,1,3,2,At-Risk High-Value,0
54347,10.0,10.0,17343.15,1,4,4,At-Risk High-Value,0
54348,16.0,3.0,5151.63,1,4,4,At-Risk High-Value,0
54349,3.0,2.0,2425.17,3,3,3,Champions,0
54350,1.0,2.0,2885.74,4,3,3,Champions,0
54351,10.0,12.0,21449.34,1,4,4,At-Risk High-Value,0
54352,4.0,2.0,1625.69,2,3,2,At-Risk High-Value,0
54353,2.0,2.0,2025.76,3,3,3,Champions,1
54354,3.0,3.0,2407.18,3,4,3,Champions,0
54355,9.0,12.0,19332.72,1,4,4,At-Risk High-Value,0
54356,8.0,2.0,1767.04,1,3,2,At-Risk High-Value,0
54357,3.0,2.0,1861.75,3,3,3,Champions,0
54358,3.0,2.0,1954.15,3,3,3,Champions,0
54359,1.0,2.0,2095.83,4,3,3,Champions,0
54360,8.0,2.0,2063.71,1,3,3,At-Risk High-Value,0
54361,1.0,3.0,2771.67,4,4,3,Champions,0
54362,8.0,2.0,2123.44,1,3,3,At-Risk High-Value,0
54363,1.0,3.0,2691.98,4,4,3,Champions,0
54364,8.0,4.0,3353.02,1,4,4,At-Risk High-Value,0
54365,1.0,2.0,2109.03,4,3,3,Champions,1
54366,10.0,2.0,2215.29,1,3,3,At-Risk High-Value,1
54367,3.0,3.0,2446.62,3,4,3,Champions,0
54368,8.0,2.0,1611.83,1,3,2,At-Risk High-Value,0
54369,3.0,2.0,1911.36,3,3,3,Champions,0
54370,3.0,2.0,2408.56,3,3,3,Champions,0
54371,3.0,10.0,12595.0,3,4,4,Champions,1
54372,3.0,6.0,6921.42,3,4,4,Champions,0
54373,3.0,2.0,2472.91,3,3,3,Champions,0
54374,8.0,2.0,2748.9,1,3,3,At-Risk High-Value,0
54375,5.0,2.0,1667.27,2,3,2,At-Risk High-Value,1
54376,1.0,2.0,2870.01,4,3,3,Champions,0
54377,2.0,2.0,2111.56,3,3,3,Champions,1
54378,6.0,2.0,1601.38,2,3,2,At-Risk High-Value,1
54379,3.0,13.0,15275.98,3,4,4,Champions,0
54380,6.0,2.0,2028.4,2,3,3,At-Risk High-Value,0
54381,8.0,4.0,4051.08,1,4,4,At-Risk High-Value,0
54382,2.0,2.0,1663.42,3,3,2,Loyal Customers,0
54383,8.0,2.0,2715.35,1,3,3,At-Risk High-Value,0
54384,3.0,6.0,7625.97,3,4,4,Champions,0
54385,5.0,2.0,1852.95,2,3,3,At-Risk High-Value,0
54386,1.0,2.0,1614.47,4,3,2,Loyal Customers,0
54387,9.0,6.0,5046.69,1,4,4,At-Risk High-Value,0
54388,2.0,5.0,5614.95,3,4,4,Champions,0
54389,3.0,2.0,2341.79,3,3,3,Champions,0
54390,2.0,2.0,1637.79,3,3,2,Loyal Customers,1
54391,3.0,3.0,2592.48,3,4,3,Champions,0
54392,16.0,12.0,20943.12,1,4,4,At-Risk High-Value,0
54393,3.0,3.0,2436.55,3,4,3,Champions,0
54394,7.0,2.0,3521.87,1,3,4,At-Risk High-Value,0
54395,5.0,2.0,1642.96,2,3,2,At-Risk High-Value,1
54396,10.0,2.0,3142.04,1,3,4,At-Risk High-Value,0
54397,8.0,2.0,1672.77,1,3,2,At-Risk High-Value,1
54398,13.0,16.0,27779.84,1,4,4,At-Risk High-Value,0
54399,3.0,2.0,1807.41,3,3,2,Loyal Customers,0
54400,3.0,2.0,1785.3,3,3,2,Loyal Customers,1
54401,3.0,2.0,1620.52,3,3,2,Loyal Customers,0
54402,3.0,3.0,2799.23,3,4,3,Champions,0
54403,1.0,2.0,1712.92,4,3,2,Loyal Customers,0
54404,8.0,5.0,4350.22,1,4,4,At-Risk High-Value,0
54405,8.0,2.0,3487.22,1,3,4,At-Risk High-Value,0
54406,3.0,3.0,4318.88,3,4,4,Champions,0
54407,3.0,2.0,1695.21,3,3,2,Loyal Customers,0
54408,10.0,6.0,6090.81,1,4,4,At-Risk High-Value,0
54409,3.0,2.0,1806.2,3,3,2,Loyal Customers,0
54410,3.0,2.0,2082.74,3,3,3,Champions,0
54411,3.0,2.0,2480.28,3,3,3,Champions,1
54412,9.0,2.0,2578.18,1,3,3,At-Risk High-Value,0
54413,6.0,2.0,1632.4,2,3,2,At-Risk High-Value,0
54414,3.0,2.0,2094.95,3,3,3,Champions,0
54415,3.0,2.0,2137.41,3,3,3,Champions,0
54416,3.0,2.0,1913.78,3,3,3,Champions,0
54417,9.0,8.0,6640.92,1,4,4,At-Risk High-Value,0
54418,10.0,4.0,7025.92,1,4,4,At-Risk High-Value,0
54419,1.0,2.0,1674.53,4,3,2,Loyal Customers,0
54420,5.0,2.0,1757.69,2,3,2,At-Risk High-Value,1
54421,4.0,2.0,1682.34,2,3,2,At-Risk High-Value,0
54422,6.0,8.0,7809.56,2,4,4,At-Risk High-Value,0
54423,5.0,2.0,1614.36,2,3,2,At-Risk High-Value,0
54424,8.0,8.0,12923.68,1,4,4,At-Risk High-Value,0
54425,1.0,2.0,1758.35,4,3,2,Loyal Customers,1
54426,1.0,2.0,2105.84,4,3,3,Champions,0
54427,9.0,8.0,7956.08,1,4,4,At-Risk High-Value,0
54428,6.0,2.0,1815.0,2,3,2,At-Risk High-Value,0
54429,11.0,2.0,2859.56,1,3,3,At-Risk High-Value,0
54430,12.0,11.0,9504.55,1,4,4,At-Risk High-Value,0
54431,14.0,5.0,8674.88,1,4,4,At-Risk High-Value,0
54432,10.0,2.0,2678.39,1,3,3,At-Risk High-Value,1
54433,5.0,2.0,1602.7,2,3,2,At-Risk High-Value,0
54434,2.0,2.0,2090.22,3,3,3,Champions,0
54435,1.0,2.0,1730.3,4,3,2,Loyal Customers,0
54436,3.0,2.0,2871.33,3,3,3,Champions,0
54437,3.0,2.0,2694.56,3,3,3,Champions,0
54438,8.0,8.0,7966.2,1,4,4,At-Risk High-Value,0
54439,5.0,2.0,2078.67,2,3,3,At-Risk High-Value,0
54440,7.0,2.0,3480.84,1,3,4,At-Risk High-Value,0
54441,4.0,2.0,3309.24,2,3,4,At-Risk High-Value,0
54442,7.0,12.0,11488.62,1,4,4,At-Risk High-Value,0
54443,10.0,2.0,1875.94,1,3,3,At-Risk High-Value,0
54444,9.0,2.0,1970.65,1,3,3,At-Risk High-Value,0
54445,4.0,4.0,3793.02,2,4,4,At-Risk High-Value,0
54446,8.0,6.0,4822.95,1,4,4,At-Risk High-Value,0
54447,1.0,2.0,1722.71,4,3,2,Loyal Customers,1
54448,3.0,2.0,2006.95,3,3,3,Champions,0
54449,3.0,2.0,1636.03,3,3,2,Loyal Customers,1
54450,3.0,2.0,1739.1,3,3,2,Loyal Customers,0
54451,3.0,2.0,3428.15,3,3,4,Champions,0
54452,8.0,8.0,7473.4,1,4,4,At-Risk High-Value,0
54453,3.0,3.0,2522.68,3,4,3,Champions,0
54454,5.0,8.0,8064.32,2,4,4,At-Risk High-Value,1
54455,3.0,2.0,1630.86,3,3,2,Loyal Customers,0
54456,9.0,2.0,2862.75,1,3,3,At-Risk High-Value,0
54457,1.0,2.0,1531.2,4,3,2,Loyal Customers,1
54458,10.0,7.0,7900.2,1,4,4,At-Risk High-Value,0
54459,1.0,2.0,1780.68,4,3,2,Loyal Customers,0
54460,3.0,2.0,1978.02,3,3,3,Champions,0
54461,5.0,2.0,3136.65,2,3,4,At-Risk High-Value,0
54462,1.0,2.0,1507.0,4,3,2,Loyal Customers,0
54463,8.0,2.0,1997.71,1,3,3,At-Risk High-Value,0
54464,8.0,8.0,8548.76,1,4,4,At-Risk High-Value,0
54465,3.0,4.0,4864.86,3,4,4,Champions,0
54466,9.0,2.0,1999.14,1,3,3,At-Risk High-Value,0
54467,9.0,5.0,4945.6,1,4,4,At-Risk High-Value,0
54468,2.0,2.0,2701.71,3,3,3,Champions,0
54469,3.0,2.0,1997.6,3,3,3,Champions,0
54470,4.0,2.0,1905.31,2,3,3,At-Risk High-Value,0
54471,1.0,2.0,2080.1,4,3,3,Champions,0
54472,12.0,10.0,9740.5,1,4,4,At-Risk High-Value,0
54473,3.0,3.0,2507.17,3,4,3,Champions,0
54474,9.0,2.0,2681.58,1,3,3,At-Risk High-Value,0
54475,11.0,12.0,19514.88,1,4,4,At-Risk High-Value,0
54476,8.0,2.0,1645.05,1,3,2,At-Risk High-Value,0
54477,8.0,2.0,2911.04,1,3,3,At-Risk High-Value,0
54478,8.0,8.0,7674.04,1,4,4,At-Risk High-Value,1
54479,3.0,2.0,1647.58,3,3,2,Loyal Customers,0
54480,10.0,12.0,11700.48,1,4,4,At-Risk High-Value,0
54481,5.0,2.0,1867.58,2,3,3,At-Risk High-Value,0
54482,8.0,2.0,2205.17,1,3,3,At-Risk High-Value,0
54483,8.0,2.0,1931.05,1,3,3,At-Risk High-Value,0
54484,3.0,3.0,2634.06,3,4,3,Champions,1
54485,10.0,2.0,2010.25,1,3,3,At-Risk High-Value,0
54486,3.0,9.0,10614.28,3,4,4,Champions,0
54487,4.0,14.0,24464.44,2,4,4,At-Risk High-Value,0
54488,1.0,2.0,1951.18,4,3,3,Champions,1
54489,2.0,2.0,1890.02,3,3,3,Champions,0
54490,2.0,2.0,3388.0,3,3,4,Champions,0
54491,1.0,2.0,1953.27,4,3,3,Champions,0
54492,5.0,2.0,2073.39,2,3,3,At-Risk High-Value,0
54493,4.0,2.0,1910.59,2,3,3,At-Risk High-Value,0
54494,3.0,2.0,2473.35,3,3,3,Champions,0
54495,9.0,10.0,8908.35,1,4,4,At-Risk High-Value,0
54496,3.0,2.0,2195.27,3,3,3,Champions,0
54497,8.0,2.0,1608.09,1,3,2,At-Risk High-Value,1
54498,3.0,3.0,2719.7,3,4,3,Champions,0
54499,3.0,2.0,2047.98,3,3,3,Champions,0
54500,8.0,2.0,2058.54,1,3,3,At-Risk High-Value,0
54501,5.0,2.0,2073.17,2,3,3,At-Risk High-Value,0
54502,10.0,2.0,2641.1,1,3,3,At-Risk High-Value,0
54503,11.0,5.0,5401.82,1,4,4,At-Risk High-Value,0
54504,8.0,2.0,2284.48,1,3,3,At-Risk High-Value,0
54505,14.0,2.0,2265.45,1,3,3,At-Risk High-Value,0
54506,3.0,2.0,1694.44,3,3,2,Loyal Customers,0
54507,3.0,2.0,2038.52,3,3,3,Champions,0
54508,1.0,2.0,1702.36,4,3,2,Loyal Customers,0
54509,1.0,2.0,3134.12,4,3,4,Champions,0
54510,3.0,2.0,1886.39,3,3,3,Champions,0
54511,1.0,2.0,1671.56,4,3,2,Loyal Customers,0
54512,8.0,2.0,1635.7,1,3,2,At-Risk High-Value,0
54513,1.0,2.0,2750.44,4,3,3,Champions,0
54514,8.0,7.0,7112.49,1,4,4,At-Risk High-Value,0
54515,3.0,3.0,2843.94,3,4,3,Champions,0
54516,8.0,8.0,7830.24,1,4,4,At-Risk High-Value,0
54517,1.0,2.0,2120.91,4,3,3,Champions,0
54518,3.0,2.0,1614.14,3,3,2,Loyal Customers,1
54519,1.0,2.0,2106.83,4,3,3,Champions,0
54520,3.0,2.0,2441.89,3,3,3,Champions,0
54521,3.0,2.0,2118.05,3,3,3,Champions,0
54522,8.0,2.0,1618.43,1,3,2,At-Risk High-Value,0
54523,3.0,3.0,2493.15,3,4,3,Champions,0
54524,1.0,2.0,1688.61,4,3,2,Loyal Customers,1
54525,4.0,2.0,1754.72,2,3,2,At-Risk High-Value,0
54526,1.0,2.0,1953.38,4,3,3,Champions,0
54527,3.0,8.0,9616.2,3,4,4,Champions,1
54528,3.0,2.0,2529.56,3,3,3,Champions,0
54529,1.0,2.0,2076.8,4,3,3,Champions,1
54530,3.0,3.0,2500.9,3,4,3,Champions,0
54531,1.0,2.0,1673.76,4,3,2,Loyal Customers,1
54532,3.0,2.0,1617.11,3,3,2,Loyal Customers,0
54533,1.0,2.0,2094.4,4,3,3,Champions,0
54534,5.0,2.0,1794.76,2,3,2,At-Risk High-Value,0
54535,8.0,2.0,1952.83,1,3,3,At-Risk High-Value,0
54536,1.0,2.0,2581.15,4,3,3,Champions,0
54537,8.0,2.0,1917.96,1,3,3,At-Risk High-Value,0
54538,3.0,3.0,2482.1,3,4,3,Champions,0
54539,5.0,2.0,1958.44,2,3,3,At-Risk High-Value,1
54540,3.0,2.0,3207.49,3,3,4,Champions,0
54541,4.0,2.0,1843.6,2,3,3,At-Risk High-Value,0
54542,1.0,2.0,1647.36,4,3,2,Loyal Customers,0
54543,5.0,2.0,1716.22,2,3,2,At-Risk High-Value,1
54544,3.0,2.0,1621.84,3,3,2,Loyal Customers,0
54545,1.0,10.0,11052.8,4,4,4,Champions,0
54546,1.0,2.0,1626.35,4,3,2,Loyal Customers,1
54547,18.0,13.0,11106.81,1,4,4,At-Risk High-Value,0
54548,4.0,2.0,2003.65,2,3,3,At-Risk High-Value,0
54549,3.0,2.0,1658.36,3,3,2,Loyal Customers,0
54550,2.0,2.0,1836.67,3,3,2,Loyal Customers,0
54551,10.0,4.0,5903.92,1,4,4,At-Risk High-Value,0
54552,1.0,2.0,1754.28,4,3,2,Loyal Customers,0
54553,3.0,2.0,3509.66,3,3,4,Champions,0
54554,3.0,2.0,2094.18,3,3,3,Champions,0
54555,13.0,4.0,3697.32,1,4,4,At-Risk High-Value,0
54556,3.0,2.0,1623.38,3,3,2,Loyal Customers,0
54557,3.0,2.0,1872.42,3,3,3,Champions,0
54558,4.0,2.0,1868.57,2,3,3,At-Risk High-Value,0
54559,8.0,11.0,10254.14,1,4,4,At-Risk High-Value,0
54560,3.0,4.0,3237.96,3,4,4,Champions,0
54561,7.0,2.0,3486.67,1,3,4,At-Risk High-Value,0
54562,8.0,2.0,2828.32,1,3,3,At-Risk High-Value,0
54563,5.0,5.0,5246.18,2,4,4,At-Risk High-Value,0
54564,8.0,2.0,2298.12,1,3,3,At-Risk High-Value,0
54565,9.0,2.0,1876.38,1,3,3,At-Risk High-Value,0
54566,3.0,2.0,1818.41,3,3,2,Loyal Customers,1
54567,5.0,2.0,2251.59,2,3,3,At-Risk High-Value,0
54568,3.0,2.0,1666.94,3,3,2,Loyal Customers,0
54569,5.0,2.0,3196.05,2,3,4,At-Risk High-Value,0
54570,3.0,2.0,1876.16,3,3,3,Champions,0
54571,3.0,2.0,2045.01,3,3,3,Champions,0
54572,11.0,12.0,21163.56,1,4,4,At-Risk High-Value,0
54573,9.0,2.0,1904.1,1,3,3,At-Risk High-Value,0
54574,5.0,2.0,1872.53,2,3,3,At-Risk High-Value,0
54575,5.0,2.0,1727.22,2,3,2,At-Risk High-Value,1
54576,1.0,2.0,1633.61,4,3,2,Loyal Customers,1
54577,1.0,2.0,1562.22,4,3,2,Loyal Customers,0
54578,13.0,2.0,3359.51,1,3,4,At-Risk High-Value,0
54579,3.0,2.0,1692.46,3,3,2,Loyal Customers,0
54580,5.0,2.0,1605.67,2,3,2,At-Risk High-Value,0
54581,8.0,2.0,2687.85,1,3,3,At-Risk High-Value,0
54582,2.0,2.0,1655.06,3,3,2,Loyal Customers,1
54583,1.0,2.0,1657.04,4,3,2,Loyal Customers,1
54584,9.0,8.0,9201.28,1,4,4,At-Risk High-Value,0
54585,1.0,2.0,2927.98,4,3,3,Champions,0
54586,8.0,16.0,26000.48,1,4,4,At-Risk High-Value,0
54587,8.0,7.0,5799.64,1,4,4,At-Risk High-Value,0
54588,3.0,14.0,17529.82,3,4,4,Champions,0
54589,5.0,2.0,1932.7,2,3,3,At-Risk High-Value,0
54590,2.0,2.0,3339.71,3,3,4,Champions,0
54591,4.0,5.0,4600.75,2,4,4,At-Risk High-Value,0
54592,1.0,2.0,1790.8,4,3,2,Loyal Customers,0
54593,8.0,6.0,5038.44,1,4,4,At-Risk High-Value,0
54594,3.0,2.0,2372.81,3,3,3,Champions,0
54595,9.0,2.0,2546.28,1,3,3,At-Risk High-Value,0
54596,8.0,8.0,11488.4,1,4,4,At-Risk High-Value,1
54597,4.0,2.0,1749.88,2,3,2,At-Risk High-Value,1
54598,3.0,2.0,1703.13,3,3,2,Loyal Customers,0
54599,1.0,2.0,2214.52,4,3,3,Champions,0
54600,3.0,2.0,2455.64,3,3,3,Champions,1
54601,3.0,2.0,2469.5,3,3,3,Champions,1
54602,1.0,3.0,2407.85,4,4,3,Champions,0
54603,3.0,10.0,12364.0,3,4,4,Champions,0
54604,3.0,2.0,1803.34,3,3,2,Loyal Customers,1
54605,8.0,7.0,6372.13,1,4,4,At-Risk High-Value,0
54606,9.0,8.0,12907.4,1,4,4,At-Risk High-Value,0
54607,11.0,2.0,2060.3,1,3,3,At-Risk High-Value,0
54608,10.0,7.0,6628.54,1,4,4,At-Risk High-Value,0
54609,14.0,2.0,2831.07,1,3,3,At-Risk High-Value,0
54610,8.0,2.0,1788.05,1,3,2,At-Risk High-Value,0
54611,6.0,2.0,2099.02,2,3,3,At-Risk High-Value,0
54612,9.0,6.0,6568.98,1,4,4,At-Risk High-Value,0
54613,8.0,4.0,3807.1,1,4,4,At-Risk High-Value,0
54614,1.0,2.0,1676.51,4,3,2,Loyal Customers,1
54615,3.0,2.0,1843.82,3,3,3,Champions,0
54616,6.0,2.0,3155.24,2,3,4,At-Risk High-Value,0
54617,2.0,2.0,2646.27,3,3,3,Champions,0
54618,1.0,2.0,1581.58,4,3,2,Loyal Customers,1
54619,2.0,2.0,2577.52,3,3,3,Champions,0
54620,8.0,2.0,2124.21,1,3,3,At-Risk High-Value,0
54621,1.0,2.0,1848.66,4,3,3,Champions,0
54622,4.0,2.0,1909.49,2,3,3,At-Risk High-Value,0
54623,8.0,6.0,5886.21,1,4,4,At-Risk High-Value,0
54624,1.0,2.0,1632.4,4,3,2,Loyal Customers,1
54625,3.0,2.0,2199.01,3,3,3,Champions,0
54626,3.0,2.0,2532.97,3,3,3,Champions,0
54627,9.0,12.0,19202.7,1,4,4,At-Risk High-Value,0
54628,3.0,8.0,9386.96,3,4,4,Champions,0
54629,10.0,7.0,6959.64,1,4,4,At-Risk High-Value,0
54630,3.0,2.0,1892.77,3,3,3,Champions,1
54631,2.0,3.0,2458.5,3,4,3,Champions,0
54632,3.0,2.0,2455.64,3,3,3,Champions,0
54633,4.0,5.0,5210.42,2,4,4,At-Risk High-Value,0
54634,10.0,2.0,3520.22,1,3,4,At-Risk High-Value,0
54635,5.0,2.0,1674.75,2,3,2,At-Risk High-Value,0
54636,5.0,2.0,2064.92,2,3,3,At-Risk High-Value,0
54637,1.0,2.0,1608.97,4,3,2,Loyal Customers,0
54638,8.0,11.0,18573.5,1,4,4,At-Risk High-Value,0
54639,7.0,2.0,1605.56,1,3,2,At-Risk High-Value,0
54640,3.0,2.0,1692.46,3,3,2,Loyal Customers,1
54641,1.0,2.0,1598.63,4,3,2,Loyal Customers,1
54642,4.0,2.0,1773.42,2,3,2,At-Risk High-Value,0
54643,3.0,2.0,1840.63,3,3,2,Loyal Customers,1
54644,3.0,2.0,1779.91,3,3,2,Loyal Customers,0
54645,8.0,6.0,5926.8,1,4,4,At-Risk High-Value,0
54646,4.0,2.0,1615.57,2,3,2,At-Risk High-Value,0
54647,3.0,2.0,2431.22,3,3,3,Champions,0
54648,1.0,2.0,1686.96,4,3,2,Loyal Customers,0
54649,3.0,3.0,2737.18,3,4,3,Champions,0
54650,1.0,2.0,3203.97,4,3,4,Champions,0
54651,1.0,2.0,1663.09,4,3,2,Loyal Customers,0
54652,8.0,5.0,4999.22,1,4,4,At-Risk High-Value,0
54653,3.0,2.0,3069.22,3,3,4,Champions,0
54654,3.0,2.0,2033.35,3,3,3,Champions,0
54655,7.0,2.0,1658.69,1,3,2,At-Risk High-Value,0
54656,3.0,2.0,1709.51,3,3,2,Loyal Customers,1
54657,3.0,2.0,1754.17,3,3,2,Loyal Customers,0
54658,2.0,2.0,3521.43,3,3,4,Champions,0
54659,3.0,3.0,2520.04,3,4,3,Champions,0
54660,3.0,2.0,2156.44,3,3,3,Champions,0
54661,6.0,2.0,2070.42,2,3,3,At-Risk High-Value,0
54662,1.0,2.0,1604.13,4,3,2,Loyal Customers,0
54663,11.0,9.0,10336.09,1,4,4,At-Risk High-Value,0
54664,9.0,9.0,7519.54,1,4,4,At-Risk High-Value,0
54665,1.0,2.0,1846.46,4,3,3,Champions,1
54666,3.0,2.0,891.0,3,3,1,Loyal Customers,0
54667,3.0,8.0,9650.96,3,4,4,Champions,0
54668,3.0,2.0,1986.71,3,3,3,Champions,0
54669,9.0,12.0,12636.36,1,4,4,At-Risk High-Value,0
54670,8.0,5.0,5561.88,1,4,4,At-Risk High-Value,0
54671,2.0,2.0,2554.75,3,3,3,Champions,0
54672,3.0,2.0,2348.17,3,3,3,Champions,0
54673,2.0,2.0,1599.95,3,3,2,Loyal Customers,0
54674,2.0,2.0,1485.99,3,3,2,Loyal Customers,1
54675,8.0,10.0,8716.4,1,4,4,At-Risk High-Value,1
54676,1.0,2.0,1515.91,4,3,2,Loyal Customers,0
54677,3.0,2.0,1685.09,3,3,2,Loyal Customers,0
54678,3.0,2.0,1908.61,3,3,3,Champions,0
54679,6.0,2.0,1818.08,2,3,2,At-Risk High-Value,0
54680,9.0,3.0,2511.3,1,4,3,At-Risk High-Value,0
54681,3.0,3.0,3402.3,2,4,4,At-Risk High-Value,0
54682,5.0,2.0,1886.17,2,3,3,At-Risk High-Value,0
54683,1.0,2.0,1889.8,4,3,3,Champions,0
54684,9.0,4.0,3458.62,1,4,4,At-Risk High-Value,0
54685,3.0,8.0,9293.24,2,4,4,At-Risk High-Value,0
54686,1.0,3.0,2817.7,4,4,3,Champions,1
54687,11.0,12.0,11254.98,1,4,4,At-Risk High-Value,0
54688,9.0,2.0,1968.56,1,3,3,At-Risk High-Value,0
54689,4.0,2.0,2122.56,2,3,3,At-Risk High-Value,1
54690,9.0,2.0,2213.75,1,3,3,At-Risk High-Value,0
54691,8.0,2.0,2190.32,1,3,3,At-Risk High-Value,0
54692,8.0,2.0,2602.49,1,3,3,At-Risk High-Value,0
54693,8.0,2.0,1920.6,1,3,3,At-Risk High-Value,0
54694,3.0,2.0,2527.25,2,3,3,At-Risk High-Value,0
54695,4.0,2.0,3004.54,2,3,3,At-Risk High-Value,0
54696,7.0,13.0,22623.32,1,4,4,At-Risk High-Value,0
54697,3.0,3.0,2954.32,2,4,3,At-Risk High-Value,0
54698,3.0,2.0,2342.23,2,3,3,At-Risk High-Value,0
54699,11.0,3.0,5228.68,1,4,4,At-Risk High-Value,0
54700,3.0,3.0,2701.88,2,4,3,At-Risk High-Value,0
54701,8.0,4.0,3237.52,1,4,4,At-Risk High-Value,1
54702,6.0,2.0,2663.43,2,3,3,At-Risk High-Value,0
54703,1.0,2.0,2239.71,4,3,3,Champions,0
54704,5.0,2.0,1782.88,2,3,2,At-Risk High-Value,0
54705,14.0,12.0,17338.2,1,4,4,At-Risk High-Value,0
54706,8.0,8.0,7833.76,1,4,4,At-Risk High-Value,0
54707,1.0,2.0,1665.62,4,3,2,Loyal Customers,0
54708,3.0,3.0,2517.74,2,4,3,At-Risk High-Value,1
54709,3.0,3.0,3185.16,2,4,4,At-Risk High-Value,0
54710,4.0,5.0,5126.55,2,4,4,At-Risk High-Value,0
54711,3.0,2.0,1650.0,2,3,2,At-Risk High-Value,0
54712,7.0,4.0,4155.58,1,4,4,At-Risk High-Value,0
54713,2.0,2.0,2596.33,3,3,3,Champions,0
54714,4.0,3.0,2448.93,2,4,3,At-Risk High-Value,0
54715,8.0,2.0,2124.21,1,3,3,At-Risk High-Value,0
54716,3.0,3.0,2441.5,2,4,3,At-Risk High-Value,0
54717,3.0,3.0,2466.75,2,4,3,At-Risk High-Value,0
54718,1.0,2.0,1935.23,4,3,3,Champions,0
54719,8.0,5.0,4897.48,1,4,4,At-Risk High-Value,0
54720,2.0,2.0,1711.27,3,3,2,Loyal Customers,0
54721,1.0,2.0,1938.31,4,3,3,Champions,0
54722,17.0,2.0,3229.16,1,3,4,At-Risk High-Value,0
54723,9.0,8.0,6681.84,1,4,4,At-Risk High-Value,1
54724,5.0,2.0,2054.8,2,3,3,At-Risk High-Value,0
54725,2.0,4.0,4209.04,3,4,4,Champions,0
54726,3.0,2.0,1760.55,2,3,2,At-Risk High-Value,0
54727,4.0,2.0,2078.67,2,3,3,At-Risk High-Value,1
54728,5.0,2.0,2065.14,2,3,3,At-Risk High-Value,0
54729,5.0,2.0,3559.49,2,3,4,At-Risk High-Value,1
54730,10.0,2.0,2209.57,1,3,3,At-Risk High-Value,0
54731,3.0,2.0,1843.38,2,3,3,At-Risk High-Value,0
54732,1.0,3.0,2782.56,4,4,3,Champions,0
54733,2.0,2.0,1851.85,3,3,3,Champions,0
54734,3.0,2.0,1960.86,2,3,3,At-Risk High-Value,1
54735,4.0,2.0,1735.8,2,3,2,At-Risk High-Value,0
54736,5.0,2.0,1978.35,2,3,3,At-Risk High-Value,0
54737,2.0,2.0,1852.62,3,3,3,Champions,0
54738,4.0,5.0,4202.55,2,4,4,At-Risk High-Value,0
54739,13.0,5.0,5082.0,1,4,4,At-Risk High-Value,0
54740,4.0,2.0,1856.91,2,3,3,At-Risk High-Value,0
54741,3.0,2.0,1657.92,2,3,2,At-Risk High-Value,0
54742,3.0,2.0,1796.63,2,3,2,At-Risk High-Value,0
54743,8.0,4.0,3683.68,1,4,4,At-Risk High-Value,0
54744,3.0,2.0,2090.0,2,3,3,At-Risk High-Value,0
54745,10.0,15.0,25517.25,1,4,4,At-Risk High-Value,0
54746,1.0,2.0,1551.11,4,3,2,Loyal Customers,1
54747,1.0,2.0,1671.34,4,3,2,Loyal Customers,0
54748,5.0,2.0,1721.39,2,3,2,At-Risk High-Value,0
54749,4.0,2.0,3315.29,2,3,4,At-Risk High-Value,0
54750,1.0,2.0,1630.09,4,3,2,Loyal Customers,1
54751,8.0,2.0,2661.01,1,3,3,At-Risk High-Value,0
54752,3.0,2.0,1960.64,2,3,3,At-Risk High-Value,1
54753,1.0,4.0,6435.44,4,4,4,Champions,0
54754,6.0,2.0,1950.08,2,3,3,At-Risk High-Value,0
54755,8.0,2.0,1672.0,1,3,2,At-Risk High-Value,0
54756,9.0,14.0,24444.42,1,4,4,At-Risk High-Value,1
54757,3.0,3.0,2475.99,2,4,3,At-Risk High-Value,0
54758,3.0,2.0,2041.82,2,3,3,At-Risk High-Value,0
54759,2.0,3.0,2785.53,3,4,3,Champions,1
54760,5.0,2.0,1610.73,2,3,2,At-Risk High-Value,0
54761,9.0,7.0,7184.87,1,4,4,At-Risk High-Value,0
54762,1.0,2.0,1935.34,4,3,3,Champions,0
54763,1.0,2.0,2131.47,4,3,3,Champions,0
54764,1.0,2.0,1625.14,4,3,2,Loyal Customers,0
54765,9.0,8.0,7450.96,1,4,4,At-Risk High-Value,0
54766,3.0,2.0,2066.68,2,3,3,At-Risk High-Value,0
54767,4.0,2.0,1655.83,2,3,2,At-Risk High-Value,0
54768,8.0,8.0,8867.76,1,4,4,At-Risk High-Value,1
54769,4.0,8.0,7770.4,2,4,4,At-Risk High-Value,1
54770,1.0,2.0,3262.49,4,3,4,Champions,0
54771,9.0,2.0,2783.88,1,3,3,At-Risk High-Value,0
54772,3.0,2.0,2499.31,2,3,3,At-Risk High-Value,0
54773,6.0,8.0,7602.76,2,4,4,At-Risk High-Value,0
54774,3.0,2.0,1786.07,2,3,2,At-Risk High-Value,0
54775,8.0,2.0,1635.26,1,3,2,At-Risk High-Value,1
54776,1.0,2.0,1562.66,4,3,2,Loyal Customers,0
54777,18.0,5.0,7921.92,1,4,4,At-Risk High-Value,0
54778,4.0,3.0,3041.44,2,4,3,At-Risk High-Value,0
54779,2.0,2.0,1751.64,3,3,2,Loyal Customers,0
54780,9.0,2.0,1819.07,1,3,2,At-Risk High-Value,0
54781,2.0,2.0,1656.49,3,3,2,Loyal Customers,0
54782,12.0,5.0,5142.77,1,4,4,At-Risk High-Value,0
54783,4.0,2.0,1859.33,2,3,3,At-Risk High-Value,0
54784,4.0,2.0,1788.71,2,3,2,At-Risk High-Value,0
54785,5.0,2.0,2577.74,2,3,3,At-Risk High-Value,0
54786,3.0,2.0,2558.71,2,3,3,At-Risk High-Value,0
54787,4.0,2.0,1944.25,2,3,3,At-Risk High-Value,0
54788,1.0,2.0,2895.86,4,3,3,Champions,0
54789,1.0,2.0,2071.74,4,3,3,Champions,0
54790,5.0,2.0,1917.96,2,3,3,At-Risk High-Value,0
54791,3.0,3.0,2850.38,2,4,3,At-Risk High-Value,0
54792,3.0,2.0,1684.98,2,3,2,At-Risk High-Value,0
54793,3.0,3.0,2477.48,2,4,3,At-Risk High-Value,0
54794,4.0,2.0,1632.62,2,3,2,At-Risk High-Value,0
54795,4.0,2.0,1836.34,2,3,2,At-Risk High-Value,0
54796,16.0,2.0,2550.35,1,3,3,At-Risk High-Value,0
54797,9.0,8.0,6389.68,1,4,4,At-Risk High-Value,1
54798,3.0,2.0,1629.54,2,3,2,At-Risk High-Value,0
54799,4.0,2.0,1843.16,2,3,3,At-Risk High-Value,0
54800,3.0,2.0,1768.8,2,3,2,At-Risk High-Value,0
54801,5.0,4.0,3445.64,2,4,4,At-Risk High-Value,0
54802,4.0,6.0,6277.92,2,4,4,At-Risk High-Value,0
54803,3.0,2.0,1693.89,2,3,2,At-Risk High-Value,0
54804,4.0,2.0,1950.41,2,3,3,At-Risk High-Value,0
54805,3.0,2.0,1634.16,2,3,2,At-Risk High-Value,0
54806,3.0,2.0,1683.0,2,3,2,At-Risk High-Value,1
54807,3.0,2.0,2676.96,2,3,3,At-Risk High-Value,0
54808,9.0,2.0,2574.33,1,3,3,At-Risk High-Value,0
54809,1.0,2.0,1702.03,4,3,2,Loyal Customers,0
54810,9.0,4.0,5890.5,1,4,4,At-Risk High-Value,0
54811,3.0,3.0,2980.23,2,4,3,At-Risk High-Value,0
54812,8.0,8.0,7496.28,1,4,4,At-Risk High-Value,0
54813,10.0,2.0,2215.62,1,3,3,At-Risk High-Value,0
54814,8.0,15.0,25099.8,1,4,4,At-Risk High-Value,0
54815,5.0,2.0,1947.44,2,3,3,At-Risk High-Value,0
54816,4.0,2.0,1625.47,2,3,2,At-Risk High-Value,0
54817,2.0,2.0,1682.45,3,3,2,Loyal Customers,1
54818,4.0,2.0,1653.52,2,3,2,At-Risk High-Value,0
54819,2.0,8.0,6625.96,3,4,4,Champions,0
54820,3.0,2.0,1914.88,2,3,3,At-Risk High-Value,0
54821,1.0,2.0,1636.8,4,3,2,Loyal Customers,1
54822,1.0,2.0,1899.15,4,3,3,Champions,0
54823,3.0,2.0,1599.84,2,3,2,At-Risk High-Value,1
54824,1.0,2.0,1671.23,4,3,2,Loyal Customers,1
54825,12.0,5.0,5248.65,1,4,4,At-Risk High-Value,0
54826,3.0,2.0,1737.34,2,3,2,At-Risk High-Value,0
54827,3.0,2.0,1833.81,2,3,2,At-Risk High-Value,1
54828,1.0,2.0,1680.58,4,3,2,Loyal Customers,1
54829,3.0,3.0,2454.7,2,4,3,At-Risk High-Value,0
54830,3.0,3.0,2459.16,2,4,3,At-Risk High-Value,1
54831,1.0,2.0,1629.98,4,3,2,Loyal Customers,0
54832,1.0,2.0,1595.88,4,3,2,Loyal Customers,0
54833,4.0,2.0,2061.84,2,3,3,At-Risk High-Value,0
54834,3.0,2.0,1682.89,2,3,2,At-Risk High-Value,0
54835,3.0,2.0,2535.72,2,3,3,At-Risk High-Value,0
54836,3.0,6.0,4893.57,2,4,4,At-Risk High-Value,0
54837,8.0,2.0,1816.54,1,3,2,At-Risk High-Value,0
54838,8.0,2.0,2189.33,1,3,3,At-Risk High-Value,0
54839,1.0,2.0,1623.49,4,3,2,Loyal Customers,0
54840,1.0,2.0,2137.52,4,3,3,Champions,0
54841,2.0,2.0,1889.58,3,3,3,Champions,0
54842,12.0,6.0,8607.06,1,4,4,At-Risk High-Value,0
54843,3.0,2.0,1631.52,2,3,2,At-Risk High-Value,0
54844,1.0,2.0,1640.43,4,3,2,Loyal Customers,1
54845,3.0,2.0,2442.55,2,3,3,At-Risk High-Value,0
54846,8.0,2.0,1847.34,1,3,3,At-Risk High-Value,0
54847,18.0,3.0,2841.46,1,4,3,At-Risk High-Value,0
54848,10.0,4.0,3304.18,1,4,4,At-Risk High-Value,0
54849,1.0,2.0,1608.31,4,3,2,Loyal Customers,1
54850,1.0,2.0,1702.03,4,3,2,Loyal Customers,1
54851,6.0,9.0,9085.72,2,4,4,At-Risk High-Value,0
54852,1.0,2.0,1772.87,4,3,2,Loyal Customers,0
54853,4.0,7.0,7401.62,2,4,4,At-Risk High-Value,0
54854,3.0,4.0,5021.5,2,4,4,At-Risk High-Value,1
54855,5.0,2.0,2139.39,2,3,3,At-Risk High-Value,0
54856,3.0,12.0,15251.94,2,4,4,At-Risk High-Value,1
54857,9.0,2.0,1864.17,1,3,3,At-Risk High-Value,0
54858,3.0,2.0,1612.27,2,3,2,At-Risk High-Value,0
54859,1.0,2.0,1881.11,4,3,3,Champions,0
54860,9.0,8.0,13023.56,1,4,4,At-Risk High-Value,0
54861,1.0,2.0,1647.69,4,3,2,Loyal Customers,1
54862,3.0,16.0,24069.76,2,4,4,At-Risk High-Value,0
54863,8.0,8.0,8696.16,1,4,4,At-Risk High-Value,0
54864,4.0,2.0,1998.26,2,3,3,At-Risk High-Value,0
54865,9.0,2.0,2235.53,1,3,3,At-Risk High-Value,0
54866,8.0,2.0,2241.8,1,3,3,At-Risk High-Value,0
54867,1.0,2.0,2826.34,4,3,3,Champions,1
54868,8.0,3.0,2898.56,1,4,3,At-Risk High-Value,0
54869,8.0,2.0,1933.69,1,3,3,At-Risk High-Value,0
54870,3.0,2.0,1630.31,2,3,2,At-Risk High-Value,1
54871,1.0,7.0,11528.44,4,4,4,Champions,0
54872,1.0,2.0,1639.44,4,3,2,Loyal Customers,1
54873,3.0,2.0,1754.72,2,3,2,At-Risk High-Value,0
54874,3.0,2.0,1624.7,2,3,2,At-Risk High-Value,0
54875,4.0,2.0,3288.89,2,3,4,At-Risk High-Value,0
54876,3.0,2.0,1978.68,2,3,3,At-Risk High-Value,0
54877,12.0,2.0,3511.09,1,3,4,At-Risk High-Value,0
54878,3.0,3.0,2526.32,2,4,3,At-Risk High-Value,0
54879,9.0,2.0,1774.63,1,3,2,At-Risk High-Value,0
54880,8.0,2.0,1832.93,1,3,2,At-Risk High-Value,0
54881,2.0,2.0,1609.52,3,3,2,Loyal Customers,1
54882,6.0,2.0,2912.03,2,3,3,At-Risk High-Value,0
54883,3.0,2.0,1670.24,2,3,2,At-Risk High-Value,0
54884,8.0,2.0,2567.95,1,3,3,At-Risk High-Value,0
54885,3.0,4.0,3712.94,2,4,4,At-Risk High-Value,0
54886,3.0,2.0,1786.73,2,3,2,At-Risk High-Value,1
54887,4.0,2.0,1831.28,2,3,2,At-Risk High-Value,0
54888,1.0,2.0,1490.61,4,3,2,Loyal Customers,0
54889,9.0,2.0,2556.29,1,3,3,At-Risk High-Value,0
54890,3.0,11.0,13847.24,2,4,4,At-Risk High-Value,0
54891,8.0,2.0,2630.76,1,3,3,At-Risk High-Value,0
54892,1.0,2.0,1661.0,4,3,2,Loyal Customers,1
54893,3.0,2.0,1641.42,2,3,2,At-Risk High-Value,1
54894,4.0,2.0,1976.92,2,3,3,At-Risk High-Value,0
54895,2.0,2.0,1644.61,3,3,2,Loyal Customers,0
54896,3.0,3.0,2762.1,2,4,3,At-Risk High-Value,0
54897,9.0,2.0,2584.89,1,3,3,At-Risk High-Value,0
54898,2.0,3.0,2888.0,3,4,3,Champions,0
54899,9.0,2.0,2776.62,1,3,3,At-Risk High-Value,0
54900,3.0,3.0,2759.96,2,4,3,At-Risk High-Value,0
54901,3.0,2.0,1805.87,2,3,2,At-Risk High-Value,0
54902,1.0,2.0,3388.33,4,3,4,Champions,0
54903,1.0,2.0,1636.8,4,3,2,Loyal Customers,0
54904,4.0,5.0,7212.15,2,4,4,At-Risk High-Value,0
54905,1.0,2.0,1900.47,4,3,3,Champions,1
54906,8.0,7.0,7270.72,1,4,4,At-Risk High-Value,0
54907,11.0,6.0,10716.09,1,4,4,At-Risk High-Value,0
54908,1.0,2.0,2129.71,4,3,3,Champions,0
54909,3.0,3.0,2882.38,2,4,3,At-Risk High-Value,1
54910,10.0,7.0,12452.82,1,4,4,At-Risk High-Value,1
54911,12.0,2.0,2840.2,1,3,3,At-Risk High-Value,0
54912,14.0,2.0,2073.17,1,3,3,At-Risk High-Value,0
54913,15.0,16.0,13413.84,1,4,4,At-Risk High-Value,1
54914,9.0,2.0,2571.8,1,3,3,At-Risk High-Value,0
54915,3.0,3.0,2448.93,2,4,3,At-Risk High-Value,0
54916,2.0,2.0,3316.5,3,3,4,Champions,0
54917,8.0,8.0,7271.0,1,4,4,At-Risk High-Value,0
54918,3.0,2.0,2444.75,2,3,3,At-Risk High-Value,0
54919,5.0,2.0,2684.44,2,3,3,At-Risk High-Value,0
54920,5.0,2.0,1614.47,2,3,2,At-Risk High-Value,0
54921,13.0,7.0,7709.62,1,4,4,At-Risk High-Value,0
54922,1.0,2.0,1906.74,4,3,3,Champions,1
54923,3.0,2.0,1599.62,2,3,2,At-Risk High-Value,1
54924,1.0,2.0,1619.2,4,3,2,Loyal Customers,0
54925,1.0,2.0,1490.72,4,3,2,Loyal Customers,0
54926,3.0,3.0,2527.96,2,4,3,At-Risk High-Value,0
54927,8.0,8.0,13964.28,1,4,4,At-Risk High-Value,0
54928,2.0,2.0,1826.77,3,3,2,Loyal Customers,0
54929,6.0,8.0,9194.24,2,4,4,At-Risk High-Value,0
54930,4.0,2.0,1595.77,2,3,2,At-Risk High-Value,0
54931,3.0,3.0,5300.96,2,4,4,At-Risk High-Value,0
54932,1.0,2.0,2550.46,4,3,3,Champions,0
54933,4.0,2.0,1698.62,2,3,2,At-Risk High-Value,0
54934,3.0,8.0,9397.52,2,4,4,At-Risk High-Value,0
54935,3.0,7.0,11263.56,2,4,4,At-Risk High-Value,0
54936,1.0,2.0,2562.78,4,3,3,Champions,0
54937,3.0,2.0,1630.53,2,3,2,At-Risk High-Value,1
54938,1.0,2.0,1530.76,4,3,2,Loyal Customers,1
54939,8.0,2.0,1882.65,1,3,3,At-Risk High-Value,0
54940,8.0,3.0,2468.56,1,4,3,At-Risk High-Value,1
54941,3.0,2.0,2334.42,2,3,3,At-Risk High-Value,1
54942,4.0,2.0,1810.05,2,3,2,At-Risk High-Value,0
54943,3.0,2.0,2470.27,2,3,3,At-Risk High-Value,0
54944,9.0,2.0,1746.36,1,3,2,At-Risk High-Value,0
54945,3.0,2.0,2345.53,2,3,3,At-Risk High-Value,0
54946,3.0,12.0,15062.52,2,4,4,At-Risk High-Value,0
54947,3.0,2.0,1883.31,2,3,3,At-Risk High-Value,0
54948,3.0,2.0,2582.36,2,3,3,At-Risk High-Value,0
54949,8.0,2.0,1777.6,1,3,2,At-Risk High-Value,0
54950,3.0,4.0,5056.04,2,4,4,At-Risk High-Value,1
54951,3.0,2.0,2158.09,2,3,3,At-Risk High-Value,0
54952,3.0,5.0,6072.55,2,4,4,At-Risk High-Value,1
54953,9.0,4.0,3741.76,1,4,4,At-Risk High-Value,1
54954,3.0,3.0,2426.65,2,4,3,At-Risk High-Value,0
54955,5.0,2.0,2228.16,2,3,3,At-Risk High-Value,0
54956,1.0,2.0,2111.34,4,3,3,Champions,0
54957,7.0,6.0,5343.03,1,4,4,At-Risk High-Value,1
54958,1.0,2.0,1636.47,4,3,2,Loyal Customers,1
54959,3.0,3.0,2444.14,2,4,3,At-Risk High-Value,1
54960,8.0,14.0,23227.05,1,4,4,At-Risk High-Value,0
54961,1.0,2.0,1660.56,4,3,2,Loyal Customers,1
54962,1.0,2.0,1895.08,4,3,3,Champions,1
54963,3.0,2.0,1848.22,2,3,3,At-Risk High-Value,0
54964,1.0,2.0,1702.69,4,3,2,Loyal Customers,0
54965,2.0,3.0,4848.53,3,4,4,Champions,0
54966,13.0,5.0,4975.58,1,4,4,At-Risk High-Value,0
54967,3.0,5.0,6309.88,2,4,4,At-Risk High-Value,0
54968,3.0,3.0,3504.6,2,4,4,At-Risk High-Value,0
54969,8.0,2.0,1651.54,1,3,2,At-Risk High-Value,0
54970,8.0,2.0,2217.05,1,3,3,At-Risk High-Value,0
54971,10.0,5.0,8240.38,1,4,4,At-Risk High-Value,0
54972,1.0,2.0,2183.61,4,3,3,Champions,0
54973,2.0,2.0,2565.2,3,3,3,Champions,0
54974,6.0,2.0,2713.59,2,3,3,At-Risk High-Value,1
54975,10.0,5.0,8834.65,1,4,4,At-Risk High-Value,0
54976,3.0,3.0,2404.05,2,4,3,At-Risk High-Value,0
54977,4.0,2.0,2121.02,2,3,3,At-Risk High-Value,0
54978,10.0,2.0,2230.69,1,3,3,At-Risk High-Value,0
54979,3.0,3.0,2523.02,2,4,3,At-Risk High-Value,0
54980,5.0,2.0,1727.11,2,3,2,At-Risk High-Value,0
54981,3.0,2.0,1921.48,2,3,3,At-Risk High-Value,0
54982,4.0,2.0,2818.2,2,3,3,At-Risk High-Value,0
54983,3.0,2.0,1818.63,2,3,2,At-Risk High-Value,0
54984,2.0,2.0,1737.01,3,3,2,Loyal Customers,0
54985,1.0,2.0,1844.92,4,3,3,Champions,0
54986,3.0,2.0,1931.16,2,3,3,At-Risk High-Value,0
54987,1.0,6.0,5063.52,4,4,4,Champions,0
54988,3.0,2.0,1672.33,2,3,2,At-Risk High-Value,0
54989,1.0,2.0,1584.44,4,3,2,Loyal Customers,1
54990,4.0,2.0,2279.64,2,3,3,At-Risk High-Value,1
54991,1.0,2.0,1899.26,4,3,3,Champions,0
54992,3.0,3.0,2493.15,2,4,3,At-Risk High-Value,1
54993,4.0,2.0,2005.41,2,3,3,At-Risk High-Value,0
54994,3.0,3.0,2481.44,2,4,3,At-Risk High-Value,0
54995,4.0,2.0,2003.54,2,3,3,At-Risk High-Value,0
54996,5.0,2.0,1850.53,2,3,3,At-Risk High-Value,0
54997,11.0,4.0,4363.92,1,4,4,At-Risk High-Value,1
54998,14.0,2.0,2859.89,1,3,3,At-Risk High-Value,0
54999,15.0,14.0,20218.66,1,4,4,At-Risk High-Value,1
55000,6.0,2.0,1942.05,2,3,3,At-Risk High-Value,0
55001,8.0,2.0,1623.38,1,3,2,At-Risk High-Value,0
55002,3.0,2.0,1770.67,2,3,2,At-Risk High-Value,0
55003,1.0,2.0,1651.65,4,3,2,Loyal Customers,1
55004,8.0,2.0,1861.2,1,3,3,At-Risk High-Value,0
55005,5.0,2.0,2098.58,2,3,3,At-Risk High-Value,0
55006,1.0,2.0,1861.42,4,3,3,Champions,0
55007,3.0,7.0,8767.99,2,4,4,At-Risk High-Value,0
55008,10.0,5.0,4906.82,1,4,4,At-Risk High-Value,0
55009,3.0,3.0,2454.54,2,4,3,At-Risk High-Value,0
55010,4.0,2.0,1963.06,2,3,3,At-Risk High-Value,1
55011,1.0,2.0,1685.97,4,3,2,Loyal Customers,0
55012,3.0,5.0,8921.83,2,4,4,At-Risk High-Value,0
55013,9.0,2.0,1719.41,1,3,2,At-Risk High-Value,0
55014,1.0,2.0,1655.72,4,3,2,Loyal Customers,0
55015,3.0,2.0,1867.47,2,3,3,At-Risk High-Value,0
55016,12.0,4.0,4174.28,1,4,4,At-Risk High-Value,0
55017,3.0,2.0,1708.63,2,3,2,At-Risk High-Value,0
55018,3.0,2.0,1697.96,2,3,2,At-Risk High-Value,1
55019,8.0,5.0,8554.15,1,4,4,At-Risk High-Value,0
55020,4.0,2.0,1613.48,2,3,2,At-Risk High-Value,0
55021,1.0,2.0,1688.83,4,3,2,Loyal Customers,1
55022,10.0,16.0,26002.24,1,4,4,At-Risk High-Value,0
55023,1.0,2.0,1626.9,4,3,2,Loyal Customers,0
55024,5.0,2.0,1771.0,2,3,2,At-Risk High-Value,0
55025,1.0,2.0,1606.77,4,3,2,Loyal Customers,1
55026,4.0,2.0,1827.65,2,3,2,At-Risk High-Value,0
55027,1.0,2.0,1850.97,4,3,3,Champions,0
55028,3.0,3.0,5008.74,2,4,4,At-Risk High-Value,0
55029,4.0,4.0,3453.12,2,4,4,At-Risk High-Value,0
55030,4.0,2.0,3473.91,2,3,4,At-Risk High-Value,0
55031,3.0,2.0,2361.26,2,3,3,At-Risk High-Value,0
55032,1.0,2.0,1618.1,4,3,2,Loyal Customers,1
55033,2.0,2.0,1874.29,3,3,3,Champions,0
55034,8.0,2.0,1676.51,1,3,2,At-Risk High-Value,0
55035,10.0,9.0,7915.54,1,4,4,At-Risk High-Value,0
55036,18.0,14.0,13121.57,1,4,4,At-Risk High-Value,0
55037,3.0,3.0,2504.37,2,4,3,At-Risk High-Value,0
55038,5.0,2.0,2186.69,2,3,3,At-Risk High-Value,0
55039,4.0,2.0,2064.92,2,3,3,At-Risk High-Value,0
55040,10.0,2.0,1949.2,1,3,3,At-Risk High-Value,0
55041,3.0,3.0,2623.5,2,4,3,At-Risk High-Value,0
55042,8.0,2.0,1924.78,1,3,3,At-Risk High-Value,0
55043,3.0,8.0,10010.88,2,4,4,At-Risk High-Value,0
55044,11.0,5.0,4202.28,1,4,4,At-Risk High-Value,0
55045,4.0,2.0,2128.72,2,3,3,At-Risk High-Value,0
55046,2.0,2.0,1919.5,3,3,3,Champions,0
55047,8.0,6.0,5306.07,1,4,4,At-Risk High-Value,0
55048,1.0,2.0,2826.01,4,3,3,Champions,0
55049,3.0,5.0,6291.18,2,4,4,At-Risk High-Value,0
55050,9.0,7.0,5672.98,1,4,4,At-Risk High-Value,0
55051,3.0,2.0,2530.22,2,3,3,At-Risk High-Value,0
55052,8.0,8.0,6384.84,1,4,4,At-Risk High-Value,0
55053,1.0,2.0,1579.49,4,3,2,Loyal Customers,1
55054,3.0,2.0,1788.6,2,3,2,At-Risk High-Value,0
55055,10.0,2.0,3330.69,1,3,4,At-Risk High-Value,0
55056,2.0,2.0,2126.63,3,3,3,Champions,0
55057,9.0,2.0,2124.32,1,3,3,At-Risk High-Value,0
55058,6.0,2.0,1943.81,2,3,3,At-Risk High-Value,0
55059,8.0,2.0,3546.4,1,3,4,At-Risk High-Value,0
55060,1.0,2.0,3433.21,4,3,4,Champions,0
55061,8.0,2.0,1781.12,1,3,2,At-Risk High-Value,0
55062,1.0,2.0,1656.49,4,3,2,Loyal Customers,0
55063,4.0,2.0,1651.87,2,3,2,At-Risk High-Value,0
55064,1.0,2.0,2103.53,4,3,3,Champions,0
55065,1.0,2.0,3384.15,4,3,4,Champions,0
55066,8.0,2.0,3148.64,1,3,4,At-Risk High-Value,0
55067,1.0,2.0,1659.35,4,3,2,Loyal Customers,0
55068,11.0,4.0,6756.86,1,4,4,At-Risk High-Value,0
55069,9.0,2.0,2296.8,1,3,3,At-Risk High-Value,0
55070,2.0,2.0,1704.34,3,3,2,Loyal Customers,0
55071,2.0,2.0,1509.53,3,3,2,Loyal Customers,0
55072,1.0,2.0,1497.98,4,3,2,Loyal Customers,1
55073,3.0,3.0,2536.88,2,4,3,At-Risk High-Value,0
55074,12.0,2.0,3445.64,1,3,4,At-Risk High-Value,1
55075,1.0,16.0,22947.76,4,4,4,Champions,0
55076,3.0,3.0,2495.62,2,4,3,At-Risk High-Value,1
55077,9.0,2.0,3441.79,1,3,4,At-Risk High-Value,0
55078,3.0,2.0,1874.18,2,3,3,At-Risk High-Value,0
55079,11.0,12.0,21349.02,1,4,4,At-Risk High-Value,0
55080,3.0,6.0,7593.96,2,4,4,At-Risk High-Value,0
55081,11.0,6.0,5591.52,1,4,4,At-Risk High-Value,0
55082,3.0,2.0,1611.94,2,3,2,At-Risk High-Value,0
55083,14.0,15.0,26144.25,1,4,4,At-Risk High-Value,0
55084,9.0,2.0,1868.9,1,3,3,At-Risk High-Value,0
55085,3.0,3.0,2640.99,2,4,3,At-Risk High-Value,0
55086,1.0,2.0,1635.92,4,3,2,Loyal Customers,0
55087,3.0,16.0,20003.28,2,4,4,At-Risk High-Value,0
55088,13.0,6.0,5910.3,1,4,4,At-Risk High-Value,0
55089,6.0,2.0,2252.58,2,3,3,At-Risk High-Value,1
55090,3.0,3.0,2700.56,2,4,3,At-Risk High-Value,0
55091,8.0,8.0,6748.72,1,4,4,At-Risk High-Value,0
55092,8.0,2.0,1891.45,1,3,3,At-Risk High-Value,0
55093,8.0,8.0,6969.16,1,4,4,At-Risk High-Value,1
55094,3.0,2.0,1603.8,2,3,2,At-Risk High-Value,0
55095,2.0,3.0,2408.34,3,4,3,Champions,0
55096,9.0,2.0,2057.99,1,3,3,At-Risk High-Value,0
55097,1.0,2.0,3361.71,4,3,4,Champions,0
55098,3.0,16.0,26068.24,2,4,4,At-Risk High-Value,0
55099,3.0,3.0,2453.88,2,4,3,At-Risk High-Value,0
55100,2.0,2.0,1912.13,3,3,3,Champions,1
55101,4.0,2.0,1804.44,2,3,2,At-Risk High-Value,1
55102,8.0,7.0,6593.9,1,4,4,At-Risk High-Value,0
55103,8.0,2.0,2155.34,1,3,3,At-Risk High-Value,0
55104,8.0,6.0,5254.59,1,4,4,At-Risk High-Value,0
55105,6.0,8.0,8436.56,2,4,4,At-Risk High-Value,0
55106,3.0,2.0,3231.8,2,3,4,At-Risk High-Value,0
55107,3.0,2.0,2375.34,2,3,3,At-Risk High-Value,1
55108,3.0,8.0,9216.24,2,4,4,At-Risk High-Value,1
55109,9.0,2.0,2685.76,1,3,3,At-Risk High-Value,0
55110,8.0,2.0,1873.74,1,3,3,At-Risk High-Value,0
55111,3.0,10.0,12293.6,2,4,4,At-Risk High-Value,0
55112,10.0,12.0,12309.66,1,4,4,At-Risk High-Value,0
55113,3.0,3.0,2442.33,2,4,3,At-Risk High-Value,1
55114,3.0,2.0,1634.82,2,3,2,At-Risk High-Value,1
55115,11.0,3.0,5009.57,1,4,4,At-Risk High-Value,0
55116,12.0,10.0,17427.85,1,4,4,At-Risk High-Value,0
55117,8.0,8.0,14175.48,1,4,4,At-Risk High-Value,0
55118,1.0,2.0,1764.84,4,3,2,Loyal Customers,0
55119,3.0,2.0,2310.0,2,3,3,At-Risk High-Value,0
55120,9.0,9.0,8494.7,1,4,4,At-Risk High-Value,0
55121,8.0,2.0,1826.33,1,3,2,At-Risk High-Value,0
55122,2.0,2.0,1842.39,3,3,3,Champions,0
55123,11.0,2.0,2917.86,1,3,3,At-Risk High-Value,0
55124,8.0,2.0,2133.23,1,3,3,At-Risk High-Value,0
55125,7.0,10.0,10243.75,1,4,4,At-Risk High-Value,0
55126,3.0,2.0,1778.59,2,3,2,At-Risk High-Value,0
55127,3.0,6.0,7427.64,2,4,4,At-Risk High-Value,1
55128,4.0,2.0,1637.57,2,3,2,At-Risk High-Value,0
55129,14.0,7.0,6598.52,1,4,4,At-Risk High-Value,0
55130,9.0,2.0,2243.78,1,3,3,At-Risk High-Value,0
55131,1.0,2.0,1653.74,4,3,2,Loyal Customers,0
55132,4.0,2.0,2820.62,2,3,3,At-Risk High-Value,0
55133,1.0,2.0,1552.21,4,3,2,Loyal Customers,0
55134,1.0,2.0,1964.93,4,3,3,Champions,0
55135,1.0,2.0,1932.81,4,3,3,Champions,0
55136,9.0,4.0,5762.9,1,4,4,At-Risk High-Value,1
55137,10.0,2.0,2849.22,1,3,3,At-Risk High-Value,0
55138,1.0,2.0,1598.19,4,3,2,Loyal Customers,0
55139,9.0,12.0,12458.82,1,4,4,At-Risk High-Value,0
55140,8.0,8.0,7888.76,1,4,4,At-Risk High-Value,0
55141,1.0,2.0,1681.35,4,3,2,Loyal Customers,1
55142,3.0,4.0,3765.08,2,4,4,At-Risk High-Value,1
55143,4.0,2.0,1662.1,2,3,2,At-Risk High-Value,0
55144,12.0,5.0,5276.42,1,4,4,At-Risk High-Value,0
55145,5.0,2.0,1894.64,2,3,3,At-Risk High-Value,0
55146,8.0,7.0,7191.42,1,4,4,At-Risk High-Value,1
55147,5.0,2.0,2048.2,2,3,3,At-Risk High-Value,0
55148,3.0,4.0,5081.12,2,4,4,At-Risk High-Value,0
55149,4.0,4.0,3952.74,2,4,4,At-Risk High-Value,0
55150,4.0,2.0,1704.56,2,3,2,At-Risk High-Value,0
55151,3.0,2.0,2474.78,2,3,3,At-Risk High-Value,0
55152,3.0,2.0,1823.58,2,3,2,At-Risk High-Value,0
55153,6.0,2.0,2576.2,2,3,3,At-Risk High-Value,0
55154,3.0,2.0,2060.52,2,3,3,At-Risk High-Value,0
55155,3.0,2.0,2832.17,2,3,3,At-Risk High-Value,0
55156,9.0,2.0,1823.91,1,3,2,At-Risk High-Value,0
55157,5.0,5.0,5023.97,2,4,4,At-Risk High-Value,0
55158,8.0,8.0,6553.36,1,4,4,At-Risk High-Value,1
55159,2.0,2.0,1804.44,3,3,2,Loyal Customers,0
55160,10.0,2.0,3222.89,1,3,4,At-Risk High-Value,0
55161,5.0,2.0,1699.5,2,3,2,At-Risk High-Value,0
55162,3.0,2.0,1774.19,2,3,2,At-Risk High-Value,0
55163,3.0,3.0,3607.23,2,4,4,At-Risk High-Value,0
55164,3.0,2.0,1730.19,2,3,2,At-Risk High-Value,0
55165,8.0,2.0,1768.58,1,3,2,At-Risk High-Value,0
55166,10.0,2.0,2253.68,1,3,3,At-Risk High-Value,0
55167,4.0,2.0,1846.24,2,3,3,At-Risk High-Value,1
55168,8.0,8.0,8823.32,1,4,4,At-Risk High-Value,1
55169,8.0,13.0,21327.02,1,4,4,At-Risk High-Value,0
55170,6.0,2.0,3542.11,2,3,4,At-Risk High-Value,0
55171,1.0,2.0,2995.52,4,3,3,Champions,0
55172,3.0,2.0,2395.58,2,3,3,At-Risk High-Value,0
55173,1.0,2.0,1524.49,4,3,2,Loyal Customers,1
55174,3.0,2.0,1900.69,2,3,3,At-Risk High-Value,0
55175,1.0,2.0,3181.42,4,3,4,Champions,0
55176,4.0,2.0,1704.56,2,3,2,At-Risk High-Value,0
55177,1.0,2.0,1513.71,4,3,2,Loyal Customers,1
55178,5.0,2.0,1605.89,2,3,2,At-Risk High-Value,0
55179,9.0,2.0,2014.1,1,3,3,At-Risk High-Value,0
55180,3.0,2.0,1996.17,2,3,3,At-Risk High-Value,0
55181,3.0,2.0,1751.2,2,3,2,At-Risk High-Value,0
55182,3.0,3.0,2788.5,2,4,3,At-Risk High-Value,1
55183,4.0,2.0,1760.0,2,3,2,At-Risk High-Value,0
55184,1.0,2.0,1602.26,4,3,2,Loyal Customers,0
55185,7.0,6.0,9790.77,1,4,4,At-Risk High-Value,0
55186,4.0,2.0,1832.82,2,3,2,At-Risk High-Value,0
55187,3.0,2.0,2387.44,2,3,3,At-Risk High-Value,0
55188,3.0,2.0,1737.34,2,3,2,At-Risk High-Value,0
55189,4.0,2.0,1608.97,2,3,2,At-Risk High-Value,0
55190,8.0,2.0,1812.25,1,3,2,At-Risk High-Value,0
55191,10.0,2.0,2562.23,1,3,3,At-Risk High-Value,0
55192,3.0,5.0,6213.9,2,4,4,At-Risk High-Value,1
55193,1.0,2.0,1776.06,4,3,2,Loyal Customers,1
55194,8.0,5.0,5485.15,1,4,4,At-Risk High-Value,1
55195,8.0,2.0,2568.61,1,3,3,At-Risk High-Value,0
55196,3.0,2.0,1606.99,2,3,2,At-Risk High-Value,0
55197,3.0,3.0,2676.63,2,4,3,At-Risk High-Value,1
55198,3.0,2.0,2406.8,2,3,3,At-Risk High-Value,0
55199,3.0,3.0,2967.69,2,4,3,At-Risk High-Value,0
55200,3.0,3.0,2514.93,2,4,3,At-Risk High-Value,1
55201,9.0,5.0,7220.68,1,4,4,At-Risk High-Value,0
55202,3.0,2.0,2305.93,2,3,3,At-Risk High-Value,0
55203,4.0,2.0,1722.82,2,3,2,At-Risk High-Value,0
55204,9.0,9.0,14403.51,1,4,4,At-Risk High-Value,0
55205,3.0,2.0,2106.61,2,3,3,At-Risk High-Value,0
55206,3.0,2.0,1632.95,2,3,2,At-Risk High-Value,0
55207,4.0,2.0,1751.2,2,3,2,At-Risk High-Value,0
55208,4.0,2.0,1856.03,2,3,3,At-Risk High-Value,0
55209,13.0,4.0,3796.98,1,4,4,At-Risk High-Value,0
55210,3.0,3.0,2937.16,2,4,3,At-Risk High-Value,0
55211,9.0,6.0,5337.09,1,4,4,At-Risk High-Value,0
55212,1.0,2.0,1899.48,4,3,3,Champions,0
55213,1.0,2.0,1515.14,4,3,2,Loyal Customers,0
55214,9.0,3.0,2871.0,1,4,3,At-Risk High-Value,0
55215,3.0,2.0,2526.26,2,3,3,At-Risk High-Value,0
55216,10.0,7.0,11360.2,1,4,4,At-Risk High-Value,0
55217,3.0,2.0,1694.99,2,3,2,At-Risk High-Value,1
55218,1.0,2.0,2009.15,4,3,3,Champions,1
55219,11.0,11.0,10344.9,1,4,4,At-Risk High-Value,1
55220,1.0,2.0,1639.44,4,3,2,Loyal Customers,0
55221,1.0,2.0,1723.92,4,3,2,Loyal Customers,1
55222,1.0,2.0,1598.63,4,3,2,Loyal Customers,0
55223,3.0,3.0,3746.99,2,4,4,At-Risk High-Value,0
55224,3.0,2.0,2323.2,2,3,3,At-Risk High-Value,0
55225,4.0,2.0,1602.04,2,3,2,At-Risk High-Value,0
55226,3.0,2.0,1818.85,2,3,2,At-Risk High-Value,0
55227,3.0,2.0,1797.18,2,3,2,At-Risk High-Value,0
55228,3.0,2.0,1880.01,2,3,3,At-Risk High-Value,0
55229,1.0,2.0,1656.71,4,3,2,Loyal Customers,1
55230,1.0,2.0,1546.93,4,3,2,Loyal Customers,0
55231,4.0,2.0,1913.78,2,3,3,At-Risk High-Value,0
55232,3.0,2.0,1901.79,2,3,3,At-Risk High-Value,0
55233,3.0,2.0,1724.8,2,3,2,At-Risk High-Value,0
55234,8.0,2.0,2095.39,1,3,3,At-Risk High-Value,0
55235,1.0,2.0,2077.68,4,3,3,Champions,0
55236,1.0,2.0,2611.84,4,3,3,Champions,0
55237,13.0,2.0,3138.52,1,3,4,At-Risk High-Value,0
55238,8.0,2.0,1634.82,1,3,2,At-Risk High-Value,1
55239,18.0,15.0,23783.1,1,4,4,At-Risk High-Value,0
55240,3.0,3.0,3444.54,2,4,4,At-Risk High-Value,0
55241,2.0,6.0,9604.98,3,4,4,Champions,0
55242,3.0,4.0,4643.32,2,4,4,At-Risk High-Value,0
55243,3.0,2.0,1624.92,2,3,2,At-Risk High-Value,0
55244,1.0,2.0,1596.98,4,3,2,Loyal Customers,1
55245,7.0,9.0,9693.59,1,4,4,At-Risk High-Value,0
55246,8.0,8.0,7296.96,1,4,4,At-Risk High-Value,1
55247,10.0,14.0,20721.47,1,4,4,At-Risk High-Value,0
55248,8.0,6.0,4886.64,1,4,4,At-Risk High-Value,0
55249,1.0,2.0,1907.51,4,3,3,Champions,0
55250,8.0,4.0,3692.7,1,4,4,At-Risk High-Value,0
55251,3.0,2.0,2443.65,2,3,3,At-Risk High-Value,0
55252,3.0,2.0,1850.2,2,3,3,At-Risk High-Value,0
55253,4.0,2.0,1609.52,2,3,2,At-Risk High-Value,0
55254,3.0,14.0,17420.48,2,4,4,At-Risk High-Value,0
55255,2.0,8.0,7908.12,3,4,4,Champions,0
55256,8.0,6.0,5843.31,1,4,4,At-Risk High-Value,0
55257,8.0,8.0,12732.28,1,4,4,At-Risk High-Value,0
55258,1.0,2.0,1627.56,4,3,2,Loyal Customers,0
55259,3.0,3.0,2733.88,2,4,3,At-Risk High-Value,0
55260,8.0,8.0,8774.04,1,4,4,At-Risk High-Value,0
55261,3.0,5.0,4105.75,2,4,4,At-Risk High-Value,0
55262,6.0,3.0,3032.37,2,4,3,At-Risk High-Value,0
55263,3.0,2.0,1665.84,2,3,2,At-Risk High-Value,0
55264,8.0,8.0,8333.16,1,4,4,At-Risk High-Value,0
55265,1.0,2.0,1644.61,4,3,2,Loyal Customers,0
55266,3.0,3.0,3117.18,2,4,4,At-Risk High-Value,0
55267,3.0,7.0,8552.39,2,4,4,At-Risk High-Value,1
55268,3.0,2.0,2043.47,2,3,3,At-Risk High-Value,0
55269,3.0,2.0,1644.5,2,3,2,At-Risk High-Value,0
55270,3.0,2.0,2392.5,2,3,3,At-Risk High-Value,0
55271,1.0,2.0,1603.14,4,3,2,Loyal Customers,1
55272,3.0,2.0,2493.59,2,3,3,At-Risk High-Value,1
55273,5.0,2.0,1909.05,2,3,3,At-Risk High-Value,1
55274,3.0,2.0,1824.57,2,3,2,At-Risk High-Value,0
55275,7.0,8.0,6541.48,1,4,4,At-Risk High-Value,0
55276,1.0,2.0,1701.92,4,3,2,Loyal Customers,0
55277,14.0,3.0,5294.19,1,4,4,At-Risk High-Value,0
55278,2.0,3.0,2967.36,3,4,3,Champions,0
55279,1.0,2.0,1601.71,4,3,2,Loyal Customers,0
55280,3.0,8.0,9866.56,2,4,4,At-Risk High-Value,0
55281,3.0,2.0,1836.78,2,3,2,At-Risk High-Value,0
55282,1.0,2.0,2124.65,4,3,3,Champions,0
55283,6.0,2.0,1894.53,2,3,3,At-Risk High-Value,0
55284,5.0,2.0,2050.62,2,3,3,At-Risk High-Value,0
55285,7.0,8.0,9124.28,1,4,4,At-Risk High-Value,0
55286,3.0,2.0,2348.83,2,3,3,At-Risk High-Value,0
55287,1.0,2.0,3501.41,4,3,4,Champions,0
55288,3.0,3.0,2404.54,2,4,3,At-Risk High-Value,0
55289,3.0,2.0,1986.82,2,3,3,At-Risk High-Value,0
55290,2.0,2.0,3532.43,3,3,4,Champions,0
55291,9.0,7.0,6124.2,1,4,4,At-Risk High-Value,0
55292,8.0,8.0,7727.72,1,4,4,At-Risk High-Value,0
55293,3.0,2.0,1885.29,2,3,3,At-Risk High-Value,0
55294,3.0,2.0,1911.36,2,3,3,At-Risk High-Value,0
55295,2.0,2.0,1670.9,3,3,2,Loyal Customers,0
55296,13.0,2.0,3307.37,1,3,4,At-Risk High-Value,0
55297,1.0,2.0,1639.88,4,3,2,Loyal Customers,1
55298,4.0,2.0,1684.54,2,3,2,At-Risk High-Value,0
55299,14.0,2.0,2611.95,1,3,3,At-Risk High-Value,0
55300,3.0,2.0,1739.32,2,3,2,At-Risk High-Value,0
55301,11.0,2.0,3470.39,1,3,4,At-Risk High-Value,0
55302,2.0,2.0,1610.51,3,3,2,Loyal Customers,0
55303,5.0,2.0,2009.59,2,3,3,At-Risk High-Value,0
55304,6.0,5.0,4643.38,2,4,4,At-Risk High-Value,0
55305,4.0,2.0,1961.52,2,3,3,At-Risk High-Value,0
55306,2.0,2.0,1887.93,3,3,3,Champions,0
55307,3.0,8.0,7578.56,2,4,4,At-Risk High-Value,0
55308,5.0,2.0,1728.21,2,3,2,At-Risk High-Value,0
55309,8.0,8.0,7865.88,1,4,4,At-Risk High-Value,0
55310,8.0,2.0,1822.26,1,3,2,At-Risk High-Value,0
55311,11.0,2.0,1947.88,1,3,3,At-Risk High-Value,0
55312,1.0,2.0,1911.47,4,3,3,Champions,0
55313,3.0,3.0,2576.8,2,4,3,At-Risk High-Value,0
55314,1.0,2.0,1547.59,4,3,2,Loyal Customers,1
55315,1.0,2.0,3537.38,4,3,4,Champions,0
55316,8.0,2.0,1712.59,1,3,2,At-Risk High-Value,0
55317,3.0,15.0,18921.38,2,4,4,At-Risk High-Value,0
55318,10.0,3.0,2746.92,1,4,3,At-Risk High-Value,0
55319,3.0,2.0,2009.48,2,3,3,At-Risk High-Value,0
55320,9.0,4.0,3859.24,1,4,4,At-Risk High-Value,0
55321,10.0,4.0,4019.4,1,4,4,At-Risk High-Value,0
55322,3.0,2.0,2228.16,2,3,3,At-Risk High-Value,0
55323,3.0,7.0,8780.31,2,4,4,At-Risk High-Value,1
55324,8.0,8.0,7231.84,1,4,4,At-Risk High-Value,0
55325,4.0,4.0,4497.9,2,4,4,At-Risk High-Value,0
55326,3.0,2.0,2006.73,2,3,3,At-Risk High-Value,0
55327,3.0,3.0,4570.83,2,4,4,At-Risk High-Value,0
55328,3.0,3.0,2960.1,2,4,3,At-Risk High-Value,1
55329,4.0,2.0,1788.6,2,3,2,At-Risk High-Value,0
55330,3.0,2.0,1761.87,2,3,2,At-Risk High-Value,0
55331,3.0,2.0,1658.8,2,3,2,At-Risk High-Value,0
55332,4.0,2.0,1613.26,2,3,2,At-Risk High-Value,1
55333,5.0,2.0,2020.59,2,3,3,At-Risk High-Value,0
55334,3.0,2.0,2255.88,2,3,3,At-Risk High-Value,0
55335,8.0,2.0,1947.66,1,3,3,At-Risk High-Value,0
55336,1.0,2.0,1957.45,4,3,3,Champions,0
55337,3.0,2.0,3180.43,2,3,4,At-Risk High-Value,0
55338,12.0,2.0,2834.59,1,3,3,At-Risk High-Value,0
55339,3.0,3.0,2521.7,2,4,3,At-Risk High-Value,0
55340,10.0,8.0,7890.52,1,4,4,At-Risk High-Value,0
55341,4.0,2.0,1596.43,2,3,2,At-Risk High-Value,0
55342,13.0,3.0,4366.89,1,4,4,At-Risk High-Value,0
55343,3.0,2.0,1856.14,2,3,3,At-Risk High-Value,0
55344,5.0,2.0,2127.62,2,3,3,At-Risk High-Value,0
55345,8.0,5.0,8229.65,1,4,4,At-Risk High-Value,0
55346,12.0,7.0,11589.66,1,4,4,At-Risk High-Value,0
55347,8.0,7.0,6576.18,1,4,4,At-Risk High-Value,1
55348,10.0,3.0,2843.77,1,4,3,At-Risk High-Value,0
55349,10.0,2.0,1835.57,1,3,2,At-Risk High-Value,0
55350,5.0,2.0,1980.55,2,3,3,At-Risk High-Value,0
55351,7.0,2.0,1976.7,1,3,3,At-Risk High-Value,0
55352,3.0,2.0,1977.36,2,3,3,At-Risk High-Value,0
55353,3.0,3.0,2489.36,2,4,3,At-Risk High-Value,0
55354,4.0,4.0,3286.8,2,4,4,At-Risk High-Value,0
55355,3.0,2.0,3131.92,2,3,4,At-Risk High-Value,0
55356,1.0,2.0,3066.69,4,3,4,Champions,0
55357,3.0,2.0,2154.02,2,3,3,At-Risk High-Value,0
55358,3.0,2.0,1675.08,2,3,2,At-Risk High-Value,0
55359,3.0,2.0,1965.48,2,3,3,At-Risk High-Value,0
55360,3.0,2.0,1963.17,2,3,3,At-Risk High-Value,0
55361,3.0,3.0,2589.67,2,4,3,At-Risk High-Value,0
55362,3.0,2.0,1813.79,2,3,2,At-Risk High-Value,1
55363,1.0,2.0,1738.66,4,3,2,Loyal Customers,0
55364,3.0,2.0,2145.55,2,3,3,At-Risk High-Value,0
55365,8.0,8.0,6668.2,1,4,4,At-Risk High-Value,1
55366,1.0,2.0,1528.23,4,3,2,Loyal Customers,1
55367,8.0,6.0,4973.1,1,4,4,At-Risk High-Value,0
55368,3.0,2.0,1764.07,2,3,2,At-Risk High-Value,0
55369,14.0,5.0,4533.65,1,4,4,At-Risk High-Value,0
55370,1.0,2.0,2572.13,4,3,3,Champions,0
55371,14.0,3.0,2397.12,1,4,3,At-Risk High-Value,0
55372,3.0,2.0,2422.75,2,3,3,At-Risk High-Value,0
55373,8.0,9.0,7637.36,1,4,4,At-Risk High-Value,0
55374,3.0,2.0,1625.25,2,3,2,At-Risk High-Value,1
55375,8.0,7.0,7845.92,1,4,4,At-Risk High-Value,0
55376,5.0,2.0,1917.3,2,3,3,At-Risk High-Value,0
55377,9.0,9.0,10071.76,1,4,4,At-Risk High-Value,0
55378,5.0,2.0,1859.11,2,3,3,At-Risk High-Value,0
55379,3.0,9.0,10761.79,2,4,4,At-Risk High-Value,0
55380,3.0,2.0,1702.14,2,3,2,At-Risk High-Value,0
55381,8.0,7.0,6545.77,1,4,4,At-Risk High-Value,0
55382,5.0,2.0,2557.28,2,3,3,At-Risk High-Value,0
55383,1.0,2.0,1546.05,4,3,2,Loyal Customers,1
55384,11.0,2.0,2797.96,1,3,3,At-Risk High-Value,1
55385,3.0,2.0,1628.55,2,3,2,At-Risk High-Value,0
55386,7.0,9.0,14455.98,1,4,4,At-Risk High-Value,0
55387,4.0,2.0,1752.63,2,3,2,At-Risk High-Value,0
55388,4.0,2.0,1757.47,2,3,2,At-Risk High-Value,0
55389,3.0,2.0,2082.3,2,3,3,At-Risk High-Value,0
55390,1.0,2.0,2091.76,4,3,3,Champions,0
55391,3.0,2.0,1804.77,2,3,2,At-Risk High-Value,0
55392,10.0,2.0,1986.82,1,3,3,At-Risk High-Value,0
55393,8.0,2.0,2132.13,1,3,3,At-Risk High-Value,0
55394,9.0,2.0,1689.82,1,3,2,At-Risk High-Value,0
55395,1.0,2.0,1922.58,4,3,3,Champions,0
55396,3.0,2.0,2515.48,2,3,3,At-Risk High-Value,0
55397,3.0,3.0,3074.61,2,4,4,At-Risk High-Value,1
55398,1.0,2.0,2115.85,4,3,3,Champions,1
55399,3.0,2.0,1737.45,2,3,2,At-Risk High-Value,0
55400,5.0,2.0,1951.18,2,3,3,At-Risk High-Value,0
55401,9.0,6.0,6260.76,1,4,4,At-Risk High-Value,0
55402,3.0,2.0,2432.1,2,3,3,At-Risk High-Value,0
55403,9.0,13.0,23118.09,1,4,4,At-Risk High-Value,0
55404,3.0,2.0,2448.16,2,3,3,At-Risk High-Value,0
55405,8.0,2.0,1921.48,1,3,3,At-Risk High-Value,0
55406,2.0,3.0,2416.42,3,4,3,Champions,0
55407,3.0,2.0,1614.8,2,3,2,At-Risk High-Value,1
55408,3.0,2.0,2293.06,2,3,3,At-Risk High-Value,0
55409,5.0,2.0,1753.95,2,3,2,At-Risk High-Value,0
55410,3.0,3.0,2517.9,2,4,3,At-Risk High-Value,1
55411,3.0,2.0,2067.34,2,3,3,At-Risk High-Value,0
55412,8.0,2.0,2160.4,1,3,3,At-Risk High-Value,0
55413,3.0,2.0,1697.52,2,3,2,At-Risk High-Value,0
55414,8.0,2.0,1941.17,1,3,3,At-Risk High-Value,0
55415,5.0,2.0,1870.77,2,3,3,At-Risk High-Value,0
55416,3.0,2.0,2317.04,2,3,3,At-Risk High-Value,1
55417,6.0,2.0,1646.48,2,3,2,At-Risk High-Value,0
55418,1.0,2.0,2272.71,4,3,3,Champions,1
55419,1.0,2.0,1606.99,4,3,2,Loyal Customers,0
55420,8.0,2.0,1957.34,1,3,3,At-Risk High-Value,0
55421,8.0,2.0,1673.98,1,3,2,At-Risk High-Value,0
55422,1.0,2.0,2014.21,4,3,3,Champions,0
55423,1.0,2.0,1643.07,4,3,2,Loyal Customers,1
55424,5.0,2.0,1679.26,2,3,2,At-Risk High-Value,0
55425,1.0,2.0,3469.18,4,3,4,Champions,0
55426,8.0,2.0,1711.05,1,3,2,At-Risk High-Value,0
55427,5.0,2.0,1626.79,2,3,2,At-Risk High-Value,0
55428,8.0,2.0,1815.11,1,3,2,At-Risk High-Value,0
55429,3.0,2.0,2801.15,2,3,3,At-Risk High-Value,0
55430,9.0,2.0,1764.29,1,3,2,At-Risk High-Value,0
55431,3.0,3.0,3057.28,2,4,3,At-Risk High-Value,0
55432,1.0,2.0,1669.69,4,3,2,Loyal Customers,1
55433,5.0,2.0,1782.22,2,3,2,At-Risk High-Value,0
55434,1.0,2.0,1638.78,4,3,2,Loyal Customers,1
55435,8.0,6.0,5929.44,1,4,4,At-Risk High-Value,0
55436,3.0,2.0,2817.76,2,3,3,At-Risk High-Value,0
55437,4.0,2.0,1835.79,2,3,2,At-Risk High-Value,0
55438,3.0,3.0,5251.62,2,4,4,At-Risk High-Value,0
55439,8.0,6.0,6870.93,1,4,4,At-Risk High-Value,0
55440,4.0,3.0,2448.93,2,4,3,At-Risk High-Value,1
55441,8.0,5.0,4557.03,1,4,4,At-Risk High-Value,0
55442,8.0,8.0,8057.72,1,4,4,At-Risk High-Value,1
55443,7.0,8.0,6882.92,1,4,4,At-Risk High-Value,0
55444,4.0,2.0,1599.84,2,3,2,At-Risk High-Value,0
55445,3.0,2.0,2856.04,2,3,3,At-Risk High-Value,0
55446,3.0,3.0,3381.01,2,4,4,At-Risk High-Value,0
55447,3.0,2.0,1746.47,2,3,2,At-Risk High-Value,0
55448,1.0,2.0,1984.18,4,3,3,Champions,0
55449,8.0,2.0,2008.82,1,3,3,At-Risk High-Value,0
55450,9.0,4.0,3320.24,1,4,4,At-Risk High-Value,0
55451,8.0,2.0,1963.06,1,3,3,At-Risk High-Value,1
55452,9.0,2.0,1838.43,1,3,2,At-Risk High-Value,1
55453,3.0,3.0,2743.46,2,4,3,At-Risk High-Value,0
55454,3.0,2.0,1643.18,2,3,2,At-Risk High-Value,0
55455,3.0,2.0,2130.7,2,3,3,At-Risk High-Value,0
55456,3.0,14.0,17669.19,2,4,4,At-Risk High-Value,0
55457,3.0,2.0,2438.37,2,3,3,At-Risk High-Value,0
55458,5.0,2.0,1611.28,2,3,2,At-Risk High-Value,1
55459,3.0,4.0,4713.72,2,4,4,At-Risk High-Value,1
55460,4.0,2.0,2091.43,2,3,3,At-Risk High-Value,0
55461,9.0,5.0,5307.22,1,4,4,At-Risk High-Value,0
55462,15.0,15.0,23752.58,1,4,4,At-Risk High-Value,0
55463,4.0,2.0,1672.55,2,3,2,At-Risk High-Value,0
55464,3.0,15.0,18837.23,2,4,4,At-Risk High-Value,0
55465,8.0,8.0,7457.12,1,4,4,At-Risk High-Value,0
55466,8.0,2.0,2128.94,1,3,3,At-Risk High-Value,0
55467,3.0,3.0,3652.61,2,4,4,At-Risk High-Value,0
55468,3.0,2.0,1770.01,2,3,2,At-Risk High-Value,0
55469,4.0,2.0,1969.55,2,3,3,At-Risk High-Value,0
55470,3.0,2.0,1890.24,2,3,3,At-Risk High-Value,0
55471,3.0,3.0,4667.36,2,4,4,At-Risk High-Value,0
55472,1.0,2.0,1541.54,4,3,2,Loyal Customers,0
55473,1.0,2.0,1700.16,4,3,2,Loyal Customers,1
55474,1.0,3.0,2447.77,4,4,3,Champions,1
55475,8.0,6.0,5825.82,1,4,4,At-Risk High-Value,0
55476,1.0,2.0,2140.82,4,3,3,Champions,0
55477,8.0,8.0,7997.0,1,4,4,At-Risk High-Value,0
55478,3.0,2.0,1636.69,2,3,2,At-Risk High-Value,0
55479,11.0,4.0,3588.64,1,4,4,At-Risk High-Value,0
55480,1.0,2.0,1886.28,4,3,3,Champions,0
55481,4.0,4.0,3395.92,2,4,4,At-Risk High-Value,0
55482,1.0,3.0,2409.83,4,4,3,Champions,0
55483,3.0,5.0,5796.45,2,4,4,At-Risk High-Value,0
55484,3.0,3.0,2508.99,2,4,3,At-Risk High-Value,0
55485,7.0,2.0,2077.24,1,3,3,At-Risk High-Value,0
55486,1.0,2.0,1811.48,4,3,2,Loyal Customers,0
55487,3.0,3.0,3697.16,2,4,4,At-Risk High-Value,1
55488,9.0,2.0,2829.75,1,3,3,At-Risk High-Value,0
55489,9.0,6.0,5293.2,1,4,4,At-Risk High-Value,0
55490,1.0,2.0,1683.44,4,3,2,Loyal Customers,0
55491,15.0,7.0,12278.42,1,4,4,At-Risk High-Value,0
55492,10.0,13.0,22997.98,1,4,4,At-Risk High-Value,0
55493,1.0,2.0,1643.29,4,3,2,Loyal Customers,1
55494,8.0,2.0,2179.54,1,3,3,At-Risk High-Value,1
55495,4.0,8.0,7600.56,2,4,4,At-Risk High-Value,0
55496,3.0,3.0,2706.33,2,4,3,At-Risk High-Value,0
55497,5.0,2.0,1667.82,2,3,2,At-Risk High-Value,0
55498,1.0,2.0,1689.16,4,3,2,Loyal Customers,0
55499,1.0,2.0,1493.91,4,3,2,Loyal Customers,1
55500,1.0,2.0,1646.92,4,3,2,Loyal Customers,1
55501,8.0,2.0,1999.03,1,3,3,At-Risk High-Value,0
55502,3.0,2.0,1836.67,2,3,2,At-Risk High-Value,0
55503,3.0,2.0,2443.43,2,3,3,At-Risk High-Value,0
55504,3.0,2.0,1601.82,2,3,2,At-Risk High-Value,0
55505,5.0,2.0,1846.24,2,3,3,At-Risk High-Value,0
55506,3.0,2.0,1901.68,2,3,3,At-Risk High-Value,0
55507,9.0,4.0,4049.32,1,4,4,At-Risk High-Value,0
55508,9.0,2.0,1802.46,1,3,2,At-Risk High-Value,0
55509,17.0,12.0,19353.18,1,4,4,At-Risk High-Value,0
55510,1.0,2.0,1697.63,4,3,2,Loyal Customers,0
55511,8.0,2.0,2090.0,1,3,3,At-Risk High-Value,0
55512,8.0,5.0,8160.35,1,4,4,At-Risk High-Value,0
55513,3.0,3.0,2892.94,2,4,3,At-Risk High-Value,0
55514,1.0,4.0,3257.54,4,4,4,Champions,1
55515,1.0,2.0,1659.57,4,3,2,Loyal Customers,1
55516,4.0,2.0,1980.77,2,3,3,At-Risk High-Value,0
55517,5.0,2.0,1858.23,2,3,3,At-Risk High-Value,0
55518,8.0,2.0,2843.28,1,3,3,At-Risk High-Value,0
55519,5.0,2.0,2099.13,2,3,3,At-Risk High-Value,0
55520,2.0,2.0,2266.33,3,3,3,Champions,0
55521,3.0,3.0,2718.87,2,4,3,At-Risk High-Value,0
55522,8.0,8.0,6619.36,1,4,4,At-Risk High-Value,0
55523,4.0,2.0,1968.89,2,3,3,At-Risk High-Value,0
55524,10.0,2.0,1978.57,1,3,3,At-Risk High-Value,0
55525,8.0,2.0,2126.74,1,3,3,At-Risk High-Value,0
55526,1.0,2.0,1495.01,4,3,2,Loyal Customers,1
55527,3.0,2.0,2005.96,2,3,3,At-Risk High-Value,0
55528,3.0,2.0,1619.86,2,3,2,At-Risk High-Value,0
55529,12.0,7.0,7025.1,1,4,4,At-Risk High-Value,0
55530,3.0,3.0,3688.41,2,4,4,At-Risk High-Value,1
55531,8.0,2.0,1976.37,1,3,3,At-Risk High-Value,0
55532,1.0,2.0,1966.8,4,3,3,Champions,0
55533,10.0,8.0,7766.44,1,4,4,At-Risk High-Value,0
55534,8.0,2.0,1609.63,1,3,2,At-Risk High-Value,0
55535,1.0,2.0,3341.25,4,3,4,Champions,0
55536,4.0,2.0,1642.52,2,3,2,At-Risk High-Value,1
55537,4.0,2.0,1899.81,2,3,3,At-Risk High-Value,0
55538,4.0,5.0,8706.78,2,4,4,At-Risk High-Value,0
55539,1.0,2.0,1934.57,4,3,3,Champions,0
55540,1.0,2.0,1689.93,4,3,2,Loyal Customers,1
55541,5.0,2.0,1986.71,2,3,3,At-Risk High-Value,0
55542,5.0,2.0,1610.84,2,3,2,At-Risk High-Value,0
55543,4.0,3.0,2568.23,2,4,3,At-Risk High-Value,0
55544,3.0,2.0,1684.1,2,3,2,At-Risk High-Value,0
55545,3.0,3.0,3694.02,2,4,4,At-Risk High-Value,0
55546,3.0,2.0,2324.08,2,3,3,At-Risk High-Value,0
55547,7.0,8.0,6761.48,1,4,4,At-Risk High-Value,0
55548,3.0,2.0,1966.03,2,3,3,At-Risk High-Value,0
55549,3.0,2.0,2108.37,2,3,3,At-Risk High-Value,0
55550,8.0,9.0,8663.98,1,4,4,At-Risk High-Value,0
55551,4.0,2.0,1635.37,2,3,2,At-Risk High-Value,1
55552,1.0,2.0,1689.38,4,3,2,Loyal Customers,0
55553,10.0,2.0,1947.44,1,3,3,At-Risk High-Value,0
55554,8.0,2.0,1826.55,1,3,2,At-Risk High-Value,0
55555,3.0,2.0,2439.69,2,3,3,At-Risk High-Value,0
55556,9.0,2.0,1992.87,1,3,3,At-Risk High-Value,1
55557,3.0,3.0,3786.42,2,4,4,At-Risk High-Value,1
55558,4.0,3.0,2540.5,2,4,3,At-Risk High-Value,0
55559,9.0,3.0,3047.22,1,4,3,At-Risk High-Value,0
55560,10.0,2.0,2201.1,1,3,3,At-Risk High-Value,0
55561,3.0,2.0,1704.01,2,3,2,At-Risk High-Value,0
55562,5.0,2.0,3534.96,2,3,4,At-Risk High-Value,0
55563,1.0,2.0,1499.19,4,3,2,Loyal Customers,0
55564,11.0,2.0,2842.51,1,3,3,At-Risk High-Value,0
55565,8.0,4.0,3703.04,1,4,4,At-Risk High-Value,0
55566,9.0,2.0,2588.41,1,3,3,At-Risk High-Value,0
55567,5.0,2.0,1863.4,2,3,3,At-Risk High-Value,0
55568,3.0,2.0,1882.87,2,3,3,At-Risk High-Value,0
55569,5.0,2.0,1666.17,2,3,2,At-Risk High-Value,0
55570,5.0,10.0,10352.65,2,4,4,At-Risk High-Value,0
55571,11.0,6.0,5998.41,1,4,4,At-Risk High-Value,0
55572,3.0,2.0,1615.57,2,3,2,At-Risk High-Value,0
55573,8.0,2.0,1787.28,1,3,2,At-Risk High-Value,0
55574,3.0,2.0,1812.47,2,3,2,At-Risk High-Value,0
55575,3.0,13.0,15110.1,2,4,4,At-Risk High-Value,0
55576,1.0,2.0,1595.88,4,3,2,Loyal Customers,0
55577,9.0,6.0,5590.2,1,4,4,At-Risk High-Value,0
55578,3.0,2.0,1712.37,2,3,2,At-Risk High-Value,0
55579,8.0,8.0,7841.24,1,4,4,At-Risk High-Value,0
55580,3.0,2.0,1970.1,2,3,3,At-Risk High-Value,0
55581,1.0,2.0,1681.02,4,3,2,Loyal Customers,0
55582,13.0,2.0,2690.27,1,3,3,At-Risk High-Value,0
55583,3.0,3.0,2501.4,2,4,3,At-Risk High-Value,0
55584,3.0,2.0,1746.25,2,3,2,At-Risk High-Value,0
55585,9.0,2.0,1935.78,1,3,3,At-Risk High-Value,0
55586,2.0,9.0,8602.11,3,4,4,Champions,0
55587,2.0,5.0,4217.68,3,4,4,Champions,0
55588,1.0,2.0,1639.66,4,3,2,Loyal Customers,0
55589,3.0,3.0,2436.88,2,4,3,At-Risk High-Value,0
55590,8.0,2.0,1826.88,1,3,2,At-Risk High-Value,0
55591,12.0,2.0,2827.66,1,3,3,At-Risk High-Value,0
55592,3.0,6.0,7564.26,2,4,4,At-Risk High-Value,0
55593,9.0,7.0,10103.94,1,4,4,At-Risk High-Value,0
55594,5.0,2.0,1914.77,2,3,3,At-Risk High-Value,0
55595,1.0,2.0,1758.02,4,3,2,Loyal Customers,0
55596,3.0,2.0,1642.96,2,3,2,At-Risk High-Value,0
55597,3.0,2.0,1636.8,2,3,2,At-Risk High-Value,0
55598,4.0,2.0,3512.41,2,3,4,At-Risk High-Value,0
55599,1.0,2.0,1571.9,4,3,2,Loyal Customers,1
55600,5.0,4.0,4431.68,2,4,4,At-Risk High-Value,0
55601,3.0,2.0,1939.41,2,3,3,At-Risk High-Value,0
55602,10.0,2.0,2068.66,1,3,3,At-Risk High-Value,0
55603,3.0,3.0,2852.36,2,4,3,At-Risk High-Value,1
55604,15.0,5.0,8629.5,1,4,4,At-Risk High-Value,0
55605,9.0,10.0,8161.45,1,4,4,At-Risk High-Value,1
55606,11.0,2.0,2867.7,1,3,3,At-Risk High-Value,0
55607,8.0,2.0,2113.32,1,3,3,At-Risk High-Value,0
55608,12.0,12.0,11817.96,1,4,4,At-Risk High-Value,0
55609,3.0,2.0,2358.18,2,3,3,At-Risk High-Value,0
55610,3.0,2.0,1643.29,2,3,2,At-Risk High-Value,0
55611,3.0,2.0,2347.07,2,3,3,At-Risk High-Value,0
55612,10.0,2.0,1962.73,1,3,3,At-Risk High-Value,0
55613,2.0,2.0,2115.08,3,3,3,Champions,1
55614,1.0,2.0,2106.72,4,3,3,Champions,0
55615,2.0,2.0,1908.5,3,3,3,Champions,0
55616,3.0,3.0,2525.98,2,4,3,At-Risk High-Value,0
55617,3.0,2.0,2000.79,2,3,3,At-Risk High-Value,0
55618,3.0,2.0,1595.11,2,3,2,At-Risk High-Value,0
55619,2.0,2.0,1702.47,3,3,2,Loyal Customers,0
55620,4.0,2.0,1817.75,2,3,2,At-Risk High-Value,0
55621,5.0,2.0,1791.35,2,3,2,At-Risk High-Value,0
55622,1.0,2.0,2568.94,4,3,3,Champions,1
55623,7.0,2.0,2698.41,1,3,3,At-Risk High-Value,0
55624,3.0,2.0,2467.96,2,3,3,At-Risk High-Value,0
55625,1.0,2.0,1701.26,4,3,2,Loyal Customers,0
55626,4.0,2.0,1657.81,2,3,2,At-Risk High-Value,0
55627,3.0,2.0,2474.01,2,3,3,At-Risk High-Value,0
55628,4.0,2.0,2050.62,2,3,3,At-Risk High-Value,0
55629,9.0,2.0,1967.9,1,3,3,At-Risk High-Value,0
55630,3.0,2.0,1859.44,2,3,3,At-Risk High-Value,0
