CustomerID,Tenure,RFM_Segment,Estimated_Spend,SatisfactionScore,Complain,WarehouseToHome,Churn,Churn_Probability,Risk_Level,Prescribed_Intervention
50001,4.0,Lost / Low Value,879.62,2,1,6.0,1,0.954,High Risk,Priority 2: 25% Comeback Voucher + Free Express Delivery
50002,9.0,Potential Loyalists,664.95,3,1,8.0,1,0.986,High Risk,Priority 2: 25% Comeback Voucher + Free Express Delivery
50003,9.0,Potential Loyalists,661.54,3,1,30.0,1,0.996,High Risk,Priority 2: 25% Comeback Voucher + Free Express Delivery
50004,0.0,Potential Loyalists,737.38,5,0,15.0,1,0.973,High Risk,Priority 2: 25% Comeback Voucher + Free Express Delivery
50005,0.0,Potential Loyalists,712.8,5,0,12.0,1,0.959,High Risk,Priority 2: 25% Comeback Voucher + Free Express Delivery
50006,0.0,At-Risk High-Value,4593.27,5,1,22.0,1,1.0,High Risk,"Priority 1: Executive Concierge Call + ₹1,000 Credit"
50007,9.0,Potential Loyalists,664.73,2,0,11.0,1,0.969,High Risk,Priority 2: 25% Comeback Voucher + Free Express Delivery
50008,9.0,Loyal Customers,1352.23,2,1,6.0,1,0.689,High Risk,Priority 2: 25% Comeback Voucher + Free Express Delivery
50009,13.0,Potential Loyalists,697.56,3,1,9.0,1,0.975,High Risk,Priority 2: 25% Comeback Voucher + Free Express Delivery
50010,9.0,Potential Loyalists,676.12,3,0,31.0,1,0.915,High Risk,Priority 2: 25% Comeback Voucher + Free Express Delivery
50011,4.0,At-Risk High-Value,24374.62,3,0,18.0,1,0.589,Medium Risk,Priority 3: Personalized Recommendation + Free Shipping
50012,11.0,Potential Loyalists,845.96,3,1,6.0,1,0.99,High Risk,Priority 2: 25% Comeback Voucher + Free Express Delivery
50013,0.0,Loyal Customers,1478.51,3,1,11.0,1,0.915,High Risk,Priority 2: 25% Comeback Voucher + Free Express Delivery
50014,0.0,Potential Loyalists,736.34,3,1,15.0,1,0.857,High Risk,Priority 2: 25% Comeback Voucher + Free Express Delivery
50015,9.0,At-Risk High-Value,4316.18,2,0,15.0,1,0.91,High Risk,"Priority 1: Executive Concierge Call + ₹1,000 Credit"
50016,9.0,Potential Loyalists,664.02,5,1,12.0,1,0.995,High Risk,Priority 2: 25% Comeback Voucher + Free Express Delivery
50017,0.0,Potential Loyalists,710.93,2,1,12.0,1,0.983,High Risk,Priority 2: 25% Comeback Voucher + Free Express Delivery
50018,0.0,Potential Loyalists,865.92,3,1,11.0,1,0.999,High Risk,Priority 2: 25% Comeback Voucher + Free Express Delivery
50019,0.0,Lost / Low Value,884.07,3,1,13.0,1,0.998,High Risk,Priority 2: 25% Comeback Voucher + Free Express Delivery
50020,19.0,Champions,3291.86,4,1,20.0,1,0.974,High Risk,"Priority 1: Executive Concierge Call + ₹1,000 Credit"
50021,0.0,At-Risk High-Value,6226.22,3,1,12.0,1,0.994,High Risk,"Priority 1: Executive Concierge Call + ₹1,000 Credit"
50022,20.0,At-Risk High-Value,16757.4,2,0,29.0,1,0.988,High Risk,"Priority 1: Executive Concierge Call + ₹1,000 Credit"
50023,9.0,Potential Loyalists,642.12,3,1,28.0,1,0.982,High Risk,Priority 2: 25% Comeback Voucher + Free Express Delivery
50024,0.0,Loyal Customers,1601.49,3,1,26.0,1,0.993,High Risk,Priority 2: 25% Comeback Voucher + Free Express Delivery
50025,14.0,Potential Loyalists,1135.75,2,0,14.0,1,0.867,High Risk,Priority 2: 25% Comeback Voucher + Free Express Delivery
50026,0.0,Lost / Low Value,781.0,5,0,15.0,1,0.989,High Risk,Priority 2: 25% Comeback Voucher + Free Express Delivery
50027,8.0,Lost / Low Value,951.22,4,0,6.0,0,0.035,Low Risk,Priority 4: Standard Loyalty Reward Program
50028,9.0,At-Risk High-Value,2707.32,3,1,12.0,0,0.094,Low Risk,Priority 4: Standard Loyalty Reward Program
50029,18.0,Lost / Low Value,679.14,4,0,14.0,0,0.025,Low Risk,Priority 4: Standard Loyalty Reward Program
50030,5.0,At-Risk High-Value,3134.67,2,0,14.0,0,0.072,Low Risk,Priority 4: Standard Loyalty Reward Program
50031,2.0,Lost / Low Value,787.54,3,0,6.0,0,0.03,Low Risk,Priority 4: Standard Loyalty Reward Program
50032,0.0,Potential Loyalists,887.26,3,0,13.0,0,0.517,Medium Risk,Priority 3: Personalized Recommendation + Free Shipping
50033,30.0,Potential Loyalists,734.03,4,1,15.0,0,0.058,Low Risk,Priority 4: Standard Loyalty Reward Program
50034,13.0,Hibernating Big Spenders,2294.05,2,0,10.0,0,0.034,Low Risk,Priority 4: Standard Loyalty Reward Program
50035,9.0,Potential Loyalists,672.7,3,0,8.0,0,0.093,Low Risk,Priority 4: Standard Loyalty Reward Program
50036,0.0,Loyal Customers,1355.53,2,0,14.0,0,0.141,Low Risk,Priority 4: Standard Loyalty Reward Program
50037,9.0,Loyal Customers,1322.64,4,0,15.0,0,0.059,Low Risk,Priority 4: Standard Loyalty Reward Program
50038,1.0,Potential Loyalists,699.21,2,0,27.0,0,0.104,Low Risk,Priority 4: Standard Loyalty Reward Program
50039,30.0,Lost / Low Value,1069.14,2,1,30.0,0,0.008,Low Risk,Priority 4: Standard Loyalty Reward Program
50040,0.0,Potential Loyalists,691.13,3,1,14.0,0,0.563,Medium Risk,Priority 3: Personalized Recommendation + Free Shipping
50041,23.0,At-Risk High-Value,6583.72,4,0,17.0,0,0.0,Low Risk,Priority 4: Standard Loyalty Reward Program
50042,14.0,Lost / Low Value,684.8,3,0,14.0,0,0.132,Low Risk,Priority 4: Standard Loyalty Reward Program
50043,3.0,At-Risk High-Value,7476.32,2,0,11.0,0,0.111,Low Risk,Priority 4: Standard Loyalty Reward Program
50044,11.0,Potential Loyalists,1027.73,2,0,6.0,0,0.036,Low Risk,Priority 4: Standard Loyalty Reward Program
50045,5.0,Lost / Low Value,717.09,3,0,12.0,0,0.049,Low Risk,Priority 4: Standard Loyalty Reward Program
50046,0.0,Potential Loyalists,718.19,4,1,23.0,0,0.517,Medium Risk,Priority 3: Personalized Recommendation + Free Shipping
50047,0.0,Potential Loyalists,677.88,5,0,14.0,1,0.99,High Risk,Priority 2: 25% Comeback Voucher + Free Express Delivery
50048,9.0,Champions,4653.88,4,0,9.0,0,0.049,Low Risk,Priority 4: Standard Loyalty Reward Program
50049,3.0,At-Risk High-Value,4313.76,5,0,15.0,0,0.039,Low Risk,Priority 4: Standard Loyalty Reward Program
50050,18.0,Potential Loyalists,825.33,5,1,10.0,0,0.025,Low Risk,Priority 4: Standard Loyalty Reward Program
50051,29.0,Loyal Customers,1568.27,5,1,14.0,0,0.1,Low Risk,Priority 4: Standard Loyalty Reward Program
50052,6.0,Potential Loyalists,687.5,2,0,14.0,0,0.061,Low Risk,Priority 4: Standard Loyalty Reward Program
50053,0.0,Potential Loyalists,610.61,2,0,8.0,1,0.97,High Risk,Priority 2: 25% Comeback Voucher + Free Express Delivery
50054,19.0,At-Risk High-Value,16873.72,5,0,6.0,0,0.038,Low Risk,Priority 4: Standard Loyalty Reward Program
50055,9.0,Loyal Customers,1351.68,2,0,15.0,0,0.098,Low Risk,Priority 4: Standard Loyalty Reward Program
50056,4.0,Potential Loyalists,766.09,2,1,18.0,0,0.224,Low Risk,Priority 4: Standard Loyalty Reward Program
50057,9.0,Potential Loyalists,677.1,4,0,33.0,0,0.041,Low Risk,Priority 4: Standard Loyalty Reward Program
50058,4.0,Potential Loyalists,722.7,4,1,26.0,1,0.619,High Risk,Priority 2: 25% Comeback Voucher + Free Express Delivery
50059,23.0,Potential Loyalists,752.95,3,0,6.0,0,0.027,Low Risk,Priority 4: Standard Loyalty Reward Program
50060,26.0,Potential Loyalists,794.75,5,0,19.0,0,0.016,Low Risk,Priority 4: Standard Loyalty Reward Program
50061,6.0,Lost / Low Value,701.58,4,0,20.0,0,0.041,Low Risk,Priority 4: Standard Loyalty Reward Program
50062,13.0,At-Risk High-Value,14371.34,3,0,10.0,0,0.03,Low Risk,Priority 4: Standard Loyalty Reward Program
50063,28.0,Hibernating Big Spenders,3159.42,4,0,20.0,0,0.003,Low Risk,Priority 4: Standard Loyalty Reward Program
50064,7.0,Lost / Low Value,1075.08,3,0,8.0,0,0.046,Low Risk,Priority 4: Standard Loyalty Reward Program
50065,24.0,Loyal Customers,2610.74,4,0,9.0,0,0.005,Low Risk,Priority 4: Standard Loyalty Reward Program
50066,25.0,At-Risk High-Value,18149.4,3,0,6.0,0,0.025,Low Risk,Priority 4: Standard Loyalty Reward Program
50067,9.0,Potential Loyalists,675.34,4,0,15.0,0,0.036,Low Risk,Priority 4: Standard Loyalty Reward Program
50068,0.0,Potential Loyalists,875.38,3,1,29.0,1,0.998,High Risk,Priority 2: 25% Comeback Voucher + Free Express Delivery
50069,9.0,Loyal Customers,1329.79,2,0,13.0,0,0.035,Low Risk,Priority 4: Standard Loyalty Reward Program
50070,18.0,At-Risk High-Value,16209.16,2,0,8.0,0,0.031,Low Risk,Priority 4: Standard Loyalty Reward Program
50071,10.0,Lost / Low Value,746.02,5,1,27.0,0,0.147,Low Risk,Priority 4: Standard Loyalty Reward Program
50072,8.0,Potential Loyalists,793.38,4,0,8.0,0,0.024,Low Risk,Priority 4: Standard Loyalty Reward Program
50073,15.0,Potential Loyalists,839.58,3,0,27.0,0,0.012,Low Risk,Priority 4: Standard Loyalty Reward Program
50074,11.0,Potential Loyalists,910.42,3,0,8.0,0,0.065,Low Risk,Priority 4: Standard Loyalty Reward Program
50075,11.0,Lost / Low Value,894.36,2,0,35.0,0,0.021,Low Risk,Priority 4: Standard Loyalty Reward Program
50076,0.0,Loyal Customers,1572.78,5,0,6.0,0,0.264,Low Risk,Priority 4: Standard Loyalty Reward Program
50077,22.0,Lost / Low Value,924.22,2,1,24.0,0,0.012,Low Risk,Priority 4: Standard Loyalty Reward Program
50078,7.0,Loyal Customers,1519.65,3,1,16.0,0,0.522,Medium Risk,Priority 3: Personalized Recommendation + Free Shipping
50079,13.0,At-Risk High-Value,2102.26,2,1,25.0,0,0.045,Low Risk,Priority 4: Standard Loyalty Reward Program
50080,1.0,Potential Loyalists,917.02,5,1,35.0,1,0.593,Medium Risk,Priority 3: Personalized Recommendation + Free Shipping
50081,0.0,Lost / Low Value,970.14,2,0,33.0,1,0.98,High Risk,Priority 2: 25% Comeback Voucher + Free Express Delivery
50082,0.0,Loyal Customers,1356.08,4,1,14.0,0,0.308,Medium Risk,Priority 3: Personalized Recommendation + Free Shipping
50083,9.0,Lost / Low Value,668.42,2,0,24.0,0,0.029,Low Risk,Priority 4: Standard Loyalty Reward Program
50084,13.0,Potential Loyalists,818.18,2,0,15.0,0,0.022,Low Risk,Priority 4: Standard Loyalty Reward Program
50085,19.0,Potential Loyalists,1066.78,5,0,6.0,0,0.044,Low Risk,Priority 4: Standard Loyalty Reward Program
50086,0.0,At-Risk High-Value,10098.0,2,0,10.0,1,0.997,High Risk,"Priority 1: Executive Concierge Call + ₹1,000 Credit"
50087,3.0,At-Risk High-Value,5080.35,3,0,6.0,0,0.045,Low Risk,Priority 4: Standard Loyalty Reward Program
50088,0.0,Lost / Low Value,1098.96,3,0,26.0,0,0.164,Low Risk,Priority 4: Standard Loyalty Reward Program
50089,24.0,Champions,4947.8,4,0,14.0,0,0.05,Low Risk,Priority 4: Standard Loyalty Reward Program
50090,0.0,Lost / Low Value,696.14,5,1,14.0,1,0.996,High Risk,Priority 2: 25% Comeback Voucher + Free Express Delivery
50091,14.0,Loyal Customers,2595.01,2,1,12.0,0,0.086,Low Risk,Priority 4: Standard Loyalty Reward Program
50092,0.0,Potential Loyalists,918.28,5,0,32.0,1,0.998,High Risk,Priority 2: 25% Comeback Voucher + Free Express Delivery
50093,9.0,Lost / Low Value,663.19,3,0,6.0,1,0.907,High Risk,Priority 2: 25% Comeback Voucher + Free Express Delivery
50094,18.0,At-Risk High-Value,12450.9,2,0,12.0,0,0.049,Low Risk,Priority 4: Standard Loyalty Reward Program
50095,27.0,Lost / Low Value,876.7,5,0,9.0,0,0.024,Low Risk,Priority 4: Standard Loyalty Reward Program
50096,9.0,At-Risk High-Value,2625.81,4,0,11.0,0,0.017,Low Risk,Priority 4: Standard Loyalty Reward Program
50097,6.0,Potential Loyalists,694.21,4,0,14.0,0,0.105,Low Risk,Priority 4: Standard Loyalty Reward Program
50098,10.0,Potential Loyalists,1220.18,2,1,17.0,0,0.065,Low Risk,Priority 4: Standard Loyalty Reward Program
50099,11.0,At-Risk High-Value,5667.48,3,0,9.0,0,0.023,Low Risk,Priority 4: Standard Loyalty Reward Program
50100,4.0,Lost / Low Value,788.97,3,0,6.0,0,0.03,Low Risk,Priority 4: Standard Loyalty Reward Program
50101,9.0,Potential Loyalists,669.74,2,0,9.0,0,0.202,Low Risk,Priority 4: Standard Loyalty Reward Program
50102,10.0,At-Risk High-Value,0.0,2,0,10.0,0,0.07,Low Risk,Priority 4: Standard Loyalty Reward Program
50103,2.0,Champions,3941.96,2,0,6.0,0,0.1,Low Risk,Priority 4: Standard Loyalty Reward Program
50104,8.0,Lost / Low Value,1033.4,3,0,6.0,0,0.016,Low Risk,Priority 4: Standard Loyalty Reward Program
50105,0.0,Potential Loyalists,681.4,2,1,14.0,1,0.996,High Risk,Priority 2: 25% Comeback Voucher + Free Express Delivery
50106,25.0,Loyal Customers,1453.32,2,0,8.0,0,0.064,Low Risk,Priority 4: Standard Loyalty Reward Program
50107,15.0,At-Risk High-Value,17685.36,2,0,10.0,0,0.044,Low Risk,Priority 4: Standard Loyalty Reward Program
50108,9.0,Loyal Customers,1349.37,3,0,12.0,0,0.061,Low Risk,Priority 4: Standard Loyalty Reward Program
50109,23.0,Lost / Low Value,1623.44,2,0,6.0,0,0.022,Low Risk,Priority 4: Standard Loyalty Reward Program
50110,0.0,Lost / Low Value,683.98,2,1,14.0,1,0.987,High Risk,Priority 2: 25% Comeback Voucher + Free Express Delivery
50111,16.0,Hibernating Big Spenders,2867.04,2,1,22.0,0,0.077,Low Risk,Priority 4: Standard Loyalty Reward Program
50112,0.0,Lost / Low Value,698.88,5,0,8.0,1,0.581,Medium Risk,Priority 3: Personalized Recommendation + Free Shipping
50113,25.0,At-Risk High-Value,23981.1,3,1,8.0,0,0.1,Low Risk,Priority 4: Standard Loyalty Reward Program
50114,5.0,Potential Loyalists,766.2,4,0,10.0,0,0.065,Low Risk,Priority 4: Standard Loyalty Reward Program
50115,0.0,Potential Loyalists,755.15,3,1,6.0,1,0.955,High Risk,Priority 2: 25% Comeback Voucher + Free Express Delivery
50116,9.0,Potential Loyalists,672.76,3,0,6.0,0,0.025,Low Risk,Priority 4: Standard Loyalty Reward Program
50117,5.0,Loyal Customers,1591.15,2,0,32.0,0,0.032,Low Risk,Priority 4: Standard Loyalty Reward Program
50118,14.0,Potential Loyalists,718.96,5,0,25.0,0,0.113,Low Risk,Priority 4: Standard Loyalty Reward Program
50119,13.0,At-Risk High-Value,2930.18,2,0,30.0,0,0.008,Low Risk,Priority 4: Standard Loyalty Reward Program
50120,18.0,Lost / Low Value,1606.11,2,0,6.0,0,0.075,Low Risk,Priority 4: Standard Loyalty Reward Program
50121,4.0,Loyal Customers,2604.25,3,0,9.0,0,0.065,Low Risk,Priority 4: Standard Loyalty Reward Program
50122,6.0,Potential Loyalists,710.1,2,0,11.0,0,0.036,Low Risk,Priority 4: Standard Loyalty Reward Program
50123,7.0,At-Risk High-Value,4388.18,5,0,8.0,0,0.026,Low Risk,Priority 4: Standard Loyalty Reward Program
50124,10.0,Potential Loyalists,765.6,5,0,6.0,0,0.012,Low Risk,Priority 4: Standard Loyalty Reward Program
50125,18.0,Potential Loyalists,903.87,3,0,13.0,0,0.02,Low Risk,Priority 4: Standard Loyalty Reward Program
50126,0.0,Potential Loyalists,1102.64,3,0,16.0,1,0.994,High Risk,Priority 2: 25% Comeback Voucher + Free Express Delivery
50127,12.0,Champions,12667.49,3,0,8.0,0,0.05,Low Risk,Priority 4: Standard Loyalty Reward Program
50128,2.0,Lost / Low Value,678.7,2,0,14.0,0,0.08,Low Risk,Priority 4: Standard Loyalty Reward Program
50129,15.0,Potential Loyalists,909.97,5,1,23.0,0,0.044,Low Risk,Priority 4: Standard Loyalty Reward Program
50130,2.0,Potential Loyalists,931.2,2,0,26.0,0,0.035,Low Risk,Priority 4: Standard Loyalty Reward Program
50131,0.0,Potential Loyalists,819.39,3,0,6.0,0,0.1,Low Risk,Priority 4: Standard Loyalty Reward Program
50132,15.0,At-Risk High-Value,4848.3,5,1,14.0,0,0.144,Low Risk,Priority 4: Standard Loyalty Reward Program
50133,13.0,At-Risk High-Value,4856.94,3,0,8.0,0,0.021,Low Risk,Priority 4: Standard Loyalty Reward Program
50134,24.0,Potential Loyalists,699.76,2,0,6.0,0,0.042,Low Risk,Priority 4: Standard Loyalty Reward Program
50135,0.0,Lost / Low Value,741.34,4,0,35.0,1,0.979,High Risk,Priority 2: 25% Comeback Voucher + Free Express Delivery
50136,5.0,Potential Loyalists,703.67,4,0,13.0,0,0.019,Low Risk,Priority 4: Standard Loyalty Reward Program
50137,11.0,At-Risk High-Value,5870.87,2,0,8.0,0,0.094,Low Risk,Priority 4: Standard Loyalty Reward Program
50138,9.0,Lost / Low Value,669.68,5,0,8.0,0,0.031,Low Risk,Priority 4: Standard Loyalty Reward Program
50139,19.0,At-Risk High-Value,10345.72,4,1,8.0,0,0.076,Low Risk,Priority 4: Standard Loyalty Reward Program
50140,0.0,Potential Loyalists,741.68,3,0,8.0,1,0.893,High Risk,Priority 2: 25% Comeback Voucher + Free Express Delivery
50141,2.0,Potential Loyalists,915.42,4,0,8.0,0,0.075,Low Risk,Priority 4: Standard Loyalty Reward Program
50142,4.0,At-Risk High-Value,5999.07,2,0,29.0,0,0.058,Low Risk,Priority 4: Standard Loyalty Reward Program
50143,0.0,Lost / Low Value,770.0,5,0,11.0,0,0.078,Low Risk,Priority 4: Standard Loyalty Reward Program
50144,18.0,Hibernating Big Spenders,2584.56,2,1,26.0,0,0.018,Low Risk,Priority 4: Standard Loyalty Reward Program
50145,9.0,At-Risk High-Value,7265.5,2,0,12.0,0,0.011,Low Risk,Priority 4: Standard Loyalty Reward Program
50146,28.0,At-Risk High-Value,6389.9,5,1,6.0,0,0.037,Low Risk,Priority 4: Standard Loyalty Reward Program
50147,10.0,Champions,10815.26,4,1,35.0,1,0.967,High Risk,"Priority 1: Executive Concierge Call + ₹1,000 Credit"
50148,9.0,Lost / Low Value,663.85,2,0,15.0,0,0.03,Low Risk,Priority 4: Standard Loyalty Reward Program
50149,10.0,Potential Loyalists,907.61,2,0,12.0,0,0.119,Low Risk,Priority 4: Standard Loyalty Reward Program
50150,0.0,Potential Loyalists,727.65,3,0,9.0,0,0.327,Medium Risk,Priority 3: Personalized Recommendation + Free Shipping
50151,10.0,Loyal Customers,2596.33,2,1,6.0,0,0.044,Low Risk,Priority 4: Standard Loyalty Reward Program
50152,2.0,Champions,7258.68,4,0,28.0,0,0.115,Low Risk,Priority 4: Standard Loyalty Reward Program
50153,11.0,At-Risk High-Value,6007.93,5,1,13.0,0,0.021,Low Risk,Priority 4: Standard Loyalty Reward Program
50154,0.0,Lost / Low Value,901.84,4,0,6.0,0,0.076,Low Risk,Priority 4: Standard Loyalty Reward Program
50155,23.0,Lost / Low Value,1602.92,4,0,10.0,0,0.009,Low Risk,Priority 4: Standard Loyalty Reward Program
50156,26.0,Potential Loyalists,1517.12,3,1,9.0,0,0.013,Low Risk,Priority 4: Standard Loyalty Reward Program
50157,15.0,At-Risk High-Value,9018.74,3,0,6.0,0,0.062,Low Risk,Priority 4: Standard Loyalty Reward Program
50158,2.0,Lost / Low Value,800.47,2,0,8.0,0,0.026,Low Risk,Priority 4: Standard Loyalty Reward Program
50159,28.0,Lost / Low Value,847.82,2,1,26.0,0,0.035,Low Risk,Priority 4: Standard Loyalty Reward Program
50160,0.0,Champions,2432.26,5,1,17.0,0,0.282,Low Risk,Priority 4: Standard Loyalty Reward Program
50161,9.0,At-Risk High-Value,3331.62,2,0,6.0,0,0.058,Low Risk,Priority 4: Standard Loyalty Reward Program
50162,7.0,Potential Loyalists,723.86,3,1,30.0,1,0.959,High Risk,Priority 2: 25% Comeback Voucher + Free Express Delivery
50163,11.0,Potential Loyalists,865.97,2,0,29.0,0,0.025,Low Risk,Priority 4: Standard Loyalty Reward Program
50164,0.0,Potential Loyalists,680.52,4,1,14.0,1,0.985,High Risk,Priority 2: 25% Comeback Voucher + Free Express Delivery
50165,1.0,Potential Loyalists,732.05,2,0,14.0,0,0.115,Low Risk,Priority 4: Standard Loyalty Reward Program
50166,22.0,Potential Loyalists,1576.57,5,1,16.0,0,0.075,Low Risk,Priority 4: Standard Loyalty Reward Program
50167,9.0,At-Risk High-Value,5576.72,4,0,9.0,0,0.065,Low Risk,Priority 4: Standard Loyalty Reward Program
50168,4.0,Loyal Customers,1406.79,4,0,11.0,0,0.031,Low Risk,Priority 4: Standard Loyalty Reward Program
50169,0.0,At-Risk High-Value,6093.78,2,1,10.0,1,0.995,High Risk,"Priority 1: Executive Concierge Call + ₹1,000 Credit"
50170,10.0,Potential Loyalists,677.93,2,1,14.0,0,0.161,Low Risk,Priority 4: Standard Loyalty Reward Program
50171,15.0,Hibernating Big Spenders,2587.75,4,0,32.0,0,0.041,Low Risk,Priority 4: Standard Loyalty Reward Program
50172,9.0,Potential Loyalists,628.1,3,0,9.0,1,0.974,High Risk,Priority 2: 25% Comeback Voucher + Free Express Delivery
50173,8.0,At-Risk High-Value,5946.6,4,0,22.0,0,0.073,Low Risk,Priority 4: Standard Loyalty Reward Program
50174,9.0,Potential Loyalists,752.84,2,0,24.0,0,0.148,Low Risk,Priority 4: Standard Loyalty Reward Program
50175,24.0,Potential Loyalists,851.51,4,0,8.0,0,0.009,Low Risk,Priority 4: Standard Loyalty Reward Program
50176,14.0,Hibernating Big Spenders,2861.65,4,0,8.0,0,0.028,Low Risk,Priority 4: Standard Loyalty Reward Program
50177,0.0,Potential Loyalists,616.0,3,0,16.0,0,0.323,Medium Risk,Priority 3: Personalized Recommendation + Free Shipping
50178,1.0,Lost / Low Value,861.36,5,0,22.0,0,0.141,Low Risk,Priority 4: Standard Loyalty Reward Program
50179,4.0,At-Risk High-Value,6517.66,2,0,13.0,0,0.137,Low Risk,Priority 4: Standard Loyalty Reward Program
50180,12.0,At-Risk High-Value,3236.14,2,0,6.0,0,0.072,Low Risk,Priority 4: Standard Loyalty Reward Program
50181,9.0,Lost / Low Value,862.07,4,0,30.0,0,0.021,Low Risk,Priority 4: Standard Loyalty Reward Program
50182,5.0,At-Risk High-Value,3406.48,3,0,13.0,0,0.011,Low Risk,Priority 4: Standard Loyalty Reward Program
50183,11.0,Potential Loyalists,1213.36,4,0,31.0,0,0.035,Low Risk,Priority 4: Standard Loyalty Reward Program
50184,30.0,Potential Loyalists,861.3,3,1,6.0,0,0.018,Low Risk,Priority 4: Standard Loyalty Reward Program
50185,4.0,Potential Loyalists,815.16,2,1,11.0,0,0.14,Low Risk,Priority 4: Standard Loyalty Reward Program
50186,4.0,Potential Loyalists,902.55,5,0,8.0,0,0.119,Low Risk,Priority 4: Standard Loyalty Reward Program
50187,18.0,At-Risk High-Value,7528.95,5,0,13.0,0,0.024,Low Risk,Priority 4: Standard Loyalty Reward Program
50188,4.0,Loyal Customers,1396.45,2,1,8.0,0,0.106,Low Risk,Priority 4: Standard Loyalty Reward Program
50189,6.0,Champions,9626.32,4,0,11.0,0,0.07,Low Risk,Priority 4: Standard Loyalty Reward Program
50190,12.0,At-Risk High-Value,16376.14,5,1,16.0,0,0.059,Low Risk,Priority 4: Standard Loyalty Reward Program
50191,16.0,Lost / Low Value,685.02,2,0,14.0,0,0.033,Low Risk,Priority 4: Standard Loyalty Reward Program
50192,22.0,Hibernating Big Spenders,2636.04,3,1,6.0,0,0.055,Low Risk,Priority 4: Standard Loyalty Reward Program
50193,15.0,At-Risk High-Value,5752.28,4,0,14.0,1,0.698,High Risk,"Priority 1: Executive Concierge Call + ₹1,000 Credit"
50194,0.0,Potential Loyalists,686.29,4,1,14.0,0,0.371,Medium Risk,Priority 3: Personalized Recommendation + Free Shipping
50195,5.0,At-Risk High-Value,9212.94,4,1,14.0,0,0.068,Low Risk,Priority 4: Standard Loyalty Reward Program
50196,0.0,Lost / Low Value,796.29,3,1,8.0,0,0.279,Low Risk,Priority 4: Standard Loyalty Reward Program
50197,4.0,Lost / Low Value,965.08,2,0,13.0,0,0.028,Low Risk,Priority 4: Standard Loyalty Reward Program
50198,5.0,Lost / Low Value,828.03,2,0,8.0,0,0.002,Low Risk,Priority 4: Standard Loyalty Reward Program
50199,0.0,Loyal Customers,1481.04,2,1,8.0,1,0.91,High Risk,Priority 2: 25% Comeback Voucher + Free Express Delivery
50200,3.0,Lost / Low Value,867.62,2,0,34.0,0,0.03,Low Risk,Priority 4: Standard Loyalty Reward Program
50201,4.0,At-Risk High-Value,8334.92,3,0,13.0,0,0.029,Low Risk,Priority 4: Standard Loyalty Reward Program
50202,12.0,Champions,20929.48,2,0,5.0,0,0.075,Low Risk,Priority 4: Standard Loyalty Reward Program
50203,2.0,Potential Loyalists,838.09,3,1,9.0,1,0.947,High Risk,Priority 2: 25% Comeback Voucher + Free Express Delivery
50204,6.0,Potential Loyalists,807.51,2,0,16.0,0,0.07,Low Risk,Priority 4: Standard Loyalty Reward Program
50205,20.0,Potential Loyalists,1556.5,3,0,11.0,0,0.011,Low Risk,Priority 4: Standard Loyalty Reward Program
50206,16.0,Potential Loyalists,839.14,3,0,16.0,0,0.036,Low Risk,Priority 4: Standard Loyalty Reward Program
50207,0.0,Lost / Low Value,899.2,4,1,6.0,0,0.185,Low Risk,Priority 4: Standard Loyalty Reward Program
50208,27.0,Potential Loyalists,817.8,3,0,26.0,0,0.02,Low Risk,Priority 4: Standard Loyalty Reward Program
50209,16.0,Potential Loyalists,1099.18,5,0,13.0,0,0.026,Low Risk,Priority 4: Standard Loyalty Reward Program
50210,18.0,At-Risk High-Value,6780.02,2,0,14.0,0,0.072,Low Risk,Priority 4: Standard Loyalty Reward Program
50211,13.0,Potential Loyalists,960.14,2,1,6.0,0,0.057,Low Risk,Priority 4: Standard Loyalty Reward Program
50212,9.0,Lost / Low Value,666.54,5,1,14.0,1,0.973,High Risk,Priority 2: 25% Comeback Voucher + Free Express Delivery
50213,2.0,Loyal Customers,1538.13,2,0,15.0,0,0.079,Low Risk,Priority 4: Standard Loyalty Reward Program
50214,3.0,Potential Loyalists,886.49,3,0,11.0,0,0.023,Low Risk,Priority 4: Standard Loyalty Reward Program
50215,0.0,Lost / Low Value,891.77,4,0,14.0,0,0.114,Low Risk,Priority 4: Standard Loyalty Reward Program
50216,10.0,Lost / Low Value,899.08,2,0,11.0,0,0.026,Low Risk,Priority 4: Standard Loyalty Reward Program
50217,11.0,Loyal Customers,2366.1,2,1,21.0,0,0.018,Low Risk,Priority 4: Standard Loyalty Reward Program
50218,4.0,At-Risk High-Value,3771.46,2,1,13.0,0,0.063,Low Risk,Priority 4: Standard Loyalty Reward Program
50219,2.0,Lost / Low Value,1004.74,4,1,16.0,0,0.016,Low Risk,Priority 4: Standard Loyalty Reward Program
50220,8.0,Lost / Low Value,995.22,4,0,11.0,0,0.032,Low Risk,Priority 4: Standard Loyalty Reward Program
50221,0.0,Potential Loyalists,709.72,2,0,32.0,0,0.071,Low Risk,Priority 4: Standard Loyalty Reward Program
50222,14.0,Potential Loyalists,881.76,4,1,12.0,0,0.039,Low Risk,Priority 4: Standard Loyalty Reward Program
50223,20.0,Potential Loyalists,713.68,3,0,10.0,0,0.062,Low Risk,Priority 4: Standard Loyalty Reward Program
50224,15.0,Loyal Customers,2859.12,2,0,29.0,0,0.015,Low Risk,Priority 4: Standard Loyalty Reward Program
50225,2.0,Potential Loyalists,805.7,3,0,8.0,0,0.029,Low Risk,Priority 4: Standard Loyalty Reward Program
50226,15.0,Potential Loyalists,698.28,3,1,8.0,0,0.094,Low Risk,Priority 4: Standard Loyalty Reward Program
50227,5.0,Lost / Low Value,680.35,4,0,14.0,0,0.052,Low Risk,Priority 4: Standard Loyalty Reward Program
50228,21.0,Potential Loyalists,1237.72,3,0,35.0,0,0.044,Low Risk,Priority 4: Standard Loyalty Reward Program
50229,10.0,At-Risk High-Value,5271.42,5,1,12.0,0,0.023,Low Risk,Priority 4: Standard Loyalty Reward Program
50230,3.0,Loyal Customers,1620.96,3,1,31.0,0,0.212,Low Risk,Priority 4: Standard Loyalty Reward Program
50231,0.0,At-Risk High-Value,5888.96,3,0,6.0,0,0.131,Low Risk,Priority 4: Standard Loyalty Reward Program
50232,15.0,Potential Loyalists,922.96,2,0,8.0,0,0.028,Low Risk,Priority 4: Standard Loyalty Reward Program
50233,9.0,Potential Loyalists,669.57,4,1,6.0,1,0.998,High Risk,Priority 2: 25% Comeback Voucher + Free Express Delivery
50234,9.0,Potential Loyalists,915.92,2,0,6.0,0,0.049,Low Risk,Priority 4: Standard Loyalty Reward Program
50235,9.0,Lost / Low Value,1083.45,2,0,9.0,0,0.058,Low Risk,Priority 4: Standard Loyalty Reward Program
50236,30.0,Potential Loyalists,921.53,3,0,6.0,0,0.025,Low Risk,Priority 4: Standard Loyalty Reward Program
50237,9.0,Lost / Low Value,671.71,3,1,16.0,0,0.219,Low Risk,Priority 4: Standard Loyalty Reward Program
50238,0.0,Loyal Customers,1387.1,2,0,14.0,0,0.142,Low Risk,Priority 4: Standard Loyalty Reward Program
50239,0.0,Potential Loyalists,706.8,3,1,11.0,1,0.995,High Risk,Priority 2: 25% Comeback Voucher + Free Express Delivery
50240,10.0,Potential Loyalists,739.86,5,0,16.0,0,0.039,Low Risk,Priority 4: Standard Loyalty Reward Program
50241,19.0,Potential Loyalists,839.19,3,0,13.0,0,0.019,Low Risk,Priority 4: Standard Loyalty Reward Program
50242,4.0,At-Risk High-Value,7451.68,4,0,10.0,1,0.988,High Risk,"Priority 1: Executive Concierge Call + ₹1,000 Credit"
50243,23.0,Potential Loyalists,1127.28,2,0,16.0,0,0.063,Low Risk,Priority 4: Standard Loyalty Reward Program
50244,3.0,Potential Loyalists,900.9,3,1,28.0,1,0.83,High Risk,Priority 2: 25% Comeback Voucher + Free Express Delivery
50245,4.0,Loyal Customers,1392.27,4,1,14.0,0,0.301,Medium Risk,Priority 3: Personalized Recommendation + Free Shipping
50246,0.0,Potential Loyalists,699.38,4,0,18.0,1,0.984,High Risk,Priority 2: 25% Comeback Voucher + Free Express Delivery
50247,9.0,Potential Loyalists,671.06,2,0,29.0,0,0.135,Low Risk,Priority 4: Standard Loyalty Reward Program
50248,8.0,Potential Loyalists,909.7,4,0,15.0,0,0.063,Low Risk,Priority 4: Standard Loyalty Reward Program
50249,0.0,Lost / Low Value,759.88,4,0,6.0,0,0.091,Low Risk,Priority 4: Standard Loyalty Reward Program
50250,1.0,Lost / Low Value,838.92,2,0,15.0,0,0.056,Low Risk,Priority 4: Standard Loyalty Reward Program
50251,22.0,Potential Loyalists,797.5,3,0,13.0,0,0.182,Low Risk,Priority 4: Standard Loyalty Reward Program
50252,24.0,Lost / Low Value,821.48,2,0,20.0,0,0.021,Low Risk,Priority 4: Standard Loyalty Reward Program
50253,9.0,Loyal Customers,1379.73,3,0,14.0,0,0.078,Low Risk,Priority 4: Standard Loyalty Reward Program
50254,0.0,Lost / Low Value,841.72,2,1,25.0,1,0.995,High Risk,Priority 2: 25% Comeback Voucher + Free Express Delivery
50255,28.0,Potential Loyalists,1466.24,2,1,8.0,0,0.005,Low Risk,Priority 4: Standard Loyalty Reward Program
50256,0.0,Potential Loyalists,784.3,3,1,16.0,0,0.254,Low Risk,Priority 4: Standard Loyalty Reward Program
50257,3.0,Potential Loyalists,686.18,4,0,14.0,0,0.145,Low Risk,Priority 4: Standard Loyalty Reward Program
50258,0.0,Lost / Low Value,720.61,5,0,9.0,1,0.737,High Risk,Priority 2: 25% Comeback Voucher + Free Express Delivery
50259,9.0,Potential Loyalists,673.42,4,0,17.0,0,0.058,Low Risk,Priority 4: Standard Loyalty Reward Program
50260,9.0,Champions,8710.02,3,0,8.0,0,0.069,Low Risk,Priority 4: Standard Loyalty Reward Program
50261,9.0,Potential Loyalists,675.68,2,1,10.0,1,0.955,High Risk,Priority 2: 25% Comeback Voucher + Free Express Delivery
50262,10.0,At-Risk High-Value,8602.44,5,0,20.0,0,0.024,Low Risk,Priority 4: Standard Loyalty Reward Program
50263,13.0,Potential Loyalists,864.32,4,0,8.0,0,0.063,Low Risk,Priority 4: Standard Loyalty Reward Program
50264,15.0,Potential Loyalists,691.68,5,0,14.0,0,0.041,Low Risk,Priority 4: Standard Loyalty Reward Program
50265,10.0,Potential Loyalists,780.84,4,1,16.0,0,0.117,Low Risk,Priority 4: Standard Loyalty Reward Program
50266,16.0,Hibernating Big Spenders,2676.96,4,0,18.0,0,0.038,Low Risk,Priority 4: Standard Loyalty Reward Program
50267,13.0,Potential Loyalists,739.64,3,0,8.0,0,0.052,Low Risk,Priority 4: Standard Loyalty Reward Program
50268,27.0,Potential Loyalists,1617.33,5,0,11.0,0,0.006,Low Risk,Priority 4: Standard Loyalty Reward Program
50269,7.0,Potential Loyalists,909.59,3,0,10.0,0,0.09,Low Risk,Priority 4: Standard Loyalty Reward Program
50270,4.0,At-Risk High-Value,2360.49,5,0,13.0,0,0.018,Low Risk,Priority 4: Standard Loyalty Reward Program
50271,9.0,Potential Loyalists,674.19,2,0,27.0,0,0.027,Low Risk,Priority 4: Standard Loyalty Reward Program
50272,16.0,Potential Loyalists,798.71,3,1,14.0,0,0.033,Low Risk,Priority 4: Standard Loyalty Reward Program
50273,0.0,Potential Loyalists,796.79,2,1,10.0,0,0.186,Low Risk,Priority 4: Standard Loyalty Reward Program
50274,10.0,At-Risk High-Value,7946.95,3,1,31.0,0,0.028,Low Risk,Priority 4: Standard Loyalty Reward Program
50275,9.0,Champions,2015.97,5,0,6.0,0,0.074,Low Risk,Priority 4: Standard Loyalty Reward Program
50276,12.0,Lost / Low Value,1605.84,3,1,6.0,0,0.045,Low Risk,Priority 4: Standard Loyalty Reward Program
50277,29.0,Hibernating Big Spenders,2553.32,5,0,12.0,0,0.019,Low Risk,Priority 4: Standard Loyalty Reward Program
50278,3.0,At-Risk High-Value,3646.94,3,0,18.0,0,0.031,Low Risk,Priority 4: Standard Loyalty Reward Program
50279,14.0,Lost / Low Value,1011.56,5,0,6.0,0,0.02,Low Risk,Priority 4: Standard Loyalty Reward Program
50280,1.0,Lost / Low Value,800.69,5,0,23.0,0,0.144,Low Risk,Priority 4: Standard Loyalty Reward Program
50281,0.0,Potential Loyalists,771.7,5,0,9.0,1,0.959,High Risk,Priority 2: 25% Comeback Voucher + Free Express Delivery
50282,25.0,Lost / Low Value,988.3,3,1,9.0,0,0.03,Low Risk,Priority 4: Standard Loyalty Reward Program
50283,18.0,Potential Loyalists,695.97,2,0,14.0,0,0.029,Low Risk,Priority 4: Standard Loyalty Reward Program
50284,25.0,Lost / Low Value,1460.52,2,0,10.0,0,0.011,Low Risk,Priority 4: Standard Loyalty Reward Program
50285,15.0,Potential Loyalists,800.58,3,0,35.0,0,0.041,Low Risk,Priority 4: Standard Loyalty Reward Program
50286,3.0,Potential Loyalists,885.0,2,0,8.0,0,0.051,Low Risk,Priority 4: Standard Loyalty Reward Program
50287,30.0,At-Risk High-Value,17887.43,5,0,13.0,0,0.04,Low Risk,Priority 4: Standard Loyalty Reward Program
50288,19.0,Lost / Low Value,814.55,3,0,24.0,0,0.009,Low Risk,Priority 4: Standard Loyalty Reward Program
50289,15.0,Lost / Low Value,798.76,2,0,34.0,0,0.063,Low Risk,Priority 4: Standard Loyalty Reward Program
50290,0.0,Lost / Low Value,726.11,4,1,6.0,1,0.989,High Risk,Priority 2: 25% Comeback Voucher + Free Express Delivery
50291,0.0,Potential Loyalists,679.3,3,0,14.0,1,0.996,High Risk,Priority 2: 25% Comeback Voucher + Free Express Delivery
50292,9.0,Potential Loyalists,643.61,2,1,8.0,0,0.538,Medium Risk,Priority 3: Personalized Recommendation + Free Shipping
50293,13.0,Lost / Low Value,1542.26,3,0,8.0,0,0.038,Low Risk,Priority 4: Standard Loyalty Reward Program
50294,0.0,Potential Loyalists,708.73,2,0,29.0,0,0.095,Low Risk,Priority 4: Standard Loyalty Reward Program
50295,9.0,Lost / Low Value,665.34,2,0,9.0,0,0.075,Low Risk,Priority 4: Standard Loyalty Reward Program
50296,2.0,Potential Loyalists,1206.42,3,0,9.0,0,0.072,Low Risk,Priority 4: Standard Loyalty Reward Program
50297,0.0,Potential Loyalists,690.03,4,0,14.0,1,0.794,High Risk,Priority 2: 25% Comeback Voucher + Free Express Delivery
50298,0.0,Potential Loyalists,691.02,2,0,14.0,1,0.735,High Risk,Priority 2: 25% Comeback Voucher + Free Express Delivery
50299,3.0,At-Risk High-Value,7088.62,5,0,28.0,0,0.038,Low Risk,Priority 4: Standard Loyalty Reward Program
50300,30.0,Loyal Customers,2652.98,2,0,35.0,0,0.04,Low Risk,Priority 4: Standard Loyalty Reward Program
50301,23.0,At-Risk High-Value,22312.95,3,0,35.0,0,0.095,Low Risk,Priority 4: Standard Loyalty Reward Program
50302,3.0,At-Risk High-Value,4146.12,2,0,14.0,0,0.025,Low Risk,Priority 4: Standard Loyalty Reward Program
50303,30.0,At-Risk High-Value,14490.19,5,0,34.0,0,0.03,Low Risk,Priority 4: Standard Loyalty Reward Program
50304,20.0,Lost / Low Value,828.85,2,0,8.0,0,0.013,Low Risk,Priority 4: Standard Loyalty Reward Program
50305,19.0,Potential Loyalists,1532.36,3,0,8.0,0,0.026,Low Risk,Priority 4: Standard Loyalty Reward Program
50306,8.0,Champions,3130.6,3,0,28.0,0,0.067,Low Risk,Priority 4: Standard Loyalty Reward Program
50307,27.0,Potential Loyalists,757.9,3,0,14.0,0,0.049,Low Risk,Priority 4: Standard Loyalty Reward Program
50308,7.0,At-Risk High-Value,3511.2,3,0,8.0,0,0.045,Low Risk,Priority 4: Standard Loyalty Reward Program
50309,19.0,Potential Loyalists,1048.9,2,1,16.0,0,0.047,Low Risk,Priority 4: Standard Loyalty Reward Program
50310,4.0,Lost / Low Value,1135.64,4,0,15.0,0,0.035,Low Risk,Priority 4: Standard Loyalty Reward Program
50311,0.0,Hibernating Big Spenders,2597.1,3,1,21.0,1,0.97,High Risk,Priority 2: 25% Comeback Voucher + Free Express Delivery
50312,0.0,Potential Loyalists,737.44,2,0,16.0,1,0.984,High Risk,Priority 2: 25% Comeback Voucher + Free Express Delivery
50313,3.0,Potential Loyalists,714.06,4,0,13.0,0,0.09,Low Risk,Priority 4: Standard Loyalty Reward Program
50314,8.0,Potential Loyalists,969.76,3,1,22.0,0,0.173,Low Risk,Priority 4: Standard Loyalty Reward Program
50315,0.0,Potential Loyalists,1090.32,3,0,26.0,1,0.971,High Risk,Priority 2: 25% Comeback Voucher + Free Express Delivery
50316,0.0,Potential Loyalists,1097.25,5,1,29.0,1,1.0,High Risk,Priority 2: 25% Comeback Voucher + Free Express Delivery
50317,9.0,Loyal Customers,1330.23,3,0,11.0,0,0.09,Low Risk,Priority 4: Standard Loyalty Reward Program
50318,9.0,At-Risk High-Value,9890.1,2,0,16.0,0,0.247,Low Risk,Priority 4: Standard Loyalty Reward Program
50319,0.0,Potential Loyalists,764.17,3,0,10.0,1,0.971,High Risk,Priority 2: 25% Comeback Voucher + Free Express Delivery
50320,21.0,At-Risk High-Value,4636.83,2,0,8.0,0,0.091,Low Risk,Priority 4: Standard Loyalty Reward Program
50321,28.0,At-Risk High-Value,10331.48,4,0,24.0,0,0.02,Low Risk,Priority 4: Standard Loyalty Reward Program
50322,14.0,Lost / Low Value,892.65,2,0,16.0,0,0.026,Low Risk,Priority 4: Standard Loyalty Reward Program
50323,8.0,At-Risk High-Value,4856.61,3,0,6.0,0,0.078,Low Risk,Priority 4: Standard Loyalty Reward Program
50324,13.0,Hibernating Big Spenders,2556.07,3,0,12.0,0,0.025,Low Risk,Priority 4: Standard Loyalty Reward Program
50325,12.0,Lost / Low Value,756.53,3,0,14.0,0,0.029,Low Risk,Priority 4: Standard Loyalty Reward Program
50326,4.0,Lost / Low Value,912.01,2,1,8.0,0,0.239,Low Risk,Priority 4: Standard Loyalty Reward Program
50327,15.0,At-Risk High-Value,4786.65,5,1,30.0,0,0.094,Low Risk,Priority 4: Standard Loyalty Reward Program
50328,18.0,At-Risk High-Value,2442.83,4,0,8.0,0,0.022,Low Risk,Priority 4: Standard Loyalty Reward Program
50329,0.0,Potential Loyalists,700.76,3,1,23.0,1,0.988,High Risk,Priority 2: 25% Comeback Voucher + Free Express Delivery
50330,2.0,Potential Loyalists,784.41,2,0,25.0,0,0.057,Low Risk,Priority 4: Standard Loyalty Reward Program
50331,6.0,Lost / Low Value,1440.12,3,0,6.0,0,0.03,Low Risk,Priority 4: Standard Loyalty Reward Program
50332,0.0,Potential Loyalists,1185.64,2,0,13.0,0,0.459,Medium Risk,Priority 3: Personalized Recommendation + Free Shipping
50333,9.0,Potential Loyalists,653.29,4,1,11.0,1,1.0,High Risk,Priority 2: 25% Comeback Voucher + Free Express Delivery
50334,13.0,Potential Loyalists,1151.26,5,0,34.0,0,0.037,Low Risk,Priority 4: Standard Loyalty Reward Program
50335,14.0,Lost / Low Value,924.6,3,1,8.0,0,0.075,Low Risk,Priority 4: Standard Loyalty Reward Program
50336,0.0,Potential Loyalists,786.83,3,0,35.0,0,0.152,Low Risk,Priority 4: Standard Loyalty Reward Program
50337,8.0,Potential Loyalists,817.24,3,0,6.0,0,0.024,Low Risk,Priority 4: Standard Loyalty Reward Program
50338,7.0,At-Risk High-Value,4217.68,2,0,27.0,0,0.021,Low Risk,Priority 4: Standard Loyalty Reward Program
50339,0.0,Potential Loyalists,678.7,2,1,14.0,1,0.974,High Risk,Priority 2: 25% Comeback Voucher + Free Express Delivery
50340,10.0,Potential Loyalists,962.0,2,0,6.0,0,0.03,Low Risk,Priority 4: Standard Loyalty Reward Program
50341,19.0,Potential Loyalists,1128.99,3,0,24.0,0,0.048,Low Risk,Priority 4: Standard Loyalty Reward Program
50342,14.0,At-Risk High-Value,16089.97,5,0,8.0,0,0.036,Low Risk,Priority 4: Standard Loyalty Reward Program
50343,10.0,At-Risk High-Value,7251.09,4,0,15.0,0,0.091,Low Risk,Priority 4: Standard Loyalty Reward Program
50344,25.0,At-Risk High-Value,5140.41,5,1,12.0,0,0.007,Low Risk,Priority 4: Standard Loyalty Reward Program
50345,0.0,Potential Loyalists,808.88,3,0,17.0,1,0.987,High Risk,Priority 2: 25% Comeback Voucher + Free Express Delivery
50346,0.0,Loyal Customers,1364.0,2,0,14.0,0,0.207,Low Risk,Priority 4: Standard Loyalty Reward Program
50347,11.0,Potential Loyalists,1090.32,3,0,16.0,0,0.029,Low Risk,Priority 4: Standard Loyalty Reward Program
50348,10.0,Champions,3618.34,4,0,6.0,0,0.02,Low Risk,Priority 4: Standard Loyalty Reward Program
50349,22.0,Lost / Low Value,1622.61,3,1,24.0,0,0.008,Low Risk,Priority 4: Standard Loyalty Reward Program
50350,0.0,Lost / Low Value,699.88,2,1,29.0,0,0.238,Low Risk,Priority 4: Standard Loyalty Reward Program
50351,0.0,Lost / Low Value,894.96,4,0,34.0,0,0.11,Low Risk,Priority 4: Standard Loyalty Reward Program
50352,9.0,Potential Loyalists,666.98,4,0,23.0,0,0.23,Low Risk,Priority 4: Standard Loyalty Reward Program
50353,23.0,At-Risk High-Value,15510.0,4,0,9.0,0,0.02,Low Risk,Priority 4: Standard Loyalty Reward Program
50354,9.0,Lost / Low Value,665.28,3,0,19.0,0,0.092,Low Risk,Priority 4: Standard Loyalty Reward Program
50355,0.0,Potential Loyalists,708.73,3,1,13.0,1,0.901,High Risk,Priority 2: 25% Comeback Voucher + Free Express Delivery
50356,9.0,Potential Loyalists,661.82,5,0,18.0,1,0.979,High Risk,Priority 2: 25% Comeback Voucher + Free Express Delivery
50357,7.0,Potential Loyalists,749.21,2,1,6.0,0,0.176,Low Risk,Priority 4: Standard Loyalty Reward Program
50358,0.0,Potential Loyalists,782.82,5,0,19.0,1,0.978,High Risk,Priority 2: 25% Comeback Voucher + Free Express Delivery
50359,8.0,Potential Loyalists,752.46,2,0,31.0,0,0.032,Low Risk,Priority 4: Standard Loyalty Reward Program
50360,4.0,At-Risk High-Value,4251.5,2,0,12.0,0,0.026,Low Risk,Priority 4: Standard Loyalty Reward Program
50361,9.0,Potential Loyalists,670.29,3,0,12.0,0,0.037,Low Risk,Priority 4: Standard Loyalty Reward Program
50362,10.0,Potential Loyalists,1078.11,3,1,8.0,0,0.199,Low Risk,Priority 4: Standard Loyalty Reward Program
50363,0.0,Potential Loyalists,705.98,4,0,6.0,0,0.22,Low Risk,Priority 4: Standard Loyalty Reward Program
50364,15.0,Loyal Customers,1549.79,2,0,8.0,0,0.005,Low Risk,Priority 4: Standard Loyalty Reward Program
50365,16.0,Potential Loyalists,1464.48,2,1,12.0,0,0.025,Low Risk,Priority 4: Standard Loyalty Reward Program
50366,11.0,Potential Loyalists,694.04,5,0,14.0,0,0.106,Low Risk,Priority 4: Standard Loyalty Reward Program
50367,16.0,At-Risk High-Value,3449.38,3,1,15.0,0,0.045,Low Risk,Priority 4: Standard Loyalty Reward Program
50368,21.0,Loyal Customers,2794.22,5,0,6.0,0,0.026,Low Risk,Priority 4: Standard Loyalty Reward Program
50369,17.0,Potential Loyalists,879.18,3,0,6.0,0,0.015,Low Risk,Priority 4: Standard Loyalty Reward Program
50370,7.0,Lost / Low Value,691.84,3,1,14.0,0,0.188,Low Risk,Priority 4: Standard Loyalty Reward Program
50371,0.0,Potential Loyalists,717.26,5,0,8.0,1,0.976,High Risk,Priority 2: 25% Comeback Voucher + Free Express Delivery
50372,0.0,Potential Loyalists,739.58,3,0,28.0,0,0.266,Low Risk,Priority 4: Standard Loyalty Reward Program
50373,17.0,Potential Loyalists,1623.22,2,1,9.0,0,0.049,Low Risk,Priority 4: Standard Loyalty Reward Program
50374,0.0,Loyal Customers,1405.03,3,0,12.0,0,0.237,Low Risk,Priority 4: Standard Loyalty Reward Program
50375,6.0,Potential Loyalists,940.72,3,0,14.0,0,0.012,Low Risk,Priority 4: Standard Loyalty Reward Program
50376,5.0,Lost / Low Value,897.71,2,1,15.0,0,0.045,Low Risk,Priority 4: Standard Loyalty Reward Program
50377,9.0,Potential Loyalists,664.56,3,0,9.0,0,0.11,Low Risk,Priority 4: Standard Loyalty Reward Program
50378,26.0,At-Risk High-Value,8087.64,5,0,6.0,0,0.055,Low Risk,Priority 4: Standard Loyalty Reward Program
50379,7.0,At-Risk High-Value,5584.04,2,0,6.0,0,0.052,Low Risk,Priority 4: Standard Loyalty Reward Program
50380,8.0,Potential Loyalists,785.73,5,0,32.0,1,0.97,High Risk,Priority 2: 25% Comeback Voucher + Free Express Delivery
50381,0.0,Potential Loyalists,696.24,2,1,12.0,0,0.554,Medium Risk,Priority 3: Personalized Recommendation + Free Shipping
50382,10.0,At-Risk High-Value,7482.09,3,0,9.0,0,0.029,Low Risk,Priority 4: Standard Loyalty Reward Program
50383,2.0,Potential Loyalists,855.86,3,0,9.0,0,0.041,Low Risk,Priority 4: Standard Loyalty Reward Program
50384,8.0,At-Risk High-Value,10070.83,2,0,12.0,0,0.035,Low Risk,Priority 4: Standard Loyalty Reward Program
50385,6.0,At-Risk High-Value,3899.5,2,0,12.0,0,0.005,Low Risk,Priority 4: Standard Loyalty Reward Program
50386,27.0,Champions,7979.12,4,0,25.0,0,0.019,Low Risk,Priority 4: Standard Loyalty Reward Program
50387,9.0,Potential Loyalists,1036.58,4,1,15.0,0,0.044,Low Risk,Priority 4: Standard Loyalty Reward Program
50388,9.0,Potential Loyalists,662.48,2,0,9.0,0,0.285,Low Risk,Priority 4: Standard Loyalty Reward Program
50389,0.0,Potential Loyalists,605.5,3,1,16.0,1,0.991,High Risk,Priority 2: 25% Comeback Voucher + Free Express Delivery
50390,0.0,At-Risk High-Value,6607.26,5,1,9.0,1,0.991,High Risk,"Priority 1: Executive Concierge Call + ₹1,000 Credit"
50391,9.0,Potential Loyalists,620.46,3,0,9.0,0,0.234,Low Risk,Priority 4: Standard Loyalty Reward Program
50392,0.0,Potential Loyalists,705.04,5,0,10.0,0,0.183,Low Risk,Priority 4: Standard Loyalty Reward Program
50393,0.0,Potential Loyalists,816.8,4,0,14.0,0,0.09,Low Risk,Priority 4: Standard Loyalty Reward Program
50394,11.0,Lost / Low Value,771.54,2,0,13.0,0,0.016,Low Risk,Priority 4: Standard Loyalty Reward Program
50395,2.0,Lost / Low Value,1399.2,2,0,6.0,0,0.019,Low Risk,Priority 4: Standard Loyalty Reward Program
50396,21.0,Loyal Customers,1993.2,4,0,8.0,0,0.017,Low Risk,Priority 4: Standard Loyalty Reward Program
50397,0.0,Lost / Low Value,805.58,2,1,9.0,0,0.064,Low Risk,Priority 4: Standard Loyalty Reward Program
50398,10.0,Potential Loyalists,807.4,2,0,16.0,0,0.105,Low Risk,Priority 4: Standard Loyalty Reward Program
50399,23.0,At-Risk High-Value,2181.46,3,1,34.0,0,0.056,Low Risk,Priority 4: Standard Loyalty Reward Program
50400,7.0,At-Risk High-Value,7169.08,4,0,15.0,0,0.044,Low Risk,Priority 4: Standard Loyalty Reward Program
50401,0.0,Loyal Customers,1603.47,3,0,9.0,1,0.994,High Risk,Priority 2: 25% Comeback Voucher + Free Express Delivery
50402,12.0,At-Risk High-Value,8804.56,3,0,8.0,0,0.018,Low Risk,Priority 4: Standard Loyalty Reward Program
50403,5.0,Lost / Low Value,846.78,2,0,16.0,0,0.044,Low Risk,Priority 4: Standard Loyalty Reward Program
50404,13.0,Potential Loyalists,923.78,3,1,14.0,1,0.917,High Risk,Priority 2: 25% Comeback Voucher + Free Express Delivery
50405,11.0,Lost / Low Value,969.38,2,0,6.0,0,0.006,Low Risk,Priority 4: Standard Loyalty Reward Program
50406,0.0,Lost / Low Value,957.66,5,0,6.0,0,0.139,Low Risk,Priority 4: Standard Loyalty Reward Program
50407,5.0,Champions,8146.22,2,0,9.0,0,0.024,Low Risk,Priority 4: Standard Loyalty Reward Program
50408,20.0,Lost / Low Value,822.8,5,0,20.0,0,0.027,Low Risk,Priority 4: Standard Loyalty Reward Program
50409,13.0,Lost / Low Value,1126.12,5,1,11.0,0,0.145,Low Risk,Priority 4: Standard Loyalty Reward Program
50410,26.0,Loyal Customers,2729.54,3,0,13.0,0,0.008,Low Risk,Priority 4: Standard Loyalty Reward Program
50411,14.0,At-Risk High-Value,19233.06,2,0,16.0,0,0.047,Low Risk,Priority 4: Standard Loyalty Reward Program
50412,30.0,Loyal Customers,1694.55,5,0,22.0,0,0.076,Low Risk,Priority 4: Standard Loyalty Reward Program
50413,0.0,Lost / Low Value,1033.62,5,0,16.0,0,0.13,Low Risk,Priority 4: Standard Loyalty Reward Program
50414,14.0,Hibernating Big Spenders,3210.79,3,0,6.0,0,0.014,Low Risk,Priority 4: Standard Loyalty Reward Program
50415,23.0,Loyal Customers,1526.25,4,0,14.0,0,0.069,Low Risk,Priority 4: Standard Loyalty Reward Program
50416,9.0,At-Risk High-Value,2015.64,4,1,6.0,1,0.957,High Risk,"Priority 1: Executive Concierge Call + ₹1,000 Credit"
50417,9.0,Potential Loyalists,1194.21,5,0,14.0,0,0.098,Low Risk,Priority 4: Standard Loyalty Reward Program
50418,11.0,Potential Loyalists,982.36,3,1,6.0,0,0.19,Low Risk,Priority 4: Standard Loyalty Reward Program
50419,17.0,Lost / Low Value,753.94,3,0,30.0,0,0.076,Low Risk,Priority 4: Standard Loyalty Reward Program
50420,20.0,Hibernating Big Spenders,2614.7,3,1,9.0,0,0.184,Low Risk,Priority 4: Standard Loyalty Reward Program
50421,3.0,At-Risk High-Value,5892.04,2,0,33.0,0,0.077,Low Risk,Priority 4: Standard Loyalty Reward Program
50422,2.0,Potential Loyalists,695.31,3,0,14.0,0,0.41,Medium Risk,Priority 3: Personalized Recommendation + Free Shipping
50423,5.0,Loyal Customers,1403.49,3,1,25.0,1,0.966,High Risk,Priority 2: 25% Comeback Voucher + Free Express Delivery
50424,16.0,Loyal Customers,1848.44,2,0,21.0,0,0.062,Low Risk,Priority 4: Standard Loyalty Reward Program
50425,7.0,Champions,3551.24,3,0,14.0,0,0.012,Low Risk,Priority 4: Standard Loyalty Reward Program
50426,0.0,Potential Loyalists,687.5,5,0,14.0,0,0.292,Low Risk,Priority 4: Standard Loyalty Reward Program
50427,12.0,At-Risk High-Value,2704.18,4,0,9.0,0,0.015,Low Risk,Priority 4: Standard Loyalty Reward Program
50428,29.0,Potential Loyalists,1160.66,2,0,15.0,0,0.041,Low Risk,Priority 4: Standard Loyalty Reward Program
50429,13.0,Loyal Customers,1357.62,2,1,14.0,0,0.059,Low Risk,Priority 4: Standard Loyalty Reward Program
50430,0.0,Lost / Low Value,924.6,5,0,13.0,0,0.178,Low Risk,Priority 4: Standard Loyalty Reward Program
50431,9.0,Loyal Customers,1352.67,4,0,16.0,0,0.051,Low Risk,Priority 4: Standard Loyalty Reward Program
50432,26.0,Loyal Customers,1369.5,2,0,14.0,0,0.037,Low Risk,Priority 4: Standard Loyalty Reward Program
50433,8.0,Potential Loyalists,830.12,5,0,8.0,0,0.075,Low Risk,Priority 4: Standard Loyalty Reward Program
50434,5.0,At-Risk High-Value,3367.98,2,0,30.0,0,0.009,Low Risk,Priority 4: Standard Loyalty Reward Program
50435,11.0,Potential Loyalists,718.14,3,1,8.0,0,0.161,Low Risk,Priority 4: Standard Loyalty Reward Program
50436,7.0,Potential Loyalists,831.66,5,0,14.0,0,0.042,Low Risk,Priority 4: Standard Loyalty Reward Program
50437,25.0,Lost / Low Value,1477.08,5,0,9.0,0,0.015,Low Risk,Priority 4: Standard Loyalty Reward Program
50438,0.0,At-Risk High-Value,4884.11,2,1,6.0,1,0.962,High Risk,"Priority 1: Executive Concierge Call + ₹1,000 Credit"
50439,0.0,Lost / Low Value,889.9,2,0,32.0,0,0.117,Low Risk,Priority 4: Standard Loyalty Reward Program
50440,18.0,Champions,2744.28,3,0,8.0,0,0.036,Low Risk,Priority 4: Standard Loyalty Reward Program
50441,0.0,Potential Loyalists,742.78,3,0,16.0,0,0.217,Low Risk,Priority 4: Standard Loyalty Reward Program
50442,10.0,Potential Loyalists,901.84,3,1,33.0,1,0.981,High Risk,Priority 2: 25% Comeback Voucher + Free Express Delivery
50443,7.0,Lost / Low Value,895.07,2,0,8.0,0,0.011,Low Risk,Priority 4: Standard Loyalty Reward Program
50444,18.0,Lost / Low Value,1642.24,5,1,8.0,1,0.621,High Risk,Priority 2: 25% Comeback Voucher + Free Express Delivery
50445,9.0,Lost / Low Value,967.29,5,0,14.0,0,0.059,Low Risk,Priority 4: Standard Loyalty Reward Program
50446,25.0,Potential Loyalists,784.19,2,0,25.0,0,0.027,Low Risk,Priority 4: Standard Loyalty Reward Program
50447,0.0,Loyal Customers,1580.04,2,0,6.0,0,0.118,Low Risk,Priority 4: Standard Loyalty Reward Program
50448,2.0,Potential Loyalists,788.42,3,0,33.0,0,0.144,Low Risk,Priority 4: Standard Loyalty Reward Program
50449,0.0,Potential Loyalists,842.93,5,0,14.0,1,0.99,High Risk,Priority 2: 25% Comeback Voucher + Free Express Delivery
50450,7.0,Potential Loyalists,730.4,2,0,6.0,0,0.016,Low Risk,Priority 4: Standard Loyalty Reward Program
50451,27.0,Lost / Low Value,851.68,5,1,25.0,0,0.03,Low Risk,Priority 4: Standard Loyalty Reward Program
50452,2.0,Potential Loyalists,788.81,2,0,5.0,0,0.109,Low Risk,Priority 4: Standard Loyalty Reward Program
50453,10.0,Champions,2812.04,5,1,16.0,0,0.119,Low Risk,Priority 4: Standard Loyalty Reward Program
50454,11.0,At-Risk High-Value,3515.6,5,1,8.0,0,0.1,Low Risk,Priority 4: Standard Loyalty Reward Program
50455,7.0,Potential Loyalists,790.96,5,0,8.0,0,0.058,Low Risk,Priority 4: Standard Loyalty Reward Program
50456,8.0,Potential Loyalists,691.46,2,0,14.0,0,0.066,Low Risk,Priority 4: Standard Loyalty Reward Program
50457,3.0,Potential Loyalists,760.82,3,0,6.0,0,0.031,Low Risk,Priority 4: Standard Loyalty Reward Program
50458,13.0,At-Risk High-Value,2350.26,4,0,8.0,0,0.013,Low Risk,Priority 4: Standard Loyalty Reward Program
50459,7.0,Potential Loyalists,907.5,5,0,14.0,0,0.089,Low Risk,Priority 4: Standard Loyalty Reward Program
50460,15.0,At-Risk High-Value,21891.1,2,0,14.0,0,0.03,Low Risk,Priority 4: Standard Loyalty Reward Program
50461,9.0,Potential Loyalists,638.06,5,1,12.0,1,0.868,High Risk,Priority 2: 25% Comeback Voucher + Free Express Delivery
50462,0.0,Potential Loyalists,698.17,4,0,15.0,0,0.374,Medium Risk,Priority 3: Personalized Recommendation + Free Shipping
50463,25.0,Lost / Low Value,723.2,3,0,17.0,0,0.02,Low Risk,Priority 4: Standard Loyalty Reward Program
50464,23.0,Potential Loyalists,1520.14,3,0,8.0,0,0.014,Low Risk,Priority 4: Standard Loyalty Reward Program
50465,0.0,Potential Loyalists,677.54,5,1,14.0,1,0.987,High Risk,Priority 2: 25% Comeback Voucher + Free Express Delivery
50466,6.0,Champions,3579.02,3,0,13.0,0,0.053,Low Risk,Priority 4: Standard Loyalty Reward Program
50467,0.0,Potential Loyalists,842.82,5,0,22.0,1,0.994,High Risk,Priority 2: 25% Comeback Voucher + Free Express Delivery
50468,20.0,Champions,4414.08,2,1,8.0,0,0.021,Low Risk,Priority 4: Standard Loyalty Reward Program
50469,9.0,Lost / Low Value,837.54,4,0,6.0,0,0.011,Low Risk,Priority 4: Standard Loyalty Reward Program
50470,2.0,Lost / Low Value,698.5,3,0,29.0,0,0.039,Low Risk,Priority 4: Standard Loyalty Reward Program
50471,20.0,At-Risk High-Value,20910.89,4,1,8.0,1,0.83,High Risk,"Priority 1: Executive Concierge Call + ₹1,000 Credit"
50472,8.0,Loyal Customers,1375.66,3,0,14.0,0,0.073,Low Risk,Priority 4: Standard Loyalty Reward Program
50473,15.0,Potential Loyalists,883.41,2,1,6.0,0,0.128,Low Risk,Priority 4: Standard Loyalty Reward Program
50474,0.0,Loyal Customers,1582.02,3,0,8.0,1,0.885,High Risk,Priority 2: 25% Comeback Voucher + Free Express Delivery
50475,9.0,Lost / Low Value,667.86,4,0,19.0,0,0.105,Low Risk,Priority 4: Standard Loyalty Reward Program
50476,5.0,At-Risk High-Value,5333.46,3,0,10.0,0,0.0,Low Risk,Priority 4: Standard Loyalty Reward Program
50477,13.0,Potential Loyalists,830.17,3,0,22.0,0,0.032,Low Risk,Priority 4: Standard Loyalty Reward Program
50478,3.0,Potential Loyalists,928.24,2,1,8.0,0,0.072,Low Risk,Priority 4: Standard Loyalty Reward Program
50479,9.0,Potential Loyalists,675.07,3,0,8.0,0,0.267,Low Risk,Priority 4: Standard Loyalty Reward Program
50480,15.0,At-Risk High-Value,5557.09,4,0,35.0,0,0.016,Low Risk,Priority 4: Standard Loyalty Reward Program
50481,11.0,Potential Loyalists,895.84,5,0,18.0,0,0.04,Low Risk,Priority 4: Standard Loyalty Reward Program
50482,7.0,Potential Loyalists,690.42,2,0,14.0,0,0.021,Low Risk,Priority 4: Standard Loyalty Reward Program
50483,12.0,At-Risk High-Value,6796.79,2,0,17.0,1,0.957,High Risk,"Priority 1: Executive Concierge Call + ₹1,000 Credit"
50484,18.0,Champions,5836.6,2,0,8.0,1,0.825,High Risk,"Priority 1: Executive Concierge Call + ₹1,000 Credit"
50485,16.0,Potential Loyalists,1493.74,5,0,20.0,0,0.061,Low Risk,Priority 4: Standard Loyalty Reward Program
50486,0.0,Potential Loyalists,1254.44,2,1,11.0,0,0.162,Low Risk,Priority 4: Standard Loyalty Reward Program
50487,8.0,Lost / Low Value,1112.16,3,0,13.0,0,0.046,Low Risk,Priority 4: Standard Loyalty Reward Program
50488,1.0,At-Risk High-Value,5689.91,4,1,8.0,0,0.357,Medium Risk,Priority 3: Personalized Recommendation + Free Shipping
50489,7.0,Potential Loyalists,755.54,2,0,9.0,0,0.027,Low Risk,Priority 4: Standard Loyalty Reward Program
50490,0.0,Lost / Low Value,680.13,3,1,14.0,1,0.985,High Risk,Priority 2: 25% Comeback Voucher + Free Express Delivery
50491,9.0,Potential Loyalists,643.83,2,0,9.0,0,0.117,Low Risk,Priority 4: Standard Loyalty Reward Program
50492,24.0,At-Risk High-Value,5787.54,3,0,32.0,0,0.019,Low Risk,Priority 4: Standard Loyalty Reward Program
50493,17.0,Loyal Customers,1752.63,4,0,10.0,0,0.022,Low Risk,Priority 4: Standard Loyalty Reward Program
50494,0.0,Potential Loyalists,738.32,5,0,8.0,0,0.337,Medium Risk,Priority 3: Personalized Recommendation + Free Shipping
50495,6.0,Lost / Low Value,772.04,5,0,6.0,0,0.031,Low Risk,Priority 4: Standard Loyalty Reward Program
50496,8.0,Potential Loyalists,690.74,5,0,14.0,0,0.132,Low Risk,Priority 4: Standard Loyalty Reward Program
50497,9.0,At-Risk High-Value,3564.22,2,1,6.0,0,0.064,Low Risk,Priority 4: Standard Loyalty Reward Program
50498,5.0,Potential Loyalists,792.16,2,0,19.0,0,0.036,Low Risk,Priority 4: Standard Loyalty Reward Program
50499,3.0,Potential Loyalists,756.86,2,0,11.0,0,0.107,Low Risk,Priority 4: Standard Loyalty Reward Program
50500,26.0,Potential Loyalists,1151.37,2,1,13.0,0,0.048,Low Risk,Priority 4: Standard Loyalty Reward Program
50501,18.0,Potential Loyalists,1141.86,5,1,15.0,0,0.189,Low Risk,Priority 4: Standard Loyalty Reward Program
50502,5.0,Potential Loyalists,834.62,3,0,14.0,0,0.058,Low Risk,Priority 4: Standard Loyalty Reward Program
50503,25.0,Loyal Customers,2620.86,2,0,31.0,0,0.005,Low Risk,Priority 4: Standard Loyalty Reward Program
50504,10.0,Potential Loyalists,898.37,3,0,22.0,0,0.039,Low Risk,Priority 4: Standard Loyalty Reward Program
50505,1.0,Lost / Low Value,821.48,2,0,14.0,0,0.09,Low Risk,Priority 4: Standard Loyalty Reward Program
50506,0.0,Loyal Customers,1625.25,2,0,6.0,0,0.114,Low Risk,Priority 4: Standard Loyalty Reward Program
50507,17.0,Potential Loyalists,704.99,2,1,14.0,0,0.066,Low Risk,Priority 4: Standard Loyalty Reward Program
50508,15.0,Loyal Customers,1376.65,2,1,14.0,0,0.067,Low Risk,Priority 4: Standard Loyalty Reward Program
50509,9.0,Potential Loyalists,678.81,5,0,14.0,0,0.085,Low Risk,Priority 4: Standard Loyalty Reward Program
50510,0.0,Potential Loyalists,780.67,5,1,9.0,0,0.364,Medium Risk,Priority 3: Personalized Recommendation + Free Shipping
50511,8.0,At-Risk High-Value,5688.38,3,1,15.0,0,0.088,Low Risk,Priority 4: Standard Loyalty Reward Program
50512,9.0,At-Risk High-Value,4628.47,4,1,31.0,1,0.84,High Risk,"Priority 1: Executive Concierge Call + ₹1,000 Credit"
50513,5.0,Potential Loyalists,677.27,2,0,6.0,0,0.03,Low Risk,Priority 4: Standard Loyalty Reward Program
50514,0.0,Potential Loyalists,784.08,5,0,10.0,0,0.19,Low Risk,Priority 4: Standard Loyalty Reward Program
50515,22.0,Potential Loyalists,746.9,5,0,6.0,0,0.004,Low Risk,Priority 4: Standard Loyalty Reward Program
50516,0.0,At-Risk High-Value,2171.73,2,0,10.0,0,0.134,Low Risk,Priority 4: Standard Loyalty Reward Program
50517,5.0,Champions,4544.1,4,0,11.0,0,0.015,Low Risk,Priority 4: Standard Loyalty Reward Program
50518,11.0,Potential Loyalists,709.44,4,0,15.0,0,0.035,Low Risk,Priority 4: Standard Loyalty Reward Program
50519,15.0,Potential Loyalists,837.7,2,1,9.0,0,0.012,Low Risk,Priority 4: Standard Loyalty Reward Program
50520,4.0,Potential Loyalists,679.58,2,1,14.0,0,0.294,Low Risk,Priority 4: Standard Loyalty Reward Program
50521,0.0,Potential Loyalists,704.0,3,1,6.0,1,0.992,High Risk,Priority 2: 25% Comeback Voucher + Free Express Delivery
50522,26.0,Loyal Customers,2401.96,2,0,14.0,0,0.048,Low Risk,Priority 4: Standard Loyalty Reward Program
50523,8.0,At-Risk High-Value,4598.66,4,0,31.0,0,0.061,Low Risk,Priority 4: Standard Loyalty Reward Program
50524,10.0,Potential Loyalists,713.52,2,0,27.0,0,0.043,Low Risk,Priority 4: Standard Loyalty Reward Program
50525,26.0,Hibernating Big Spenders,2670.25,2,0,29.0,0,0.001,Low Risk,Priority 4: Standard Loyalty Reward Program
50526,16.0,Loyal Customers,1711.82,2,0,6.0,0,0.015,Low Risk,Priority 4: Standard Loyalty Reward Program
50527,20.0,At-Risk High-Value,5596.75,2,1,8.0,0,0.039,Low Risk,Priority 4: Standard Loyalty Reward Program
50528,10.0,Lost / Low Value,970.31,4,1,25.0,0,0.064,Low Risk,Priority 4: Standard Loyalty Reward Program
50529,23.0,At-Risk High-Value,21501.48,5,0,8.0,0,0.015,Low Risk,Priority 4: Standard Loyalty Reward Program
50530,12.0,Lost / Low Value,836.22,2,0,8.0,0,0.032,Low Risk,Priority 4: Standard Loyalty Reward Program
50531,9.0,Potential Loyalists,675.24,4,1,9.0,0,0.366,Medium Risk,Priority 3: Personalized Recommendation + Free Shipping
50532,0.0,Potential Loyalists,703.72,2,1,31.0,1,0.99,High Risk,Priority 2: 25% Comeback Voucher + Free Express Delivery
50533,2.0,Potential Loyalists,689.26,2,0,14.0,0,0.07,Low Risk,Priority 4: Standard Loyalty Reward Program
50534,17.0,Champions,4835.22,5,1,14.0,0,0.186,Low Risk,Priority 4: Standard Loyalty Reward Program
50535,1.0,Potential Loyalists,819.94,2,0,11.0,0,0.033,Low Risk,Priority 4: Standard Loyalty Reward Program
50536,20.0,Potential Loyalists,680.9,2,1,14.0,1,0.556,Medium Risk,Priority 3: Personalized Recommendation + Free Shipping
50537,16.0,Potential Loyalists,812.08,4,0,14.0,0,0.027,Low Risk,Priority 4: Standard Loyalty Reward Program
50538,9.0,Potential Loyalists,662.42,3,0,8.0,1,0.99,High Risk,Priority 2: 25% Comeback Voucher + Free Express Delivery
50539,0.0,Potential Loyalists,698.12,2,0,24.0,1,0.904,High Risk,Priority 2: 25% Comeback Voucher + Free Express Delivery
50540,9.0,At-Risk High-Value,3648.92,2,1,20.0,0,0.026,Low Risk,Priority 4: Standard Loyalty Reward Program
50541,20.0,Potential Loyalists,731.17,2,1,8.0,0,0.054,Low Risk,Priority 4: Standard Loyalty Reward Program
50542,0.0,Potential Loyalists,779.41,3,1,9.0,1,0.986,High Risk,Priority 2: 25% Comeback Voucher + Free Express Delivery
50543,4.0,Potential Loyalists,702.79,2,1,8.0,1,0.981,High Risk,Priority 2: 25% Comeback Voucher + Free Express Delivery
50544,1.0,Loyal Customers,1361.47,3,0,14.0,0,0.217,Low Risk,Priority 4: Standard Loyalty Reward Program
50545,2.0,Loyal Customers,1364.44,5,1,14.0,1,0.975,High Risk,Priority 2: 25% Comeback Voucher + Free Express Delivery
50546,0.0,Potential Loyalists,677.49,3,0,14.0,0,0.294,Low Risk,Priority 4: Standard Loyalty Reward Program
50547,9.0,Potential Loyalists,660.44,4,0,16.0,0,0.292,Low Risk,Priority 4: Standard Loyalty Reward Program
50548,15.0,Potential Loyalists,893.42,3,0,20.0,0,0.026,Low Risk,Priority 4: Standard Loyalty Reward Program
50549,6.0,Potential Loyalists,703.94,5,1,6.0,0,0.231,Low Risk,Priority 4: Standard Loyalty Reward Program
50550,30.0,Lost / Low Value,1130.36,4,1,11.0,0,0.013,Low Risk,Priority 4: Standard Loyalty Reward Program
50551,4.0,Champions,3390.48,3,0,14.0,0,0.064,Low Risk,Priority 4: Standard Loyalty Reward Program
50552,8.0,Lost / Low Value,770.77,2,1,27.0,0,0.08,Low Risk,Priority 4: Standard Loyalty Reward Program
50553,22.0,Lost / Low Value,957.16,4,0,14.0,0,0.033,Low Risk,Priority 4: Standard Loyalty Reward Program
50554,9.0,Potential Loyalists,674.24,3,0,26.0,0,0.153,Low Risk,Priority 4: Standard Loyalty Reward Program
50555,4.0,Potential Loyalists,931.26,3,0,26.0,0,0.079,Low Risk,Priority 4: Standard Loyalty Reward Program
50556,9.0,Potential Loyalists,807.29,2,0,13.0,0,0.155,Low Risk,Priority 4: Standard Loyalty Reward Program
50557,11.0,Hibernating Big Spenders,2594.02,5,0,6.0,0,0.047,Low Risk,Priority 4: Standard Loyalty Reward Program
50558,5.0,Potential Loyalists,678.26,4,0,14.0,0,0.096,Low Risk,Priority 4: Standard Loyalty Reward Program
50559,0.0,Potential Loyalists,682.71,4,1,14.0,1,0.991,High Risk,Priority 2: 25% Comeback Voucher + Free Express Delivery
50560,13.0,Potential Loyalists,1083.78,4,0,16.0,0,0.075,Low Risk,Priority 4: Standard Loyalty Reward Program
50561,0.0,Lost / Low Value,786.17,5,0,6.0,0,0.128,Low Risk,Priority 4: Standard Loyalty Reward Program
50562,14.0,Lost / Low Value,1619.31,5,1,12.0,0,0.144,Low Risk,Priority 4: Standard Loyalty Reward Program
50563,9.0,At-Risk High-Value,2065.63,3,0,14.0,0,0.028,Low Risk,Priority 4: Standard Loyalty Reward Program
50564,9.0,Potential Loyalists,666.66,4,1,27.0,1,1.0,High Risk,Priority 2: 25% Comeback Voucher + Free Express Delivery
50565,0.0,Potential Loyalists,713.52,5,0,10.0,1,0.956,High Risk,Priority 2: 25% Comeback Voucher + Free Express Delivery
50566,4.0,At-Risk High-Value,6976.2,2,1,18.0,0,0.062,Low Risk,Priority 4: Standard Loyalty Reward Program
50567,13.0,Potential Loyalists,748.94,4,1,15.0,0,0.123,Low Risk,Priority 4: Standard Loyalty Reward Program
50568,5.0,Champions,5519.25,5,0,9.0,0,0.017,Low Risk,Priority 4: Standard Loyalty Reward Program
50569,0.0,At-Risk High-Value,3353.62,2,1,9.0,1,0.819,High Risk,"Priority 1: Executive Concierge Call + ₹1,000 Credit"
50570,6.0,Lost / Low Value,932.2,2,0,6.0,0,0.012,Low Risk,Priority 4: Standard Loyalty Reward Program
50571,0.0,At-Risk High-Value,12468.45,3,0,6.0,1,0.993,High Risk,"Priority 1: Executive Concierge Call + ₹1,000 Credit"
50572,18.0,Lost / Low Value,794.58,4,0,10.0,0,0.002,Low Risk,Priority 4: Standard Loyalty Reward Program
50573,9.0,Potential Loyalists,668.64,2,0,26.0,0,0.11,Low Risk,Priority 4: Standard Loyalty Reward Program
50574,8.0,Potential Loyalists,803.06,3,0,24.0,0,0.062,Low Risk,Priority 4: Standard Loyalty Reward Program
50575,25.0,At-Risk High-Value,10433.12,2,0,6.0,0,0.008,Low Risk,Priority 4: Standard Loyalty Reward Program
50576,20.0,Potential Loyalists,686.34,3,0,14.0,1,0.855,High Risk,Priority 2: 25% Comeback Voucher + Free Express Delivery
50577,26.0,Loyal Customers,2733.72,3,0,8.0,0,0.016,Low Risk,Priority 4: Standard Loyalty Reward Program
50578,3.0,At-Risk High-Value,6646.64,3,0,14.0,0,0.059,Low Risk,Priority 4: Standard Loyalty Reward Program
50579,11.0,Potential Loyalists,861.63,2,1,16.0,0,0.227,Low Risk,Priority 4: Standard Loyalty Reward Program
50580,8.0,Lost / Low Value,980.26,2,0,9.0,0,0.126,Low Risk,Priority 4: Standard Loyalty Reward Program
50581,12.0,Lost / Low Value,983.4,3,0,8.0,0,0.033,Low Risk,Priority 4: Standard Loyalty Reward Program
50582,3.0,Loyal Customers,2551.34,4,1,30.0,1,0.702,High Risk,Priority 2: 25% Comeback Voucher + Free Express Delivery
50583,20.0,Lost / Low Value,1657.37,3,1,22.0,0,0.015,Low Risk,Priority 4: Standard Loyalty Reward Program
50584,9.0,Lost / Low Value,829.34,2,0,14.0,0,0.072,Low Risk,Priority 4: Standard Loyalty Reward Program
50585,0.0,Potential Loyalists,677.66,5,1,14.0,1,0.997,High Risk,Priority 2: 25% Comeback Voucher + Free Express Delivery
50586,6.0,Champions,9056.52,3,0,23.0,0,0.031,Low Risk,Priority 4: Standard Loyalty Reward Program
50587,0.0,Potential Loyalists,682.22,5,1,14.0,1,0.998,High Risk,Priority 2: 25% Comeback Voucher + Free Express Delivery
50588,6.0,Potential Loyalists,739.86,2,0,19.0,0,0.015,Low Risk,Priority 4: Standard Loyalty Reward Program
50589,9.0,Potential Loyalists,674.85,2,0,6.0,0,0.018,Low Risk,Priority 4: Standard Loyalty Reward Program
50590,23.0,Potential Loyalists,1506.95,2,0,6.0,0,0.008,Low Risk,Priority 4: Standard Loyalty Reward Program
50591,6.0,Potential Loyalists,851.84,4,1,6.0,0,0.052,Low Risk,Priority 4: Standard Loyalty Reward Program
50592,14.0,Lost / Low Value,1618.04,3,0,15.0,0,0.022,Low Risk,Priority 4: Standard Loyalty Reward Program
50593,0.0,Loyal Customers,1409.21,4,0,22.0,0,0.3,Medium Risk,Priority 3: Personalized Recommendation + Free Shipping
50594,18.0,Lost / Low Value,749.82,5,1,29.0,0,0.048,Low Risk,Priority 4: Standard Loyalty Reward Program
50595,20.0,Lost / Low Value,778.96,2,1,10.0,0,0.017,Low Risk,Priority 4: Standard Loyalty Reward Program
50596,9.0,Potential Loyalists,667.26,3,1,28.0,1,0.987,High Risk,Priority 2: 25% Comeback Voucher + Free Express Delivery
50597,23.0,Hibernating Big Spenders,2637.03,3,1,30.0,0,0.02,Low Risk,Priority 4: Standard Loyalty Reward Program
50598,11.0,Potential Loyalists,697.62,3,0,16.0,0,0.02,Low Risk,Priority 4: Standard Loyalty Reward Program
50599,19.0,Lost / Low Value,1146.47,3,0,13.0,0,0.047,Low Risk,Priority 4: Standard Loyalty Reward Program
50600,0.0,Champions,2372.2,3,0,23.0,0,0.166,Low Risk,Priority 4: Standard Loyalty Reward Program
50601,0.0,Potential Loyalists,755.86,4,1,20.0,1,0.983,High Risk,Priority 2: 25% Comeback Voucher + Free Express Delivery
50602,4.0,Potential Loyalists,778.14,5,0,6.0,0,0.016,Low Risk,Priority 4: Standard Loyalty Reward Program
50603,0.0,Potential Loyalists,607.81,2,0,11.0,0,0.293,Low Risk,Priority 4: Standard Loyalty Reward Program
50604,27.0,Lost / Low Value,1140.64,3,0,23.0,0,0.036,Low Risk,Priority 4: Standard Loyalty Reward Program
50605,8.0,Champions,11213.4,3,1,31.0,0,0.092,Low Risk,Priority 4: Standard Loyalty Reward Program
50606,3.0,Potential Loyalists,1177.88,5,1,14.0,0,0.101,Low Risk,Priority 4: Standard Loyalty Reward Program
50607,0.0,Potential Loyalists,693.0,5,1,14.0,1,0.878,High Risk,Priority 2: 25% Comeback Voucher + Free Express Delivery
50608,0.0,Potential Loyalists,683.21,4,0,14.0,1,0.982,High Risk,Priority 2: 25% Comeback Voucher + Free Express Delivery
50609,0.0,Potential Loyalists,850.96,2,0,8.0,0,0.086,Low Risk,Priority 4: Standard Loyalty Reward Program
50610,0.0,Potential Loyalists,684.8,5,0,14.0,0,0.276,Low Risk,Priority 4: Standard Loyalty Reward Program
50611,21.0,Loyal Customers,1566.4,3,0,12.0,0,0.021,Low Risk,Priority 4: Standard Loyalty Reward Program
50612,21.0,Champions,4619.78,3,0,10.0,0,0.058,Low Risk,Priority 4: Standard Loyalty Reward Program
50613,14.0,Loyal Customers,1650.33,3,0,13.0,0,0.024,Low Risk,Priority 4: Standard Loyalty Reward Program
50614,12.0,Champions,13758.91,2,0,6.0,0,0.052,Low Risk,Priority 4: Standard Loyalty Reward Program
50615,0.0,Loyal Customers,1564.97,2,0,8.0,0,0.083,Low Risk,Priority 4: Standard Loyalty Reward Program
50616,8.0,Potential Loyalists,765.44,2,0,16.0,0,0.011,Low Risk,Priority 4: Standard Loyalty Reward Program
50617,15.0,Potential Loyalists,1556.66,3,0,11.0,0,0.034,Low Risk,Priority 4: Standard Loyalty Reward Program
50618,23.0,Potential Loyalists,680.9,2,0,14.0,0,0.059,Low Risk,Priority 4: Standard Loyalty Reward Program
50619,30.0,Loyal Customers,2609.86,2,1,8.0,0,0.015,Low Risk,Priority 4: Standard Loyalty Reward Program
50620,0.0,Potential Loyalists,812.74,4,0,17.0,1,0.986,High Risk,Priority 2: 25% Comeback Voucher + Free Express Delivery
50621,28.0,At-Risk High-Value,5407.05,4,1,24.0,0,0.078,Low Risk,Priority 4: Standard Loyalty Reward Program
50622,14.0,At-Risk High-Value,8242.58,3,0,13.0,0,0.041,Low Risk,Priority 4: Standard Loyalty Reward Program
50623,11.0,Potential Loyalists,927.36,2,1,9.0,0,0.189,Low Risk,Priority 4: Standard Loyalty Reward Program
50624,0.0,Loyal Customers,1646.59,5,0,35.0,1,0.972,High Risk,Priority 2: 25% Comeback Voucher + Free Express Delivery
50625,15.0,At-Risk High-Value,9848.85,2,0,8.0,1,0.964,High Risk,"Priority 1: Executive Concierge Call + ₹1,000 Credit"
50626,17.0,Hibernating Big Spenders,2565.2,2,1,34.0,0,0.065,Low Risk,Priority 4: Standard Loyalty Reward Program
50627,23.0,Lost / Low Value,899.08,3,0,6.0,0,0.041,Low Risk,Priority 4: Standard Loyalty Reward Program
50628,0.0,At-Risk High-Value,10512.98,5,0,22.0,1,0.977,High Risk,"Priority 1: Executive Concierge Call + ₹1,000 Credit"
50629,12.0,Hibernating Big Spenders,2296.8,5,1,28.0,0,0.045,Low Risk,Priority 4: Standard Loyalty Reward Program
50630,6.0,Loyal Customers,1357.62,2,0,14.0,0,0.072,Low Risk,Priority 4: Standard Loyalty Reward Program
50631,18.0,Potential Loyalists,1520.75,2,0,17.0,0,0.027,Low Risk,Priority 4: Standard Loyalty Reward Program
50632,5.0,At-Risk High-Value,5399.62,3,0,35.0,0,0.038,Low Risk,Priority 4: Standard Loyalty Reward Program
50633,7.0,Lost / Low Value,1084.88,2,0,6.0,0,0.039,Low Risk,Priority 4: Standard Loyalty Reward Program
50634,30.0,Potential Loyalists,1204.72,2,1,6.0,0,0.066,Low Risk,Priority 4: Standard Loyalty Reward Program
50635,9.0,Lost / Low Value,669.74,4,0,30.0,0,0.034,Low Risk,Priority 4: Standard Loyalty Reward Program
50636,26.0,At-Risk High-Value,5783.25,4,0,8.0,0,0.051,Low Risk,Priority 4: Standard Loyalty Reward Program
50637,0.0,Potential Loyalists,815.87,3,0,21.0,1,0.989,High Risk,Priority 2: 25% Comeback Voucher + Free Express Delivery
50638,9.0,Potential Loyalists,662.31,5,1,8.0,1,0.982,High Risk,Priority 2: 25% Comeback Voucher + Free Express Delivery
50639,9.0,Potential Loyalists,672.1,3,1,16.0,0,0.243,Low Risk,Priority 4: Standard Loyalty Reward Program
50640,1.0,Potential Loyalists,607.86,4,0,16.0,0,0.16,Low Risk,Priority 4: Standard Loyalty Reward Program
50641,11.0,Loyal Customers,1410.31,3,0,9.0,0,0.028,Low Risk,Priority 4: Standard Loyalty Reward Program
50642,23.0,At-Risk High-Value,11256.24,3,1,8.0,0,0.051,Low Risk,Priority 4: Standard Loyalty Reward Program
50643,10.0,Potential Loyalists,775.88,4,0,9.0,0,0.034,Low Risk,Priority 4: Standard Loyalty Reward Program
50644,13.0,At-Risk High-Value,7082.46,5,0,32.0,0,0.075,Low Risk,Priority 4: Standard Loyalty Reward Program
50645,9.0,Potential Loyalists,660.38,3,0,6.0,0,0.075,Low Risk,Priority 4: Standard Loyalty Reward Program
50646,19.0,Loyal Customers,3258.97,2,0,6.0,0,0.027,Low Risk,Priority 4: Standard Loyalty Reward Program
50647,27.0,Champions,7964.11,3,0,8.0,0,0.038,Low Risk,Priority 4: Standard Loyalty Reward Program
50648,29.0,Potential Loyalists,711.81,3,0,15.0,0,0.017,Low Risk,Priority 4: Standard Loyalty Reward Program
50649,9.0,At-Risk High-Value,7260.33,2,0,18.0,0,0.101,Low Risk,Priority 4: Standard Loyalty Reward Program
50650,28.0,Champions,8829.48,5,0,8.0,0,0.01,Low Risk,Priority 4: Standard Loyalty Reward Program
50651,16.0,Loyal Customers,2574.0,2,0,31.0,0,0.08,Low Risk,Priority 4: Standard Loyalty Reward Program
50652,0.0,Potential Loyalists,677.76,2,1,14.0,1,0.988,High Risk,Priority 2: 25% Comeback Voucher + Free Express Delivery
50653,9.0,Potential Loyalists,627.88,5,0,16.0,1,0.972,High Risk,Priority 2: 25% Comeback Voucher + Free Express Delivery
50654,19.0,Lost / Low Value,803.82,5,1,14.0,0,0.021,Low Risk,Priority 4: Standard Loyalty Reward Program
50655,14.0,Lost / Low Value,1370.71,3,1,14.0,1,0.796,High Risk,Priority 2: 25% Comeback Voucher + Free Express Delivery
50656,0.0,Lost / Low Value,1029.71,5,0,30.0,1,0.968,High Risk,Priority 2: 25% Comeback Voucher + Free Express Delivery
50657,0.0,Potential Loyalists,767.53,5,0,6.0,0,0.161,Low Risk,Priority 4: Standard Loyalty Reward Program
50658,3.0,Potential Loyalists,1097.64,5,0,26.0,0,0.069,Low Risk,Priority 4: Standard Loyalty Reward Program
50659,14.0,Lost / Low Value,735.68,3,0,13.0,0,0.007,Low Risk,Priority 4: Standard Loyalty Reward Program
50660,11.0,Lost / Low Value,1035.26,3,0,23.0,0,0.084,Low Risk,Priority 4: Standard Loyalty Reward Program
50661,13.0,Champions,12294.81,2,0,26.0,0,0.109,Low Risk,Priority 4: Standard Loyalty Reward Program
50662,0.0,Potential Loyalists,804.16,3,0,14.0,0,0.228,Low Risk,Priority 4: Standard Loyalty Reward Program
50663,28.0,Potential Loyalists,1153.68,4,0,8.0,0,0.017,Low Risk,Priority 4: Standard Loyalty Reward Program
50664,1.0,Lost / Low Value,751.3,3,0,16.0,0,0.145,Low Risk,Priority 4: Standard Loyalty Reward Program
50665,7.0,At-Risk High-Value,3379.53,5,0,6.0,1,0.945,High Risk,"Priority 1: Executive Concierge Call + ₹1,000 Credit"
50666,6.0,Potential Loyalists,941.54,2,0,11.0,0,0.03,Low Risk,Priority 4: Standard Loyalty Reward Program
50667,0.0,At-Risk High-Value,4308.04,5,1,10.0,1,0.999,High Risk,"Priority 1: Executive Concierge Call + ₹1,000 Credit"
50668,0.0,At-Risk High-Value,2393.82,3,0,35.0,1,0.999,High Risk,"Priority 1: Executive Concierge Call + ₹1,000 Credit"
50669,9.0,Loyal Customers,1342.77,3,0,21.0,0,0.036,Low Risk,Priority 4: Standard Loyalty Reward Program
50670,7.0,Lost / Low Value,976.58,2,0,9.0,0,0.011,Low Risk,Priority 4: Standard Loyalty Reward Program
50671,10.0,Potential Loyalists,918.17,2,1,16.0,0,0.043,Low Risk,Priority 4: Standard Loyalty Reward Program
50672,0.0,At-Risk High-Value,3765.02,2,1,10.0,1,0.979,High Risk,"Priority 1: Executive Concierge Call + ₹1,000 Credit"
50673,0.0,Potential Loyalists,680.74,3,0,14.0,1,0.968,High Risk,Priority 2: 25% Comeback Voucher + Free Express Delivery
50674,9.0,Loyal Customers,1354.43,4,1,31.0,1,0.932,High Risk,Priority 2: 25% Comeback Voucher + Free Express Delivery
50675,15.0,At-Risk High-Value,19780.47,5,0,8.0,0,0.042,Low Risk,Priority 4: Standard Loyalty Reward Program
50676,0.0,Potential Loyalists,692.78,4,0,14.0,1,0.983,High Risk,Priority 2: 25% Comeback Voucher + Free Express Delivery
50677,13.0,Potential Loyalists,810.04,3,1,6.0,1,0.991,High Risk,Priority 2: 25% Comeback Voucher + Free Express Delivery
50678,6.0,Potential Loyalists,786.61,4,0,13.0,0,0.019,Low Risk,Priority 4: Standard Loyalty Reward Program
50679,7.0,Potential Loyalists,713.84,2,0,9.0,0,0.124,Low Risk,Priority 4: Standard Loyalty Reward Program
50680,21.0,Loyal Customers,2957.35,2,0,6.0,0,0.006,Low Risk,Priority 4: Standard Loyalty Reward Program
50681,18.0,At-Risk High-Value,3430.46,3,0,15.0,0,0.028,Low Risk,Priority 4: Standard Loyalty Reward Program
50682,25.0,Champions,4497.9,4,0,13.0,0,0.031,Low Risk,Priority 4: Standard Loyalty Reward Program
50683,11.0,Hibernating Big Spenders,2061.4,3,1,16.0,0,0.039,Low Risk,Priority 4: Standard Loyalty Reward Program
50684,2.0,Lost / Low Value,688.27,2,0,14.0,0,0.038,Low Risk,Priority 4: Standard Loyalty Reward Program
50685,1.0,Lost / Low Value,971.03,4,0,9.0,0,0.056,Low Risk,Priority 4: Standard Loyalty Reward Program
50686,19.0,At-Risk High-Value,6042.3,3,0,9.0,0,0.038,Low Risk,Priority 4: Standard Loyalty Reward Program
50687,11.0,Potential Loyalists,954.3,4,0,8.0,0,0.054,Low Risk,Priority 4: Standard Loyalty Reward Program
50688,16.0,Potential Loyalists,1145.1,5,0,33.0,0,0.051,Low Risk,Priority 4: Standard Loyalty Reward Program
50689,2.0,Champions,13412.24,2,0,8.0,1,0.959,High Risk,"Priority 1: Executive Concierge Call + ₹1,000 Credit"
50690,13.0,At-Risk High-Value,6517.72,3,0,20.0,0,0.014,Low Risk,Priority 4: Standard Loyalty Reward Program
50691,9.0,Loyal Customers,1327.7,4,1,6.0,0,0.233,Low Risk,Priority 4: Standard Loyalty Reward Program
50692,12.0,Potential Loyalists,923.01,4,0,15.0,0,0.035,Low Risk,Priority 4: Standard Loyalty Reward Program
50693,9.0,Lost / Low Value,977.84,2,0,24.0,0,0.021,Low Risk,Priority 4: Standard Loyalty Reward Program
50694,4.0,Loyal Customers,1407.01,2,0,26.0,0,0.025,Low Risk,Priority 4: Standard Loyalty Reward Program
50695,1.0,Lost / Low Value,726.06,4,0,8.0,0,0.112,Low Risk,Priority 4: Standard Loyalty Reward Program
50696,8.0,Potential Loyalists,823.24,2,0,17.0,0,0.035,Low Risk,Priority 4: Standard Loyalty Reward Program
50697,22.0,Loyal Customers,2543.2,4,0,14.0,0,0.042,Low Risk,Priority 4: Standard Loyalty Reward Program
50698,7.0,Potential Loyalists,771.82,3,0,8.0,0,0.032,Low Risk,Priority 4: Standard Loyalty Reward Program
50699,2.0,Potential Loyalists,731.0,4,0,16.0,0,0.07,Low Risk,Priority 4: Standard Loyalty Reward Program
50700,15.0,Potential Loyalists,784.96,2,0,35.0,0,0.072,Low Risk,Priority 4: Standard Loyalty Reward Program
50701,2.0,Potential Loyalists,828.08,2,1,14.0,0,0.091,Low Risk,Priority 4: Standard Loyalty Reward Program
50702,11.0,Champions,3532.1,3,0,6.0,0,0.047,Low Risk,Priority 4: Standard Loyalty Reward Program
50703,4.0,Potential Loyalists,698.66,3,1,12.0,0,0.281,Low Risk,Priority 4: Standard Loyalty Reward Program
50704,9.0,Potential Loyalists,654.72,3,0,14.0,1,0.942,High Risk,Priority 2: 25% Comeback Voucher + Free Express Delivery
50705,0.0,Potential Loyalists,1002.32,5,1,15.0,1,0.991,High Risk,Priority 2: 25% Comeback Voucher + Free Express Delivery
50706,14.0,Potential Loyalists,812.13,2,1,18.0,0,0.096,Low Risk,Priority 4: Standard Loyalty Reward Program
50707,0.0,Loyal Customers,1387.1,3,0,14.0,1,0.942,High Risk,Priority 2: 25% Comeback Voucher + Free Express Delivery
50708,10.0,Potential Loyalists,865.2,2,0,31.0,0,0.017,Low Risk,Priority 4: Standard Loyalty Reward Program
50709,0.0,Loyal Customers,1379.29,3,0,14.0,0,0.304,Medium Risk,Priority 3: Personalized Recommendation + Free Shipping
50710,7.0,Potential Loyalists,864.27,3,0,15.0,0,0.028,Low Risk,Priority 4: Standard Loyalty Reward Program
50711,8.0,Lost / Low Value,787.76,3,0,14.0,0,0.101,Low Risk,Priority 4: Standard Loyalty Reward Program
50712,0.0,At-Risk High-Value,2860.44,5,0,29.0,1,0.994,High Risk,"Priority 1: Executive Concierge Call + ₹1,000 Credit"
50713,13.0,Hibernating Big Spenders,2584.89,3,0,15.0,0,0.028,Low Risk,Priority 4: Standard Loyalty Reward Program
50714,5.0,Hibernating Big Spenders,2613.38,5,1,18.0,1,0.961,High Risk,Priority 2: 25% Comeback Voucher + Free Express Delivery
50715,15.0,Lost / Low Value,833.53,5,0,10.0,0,0.026,Low Risk,Priority 4: Standard Loyalty Reward Program
50716,9.0,Lost / Low Value,674.19,3,0,6.0,0,0.058,Low Risk,Priority 4: Standard Loyalty Reward Program
50717,0.0,Potential Loyalists,747.84,4,0,30.0,0,0.382,Medium Risk,Priority 3: Personalized Recommendation + Free Shipping
50718,0.0,Potential Loyalists,688.32,2,1,14.0,1,0.878,High Risk,Priority 2: 25% Comeback Voucher + Free Express Delivery
50719,0.0,Lost / Low Value,793.1,2,0,9.0,0,0.12,Low Risk,Priority 4: Standard Loyalty Reward Program
50720,3.0,Lost / Low Value,911.79,3,0,16.0,0,0.019,Low Risk,Priority 4: Standard Loyalty Reward Program
50721,13.0,Potential Loyalists,793.21,2,1,32.0,0,0.059,Low Risk,Priority 4: Standard Loyalty Reward Program
50722,8.0,At-Risk High-Value,6690.42,4,0,8.0,0,0.025,Low Risk,Priority 4: Standard Loyalty Reward Program
50723,7.0,At-Risk High-Value,3375.46,5,0,6.0,0,0.011,Low Risk,Priority 4: Standard Loyalty Reward Program
50724,8.0,Loyal Customers,1361.36,2,0,14.0,0,0.044,Low Risk,Priority 4: Standard Loyalty Reward Program
50725,6.0,Potential Loyalists,844.03,3,0,15.0,1,0.782,High Risk,Priority 2: 25% Comeback Voucher + Free Express Delivery
50726,5.0,Potential Loyalists,705.48,5,0,8.0,0,0.193,Low Risk,Priority 4: Standard Loyalty Reward Program
50727,29.0,Champions,6587.46,5,0,10.0,0,0.011,Low Risk,Priority 4: Standard Loyalty Reward Program
50728,2.0,Lost / Low Value,722.2,2,0,12.0,0,0.017,Low Risk,Priority 4: Standard Loyalty Reward Program
50729,0.0,Potential Loyalists,690.36,5,0,14.0,0,0.291,Low Risk,Priority 4: Standard Loyalty Reward Program
50730,18.0,Potential Loyalists,796.24,3,1,13.0,0,0.057,Low Risk,Priority 4: Standard Loyalty Reward Program
50731,10.0,At-Risk High-Value,2718.21,2,0,6.0,0,0.01,Low Risk,Priority 4: Standard Loyalty Reward Program
50732,0.0,Potential Loyalists,716.82,3,0,9.0,0,0.367,Medium Risk,Priority 3: Personalized Recommendation + Free Shipping
50733,7.0,Potential Loyalists,711.48,3,1,16.0,1,0.906,High Risk,Priority 2: 25% Comeback Voucher + Free Express Delivery
50734,26.0,At-Risk High-Value,6293.32,3,0,13.0,0,0.009,Low Risk,Priority 4: Standard Loyalty Reward Program
50735,9.0,Potential Loyalists,669.24,2,1,21.0,0,0.147,Low Risk,Priority 4: Standard Loyalty Reward Program
50736,0.0,Potential Loyalists,706.92,2,1,9.0,1,0.99,High Risk,Priority 2: 25% Comeback Voucher + Free Express Delivery
50737,19.0,At-Risk High-Value,22314.6,5,0,8.0,0,0.03,Low Risk,Priority 4: Standard Loyalty Reward Program
50738,9.0,Potential Loyalists,675.95,3,0,23.0,0,0.321,Medium Risk,Priority 3: Personalized Recommendation + Free Shipping
50739,6.0,Lost / Low Value,748.0,3,0,8.0,0,0.024,Low Risk,Priority 4: Standard Loyalty Reward Program
50740,9.0,Potential Loyalists,665.88,5,0,11.0,1,0.974,High Risk,Priority 2: 25% Comeback Voucher + Free Express Delivery
50741,3.0,Potential Loyalists,776.32,5,0,35.0,0,0.091,Low Risk,Priority 4: Standard Loyalty Reward Program
50742,13.0,Potential Loyalists,787.98,4,0,8.0,0,0.078,Low Risk,Priority 4: Standard Loyalty Reward Program
50743,23.0,Loyal Customers,3064.16,5,0,8.0,0,0.001,Low Risk,Priority 4: Standard Loyalty Reward Program
50744,1.0,Champions,2177.34,5,0,25.0,0,0.402,Medium Risk,Priority 3: Personalized Recommendation + Free Shipping
50745,19.0,Potential Loyalists,1599.46,4,0,21.0,0,0.015,Low Risk,Priority 4: Standard Loyalty Reward Program
50746,8.0,Lost / Low Value,1043.13,5,1,23.0,0,0.136,Low Risk,Priority 4: Standard Loyalty Reward Program
50747,9.0,Potential Loyalists,671.55,4,0,23.0,1,0.927,High Risk,Priority 2: 25% Comeback Voucher + Free Express Delivery
50748,6.0,Potential Loyalists,799.64,3,0,31.0,0,0.068,Low Risk,Priority 4: Standard Loyalty Reward Program
50749,9.0,Lost / Low Value,700.76,3,0,12.0,0,0.01,Low Risk,Priority 4: Standard Loyalty Reward Program
50750,3.0,At-Risk High-Value,5936.04,3,0,13.0,0,0.095,Low Risk,Priority 4: Standard Loyalty Reward Program
50751,17.0,Lost / Low Value,799.76,2,0,35.0,0,0.04,Low Risk,Priority 4: Standard Loyalty Reward Program
50752,0.0,Loyal Customers,1394.58,2,0,27.0,0,0.107,Low Risk,Priority 4: Standard Loyalty Reward Program
50753,19.0,Lost / Low Value,955.84,2,0,8.0,0,0.049,Low Risk,Priority 4: Standard Loyalty Reward Program
50754,15.0,Potential Loyalists,894.96,5,0,8.0,0,0.037,Low Risk,Priority 4: Standard Loyalty Reward Program
50755,30.0,Lost / Low Value,837.1,2,1,13.0,0,0.028,Low Risk,Priority 4: Standard Loyalty Reward Program
50756,5.0,Loyal Customers,1401.73,4,0,19.0,0,0.044,Low Risk,Priority 4: Standard Loyalty Reward Program
50757,5.0,Lost / Low Value,824.89,3,1,8.0,0,0.017,Low Risk,Priority 4: Standard Loyalty Reward Program
50758,9.0,At-Risk High-Value,7797.02,5,1,6.0,0,0.089,Low Risk,Priority 4: Standard Loyalty Reward Program
50759,6.0,At-Risk High-Value,2811.82,2,0,15.0,0,0.014,Low Risk,Priority 4: Standard Loyalty Reward Program
50760,13.0,Potential Loyalists,926.86,4,0,16.0,0,0.061,Low Risk,Priority 4: Standard Loyalty Reward Program
50761,0.0,Potential Loyalists,822.25,2,0,16.0,0,0.133,Low Risk,Priority 4: Standard Loyalty Reward Program
50762,3.0,At-Risk High-Value,3734.22,4,1,6.0,0,0.121,Low Risk,Priority 4: Standard Loyalty Reward Program
50763,15.0,Loyal Customers,2551.01,5,1,32.0,0,0.06,Low Risk,Priority 4: Standard Loyalty Reward Program
50764,8.0,At-Risk High-Value,4482.94,2,1,14.0,0,0.118,Low Risk,Priority 4: Standard Loyalty Reward Program
50765,9.0,At-Risk High-Value,4037.55,5,1,20.0,0,0.483,Medium Risk,Priority 3: Personalized Recommendation + Free Shipping
50766,27.0,Lost / Low Value,1127.61,3,0,6.0,0,0.013,Low Risk,Priority 4: Standard Loyalty Reward Program
50767,9.0,At-Risk High-Value,4624.24,2,0,8.0,0,0.043,Low Risk,Priority 4: Standard Loyalty Reward Program
50768,9.0,Potential Loyalists,652.24,4,1,16.0,1,0.945,High Risk,Priority 2: 25% Comeback Voucher + Free Express Delivery
50769,2.0,Potential Loyalists,756.8,2,0,6.0,0,0.01,Low Risk,Priority 4: Standard Loyalty Reward Program
50770,27.0,Lost / Low Value,1527.84,2,0,9.0,0,0.01,Low Risk,Priority 4: Standard Loyalty Reward Program
50771,4.0,Potential Loyalists,925.82,5,1,17.0,0,0.101,Low Risk,Priority 4: Standard Loyalty Reward Program
50772,4.0,Lost / Low Value,924.66,5,0,30.0,0,0.051,Low Risk,Priority 4: Standard Loyalty Reward Program
50773,30.0,Lost / Low Value,834.41,2,0,9.0,0,0.052,Low Risk,Priority 4: Standard Loyalty Reward Program
50774,16.0,Lost / Low Value,1635.7,2,0,9.0,0,0.115,Low Risk,Priority 4: Standard Loyalty Reward Program
50775,22.0,Potential Loyalists,1579.1,3,0,10.0,0,0.022,Low Risk,Priority 4: Standard Loyalty Reward Program
50776,9.0,Lost / Low Value,753.06,4,0,9.0,0,0.023,Low Risk,Priority 4: Standard Loyalty Reward Program
50777,21.0,Potential Loyalists,690.74,4,0,14.0,0,0.14,Low Risk,Priority 4: Standard Loyalty Reward Program
50778,0.0,Potential Loyalists,688.44,3,0,14.0,0,0.122,Low Risk,Priority 4: Standard Loyalty Reward Program
50779,2.0,Potential Loyalists,914.26,2,1,13.0,0,0.028,Low Risk,Priority 4: Standard Loyalty Reward Program
50780,21.0,Potential Loyalists,1554.57,2,0,6.0,0,0.04,Low Risk,Priority 4: Standard Loyalty Reward Program
50781,2.0,Lost / Low Value,1436.82,2,0,6.0,0,0.042,Low Risk,Priority 4: Standard Loyalty Reward Program
50782,7.0,Potential Loyalists,692.18,3,0,14.0,0,0.105,Low Risk,Priority 4: Standard Loyalty Reward Program
50783,17.0,At-Risk High-Value,4655.14,4,0,11.0,0,0.011,Low Risk,Priority 4: Standard Loyalty Reward Program
50784,6.0,Lost / Low Value,1010.9,3,1,16.0,0,0.012,Low Risk,Priority 4: Standard Loyalty Reward Program
50785,0.0,Potential Loyalists,714.67,2,1,31.0,0,0.286,Low Risk,Priority 4: Standard Loyalty Reward Program
50786,9.0,Potential Loyalists,617.26,3,0,6.0,0,0.259,Low Risk,Priority 4: Standard Loyalty Reward Program
50787,0.0,Potential Loyalists,611.49,2,1,30.0,1,0.998,High Risk,Priority 2: 25% Comeback Voucher + Free Express Delivery
50788,0.0,Loyal Customers,1416.25,2,1,10.0,0,0.322,Medium Risk,Priority 3: Personalized Recommendation + Free Shipping
50789,8.0,Lost / Low Value,1585.32,4,1,8.0,1,0.995,High Risk,Priority 2: 25% Comeback Voucher + Free Express Delivery
50790,28.0,Loyal Customers,2593.47,4,1,14.0,0,0.006,Low Risk,Priority 4: Standard Loyalty Reward Program
50791,0.0,Loyal Customers,1388.75,3,0,14.0,1,0.963,High Risk,Priority 2: 25% Comeback Voucher + Free Express Delivery
50792,19.0,Lost / Low Value,1583.4,4,0,10.0,0,0.068,Low Risk,Priority 4: Standard Loyalty Reward Program
50793,7.0,Potential Loyalists,799.59,5,1,8.0,0,0.064,Low Risk,Priority 4: Standard Loyalty Reward Program
50794,24.0,At-Risk High-Value,18057.44,4,1,15.0,0,0.016,Low Risk,Priority 4: Standard Loyalty Reward Program
50795,30.0,At-Risk High-Value,5640.8,2,0,24.0,0,0.052,Low Risk,Priority 4: Standard Loyalty Reward Program
50796,7.0,At-Risk High-Value,3972.1,4,0,25.0,0,0.041,Low Risk,Priority 4: Standard Loyalty Reward Program
50797,9.0,Potential Loyalists,668.47,3,1,6.0,0,0.242,Low Risk,Priority 4: Standard Loyalty Reward Program
50798,17.0,At-Risk High-Value,22476.3,5,0,10.0,0,0.002,Low Risk,Priority 4: Standard Loyalty Reward Program
50799,7.0,Lost / Low Value,796.95,4,0,17.0,0,0.057,Low Risk,Priority 4: Standard Loyalty Reward Program
50800,8.0,Loyal Customers,1485.66,3,1,12.0,0,0.29,Low Risk,Priority 4: Standard Loyalty Reward Program
50801,15.0,Potential Loyalists,680.46,4,1,14.0,0,0.07,Low Risk,Priority 4: Standard Loyalty Reward Program
50802,16.0,At-Risk High-Value,16690.57,2,0,10.0,0,0.056,Low Risk,Priority 4: Standard Loyalty Reward Program
50803,9.0,At-Risk High-Value,4237.75,4,1,8.0,0,0.05,Low Risk,Priority 4: Standard Loyalty Reward Program
50804,7.0,Lost / Low Value,988.79,2,0,21.0,1,0.832,High Risk,Priority 2: 25% Comeback Voucher + Free Express Delivery
50805,1.0,Loyal Customers,1525.37,2,1,8.0,0,0.33,Medium Risk,Priority 3: Personalized Recommendation + Free Shipping
50806,24.0,At-Risk High-Value,4942.63,3,0,12.0,0,0.031,Low Risk,Priority 4: Standard Loyalty Reward Program
50807,3.0,Lost / Low Value,808.22,3,1,15.0,0,0.02,Low Risk,Priority 4: Standard Loyalty Reward Program
50808,0.0,At-Risk High-Value,5135.51,3,1,13.0,1,0.909,High Risk,"Priority 1: Executive Concierge Call + ₹1,000 Credit"
50809,9.0,Potential Loyalists,664.4,5,0,6.0,0,0.266,Low Risk,Priority 4: Standard Loyalty Reward Program
50810,9.0,Loyal Customers,1330.56,4,0,6.0,0,0.088,Low Risk,Priority 4: Standard Loyalty Reward Program
50811,5.0,Lost / Low Value,891.5,2,0,14.0,0,0.033,Low Risk,Priority 4: Standard Loyalty Reward Program
50812,18.0,Potential Loyalists,1543.36,4,0,31.0,0,0.015,Low Risk,Priority 4: Standard Loyalty Reward Program
50813,12.0,Champions,22376.48,4,1,19.0,0,0.091,Low Risk,Priority 4: Standard Loyalty Reward Program
50814,30.0,Loyal Customers,1360.92,3,0,14.0,0,0.065,Low Risk,Priority 4: Standard Loyalty Reward Program
50815,0.0,Potential Loyalists,818.56,3,0,13.0,1,0.709,High Risk,Priority 2: 25% Comeback Voucher + Free Express Delivery
50816,2.0,Potential Loyalists,764.72,5,0,29.0,1,0.95,High Risk,Priority 2: 25% Comeback Voucher + Free Express Delivery
50817,3.0,At-Risk High-Value,4826.91,2,0,12.0,0,0.029,Low Risk,Priority 4: Standard Loyalty Reward Program
50818,9.0,Lost / Low Value,940.17,3,0,16.0,0,0.073,Low Risk,Priority 4: Standard Loyalty Reward Program
50819,19.0,At-Risk High-Value,3691.32,5,0,6.0,0,0.029,Low Risk,Priority 4: Standard Loyalty Reward Program
50820,1.0,At-Risk High-Value,6419.49,2,0,6.0,0,0.22,Low Risk,Priority 4: Standard Loyalty Reward Program
50821,23.0,Potential Loyalists,1478.4,5,1,34.0,0,0.03,Low Risk,Priority 4: Standard Loyalty Reward Program
50822,3.0,Potential Loyalists,1050.17,4,1,31.0,1,0.999,High Risk,Priority 2: 25% Comeback Voucher + Free Express Delivery
50823,15.0,At-Risk High-Value,7101.71,4,1,11.0,1,0.992,High Risk,"Priority 1: Executive Concierge Call + ₹1,000 Credit"
50824,3.0,Potential Loyalists,1205.38,5,1,23.0,0,0.078,Low Risk,Priority 4: Standard Loyalty Reward Program
50825,12.0,Lost / Low Value,799.37,3,0,24.0,0,0.018,Low Risk,Priority 4: Standard Loyalty Reward Program
50826,4.0,At-Risk High-Value,9826.74,3,1,8.0,0,0.118,Low Risk,Priority 4: Standard Loyalty Reward Program
50827,14.0,At-Risk High-Value,9771.36,4,0,16.0,0,0.054,Low Risk,Priority 4: Standard Loyalty Reward Program
50828,9.0,Loyal Customers,1353.22,4,1,6.0,1,0.983,High Risk,Priority 2: 25% Comeback Voucher + Free Express Delivery
50829,7.0,Potential Loyalists,679.91,5,0,14.0,1,0.93,High Risk,Priority 2: 25% Comeback Voucher + Free Express Delivery
50830,15.0,Hibernating Big Spenders,3064.71,3,1,8.0,0,0.075,Low Risk,Priority 4: Standard Loyalty Reward Program
50831,28.0,At-Risk High-Value,14447.56,3,0,8.0,0,0.022,Low Risk,Priority 4: Standard Loyalty Reward Program
50832,29.0,At-Risk High-Value,11441.05,4,0,14.0,0,0.021,Low Risk,Priority 4: Standard Loyalty Reward Program
50833,13.0,Potential Loyalists,744.92,3,0,22.0,0,0.109,Low Risk,Priority 4: Standard Loyalty Reward Program
50834,7.0,Lost / Low Value,1017.5,2,0,15.0,0,0.094,Low Risk,Priority 4: Standard Loyalty Reward Program
50835,13.0,At-Risk High-Value,6450.84,2,0,8.0,0,0.045,Low Risk,Priority 4: Standard Loyalty Reward Program
50836,14.0,Lost / Low Value,775.66,5,0,6.0,0,0.018,Low Risk,Priority 4: Standard Loyalty Reward Program
50837,8.0,Potential Loyalists,783.7,3,1,10.0,0,0.236,Low Risk,Priority 4: Standard Loyalty Reward Program
50838,24.0,Hibernating Big Spenders,2642.86,4,1,11.0,0,0.016,Low Risk,Priority 4: Standard Loyalty Reward Program
50839,11.0,Lost / Low Value,929.12,5,0,8.0,0,0.026,Low Risk,Priority 4: Standard Loyalty Reward Program
50840,7.0,At-Risk High-Value,7981.88,5,0,21.0,0,0.037,Low Risk,Priority 4: Standard Loyalty Reward Program
50841,0.0,Potential Loyalists,751.8,2,0,25.0,0,0.202,Low Risk,Priority 4: Standard Loyalty Reward Program
50842,20.0,At-Risk High-Value,5502.2,5,1,13.0,1,0.952,High Risk,"Priority 1: Executive Concierge Call + ₹1,000 Credit"
50843,13.0,Potential Loyalists,681.29,4,0,14.0,0,0.049,Low Risk,Priority 4: Standard Loyalty Reward Program
50844,9.0,At-Risk High-Value,4830.87,5,0,13.0,0,0.068,Low Risk,Priority 4: Standard Loyalty Reward Program
50845,21.0,Lost / Low Value,984.39,2,0,10.0,0,0.034,Low Risk,Priority 4: Standard Loyalty Reward Program
50846,0.0,Potential Loyalists,689.37,2,0,14.0,0,0.144,Low Risk,Priority 4: Standard Loyalty Reward Program
50847,24.0,Potential Loyalists,1272.81,4,0,17.0,0,0.022,Low Risk,Priority 4: Standard Loyalty Reward Program
50848,9.0,Potential Loyalists,638.6,2,0,6.0,0,0.122,Low Risk,Priority 4: Standard Loyalty Reward Program
50849,8.0,Potential Loyalists,844.96,2,0,6.0,0,0.034,Low Risk,Priority 4: Standard Loyalty Reward Program
50850,0.0,Potential Loyalists,828.91,2,0,8.0,0,0.161,Low Risk,Priority 4: Standard Loyalty Reward Program
50851,18.0,Hibernating Big Spenders,2606.45,3,1,19.0,1,0.997,High Risk,Priority 2: 25% Comeback Voucher + Free Express Delivery
50852,29.0,Hibernating Big Spenders,2574.22,4,1,29.0,0,0.085,Low Risk,Priority 4: Standard Loyalty Reward Program
50853,9.0,Potential Loyalists,661.6,3,0,32.0,0,0.17,Low Risk,Priority 4: Standard Loyalty Reward Program
50854,13.0,At-Risk High-Value,9908.09,3,0,8.0,0,0.029,Low Risk,Priority 4: Standard Loyalty Reward Program
50855,7.0,At-Risk High-Value,5940.16,3,0,35.0,0,0.023,Low Risk,Priority 4: Standard Loyalty Reward Program
50856,0.0,Potential Loyalists,703.18,2,0,8.0,1,0.994,High Risk,Priority 2: 25% Comeback Voucher + Free Express Delivery
50857,0.0,Champions,2411.31,3,1,24.0,1,0.989,High Risk,"Priority 1: Executive Concierge Call + ₹1,000 Credit"
50858,11.0,Potential Loyalists,693.55,3,0,14.0,0,0.039,Low Risk,Priority 4: Standard Loyalty Reward Program
50859,7.0,At-Risk High-Value,3671.14,2,0,8.0,0,0.002,Low Risk,Priority 4: Standard Loyalty Reward Program
50860,1.0,Lost / Low Value,809.82,5,0,32.0,0,0.177,Low Risk,Priority 4: Standard Loyalty Reward Program
50861,0.0,At-Risk High-Value,5339.07,3,1,28.0,1,0.821,High Risk,"Priority 1: Executive Concierge Call + ₹1,000 Credit"
50862,12.0,Lost / Low Value,886.6,2,1,27.0,0,0.092,Low Risk,Priority 4: Standard Loyalty Reward Program
50863,24.0,Champions,3398.34,4,0,8.0,0,0.02,Low Risk,Priority 4: Standard Loyalty Reward Program
50864,14.0,Champions,2552.05,2,1,28.0,0,0.033,Low Risk,Priority 4: Standard Loyalty Reward Program
50865,10.0,Potential Loyalists,714.78,3,1,10.0,0,0.468,Medium Risk,Priority 3: Personalized Recommendation + Free Shipping
50866,6.0,Potential Loyalists,1099.89,2,0,11.0,0,0.076,Low Risk,Priority 4: Standard Loyalty Reward Program
50867,5.0,Potential Loyalists,774.29,4,1,8.0,0,0.052,Low Risk,Priority 4: Standard Loyalty Reward Program
50868,12.0,Lost / Low Value,1150.6,3,0,31.0,0,0.056,Low Risk,Priority 4: Standard Loyalty Reward Program
50869,0.0,Potential Loyalists,892.76,3,0,24.0,0,0.233,Low Risk,Priority 4: Standard Loyalty Reward Program
50870,25.0,Loyal Customers,2557.17,3,1,34.0,0,0.045,Low Risk,Priority 4: Standard Loyalty Reward Program
50871,16.0,Lost / Low Value,774.46,3,1,12.0,0,0.006,Low Risk,Priority 4: Standard Loyalty Reward Program
50872,0.0,At-Risk High-Value,3469.18,2,1,16.0,0,0.212,Low Risk,Priority 4: Standard Loyalty Reward Program
50873,0.0,At-Risk High-Value,4771.69,3,1,14.0,1,0.978,High Risk,"Priority 1: Executive Concierge Call + ₹1,000 Credit"
50874,0.0,Potential Loyalists,764.72,2,0,8.0,0,0.197,Low Risk,Priority 4: Standard Loyalty Reward Program
50875,15.0,Lost / Low Value,1473.95,5,0,16.0,0,0.012,Low Risk,Priority 4: Standard Loyalty Reward Program
50876,25.0,Lost / Low Value,712.25,5,0,14.0,0,0.02,Low Risk,Priority 4: Standard Loyalty Reward Program
50877,10.0,Potential Loyalists,749.59,3,0,17.0,0,0.059,Low Risk,Priority 4: Standard Loyalty Reward Program
50878,8.0,Loyal Customers,2129.82,2,0,24.0,0,0.102,Low Risk,Priority 4: Standard Loyalty Reward Program
50879,0.0,Potential Loyalists,727.59,2,0,6.0,0,0.187,Low Risk,Priority 4: Standard Loyalty Reward Program
50880,0.0,Lost / Low Value,746.79,5,0,13.0,0,0.21,Low Risk,Priority 4: Standard Loyalty Reward Program
50881,2.0,Lost / Low Value,989.34,5,0,23.0,0,0.076,Low Risk,Priority 4: Standard Loyalty Reward Program
50882,0.0,Potential Loyalists,785.62,5,0,34.0,1,0.98,High Risk,Priority 2: 25% Comeback Voucher + Free Express Delivery
50883,0.0,At-Risk High-Value,6757.9,2,1,20.0,1,0.966,High Risk,"Priority 1: Executive Concierge Call + ₹1,000 Credit"
50884,27.0,At-Risk High-Value,18036.48,2,0,6.0,0,0.015,Low Risk,Priority 4: Standard Loyalty Reward Program
50885,30.0,Lost / Low Value,1633.55,5,1,6.0,0,0.065,Low Risk,Priority 4: Standard Loyalty Reward Program
50886,28.0,Loyal Customers,2720.52,2,0,6.0,0,0.0,Low Risk,Priority 4: Standard Loyalty Reward Program
50887,9.0,Potential Loyalists,1060.29,4,1,9.0,0,0.27,Low Risk,Priority 4: Standard Loyalty Reward Program
50888,9.0,Potential Loyalists,624.74,3,0,6.0,1,0.86,High Risk,Priority 2: 25% Comeback Voucher + Free Express Delivery
50889,3.0,Potential Loyalists,812.84,5,0,13.0,0,0.059,Low Risk,Priority 4: Standard Loyalty Reward Program
50890,4.0,Potential Loyalists,1453.21,4,0,14.0,0,0.036,Low Risk,Priority 4: Standard Loyalty Reward Program
50891,7.0,Potential Loyalists,714.78,5,0,6.0,0,0.074,Low Risk,Priority 4: Standard Loyalty Reward Program
50892,9.0,Potential Loyalists,619.36,4,0,14.0,1,0.99,High Risk,Priority 2: 25% Comeback Voucher + Free Express Delivery
50893,9.0,Lost / Low Value,665.44,5,0,17.0,0,0.111,Low Risk,Priority 4: Standard Loyalty Reward Program
50894,9.0,Lost / Low Value,869.55,2,0,10.0,0,0.006,Low Risk,Priority 4: Standard Loyalty Reward Program
50895,9.0,Potential Loyalists,860.58,5,0,22.0,0,0.115,Low Risk,Priority 4: Standard Loyalty Reward Program
50896,20.0,Potential Loyalists,738.1,2,0,6.0,0,0.043,Low Risk,Priority 4: Standard Loyalty Reward Program
50897,0.0,Loyal Customers,1584.0,5,0,15.0,1,0.96,High Risk,Priority 2: 25% Comeback Voucher + Free Express Delivery
50898,10.0,Potential Loyalists,742.5,3,0,11.0,0,0.064,Low Risk,Priority 4: Standard Loyalty Reward Program
50899,9.0,Potential Loyalists,663.63,5,0,6.0,0,0.162,Low Risk,Priority 4: Standard Loyalty Reward Program
50900,20.0,At-Risk High-Value,7471.48,3,0,8.0,0,0.005,Low Risk,Priority 4: Standard Loyalty Reward Program
50901,0.0,Potential Loyalists,778.91,3,1,10.0,0,0.338,Medium Risk,Priority 3: Personalized Recommendation + Free Shipping
50902,5.0,Potential Loyalists,1056.22,2,0,13.0,0,0.062,Low Risk,Priority 4: Standard Loyalty Reward Program
50903,7.0,Potential Loyalists,731.17,4,0,6.0,0,0.029,Low Risk,Priority 4: Standard Loyalty Reward Program
50904,9.0,Potential Loyalists,666.98,3,1,11.0,0,0.203,Low Risk,Priority 4: Standard Loyalty Reward Program
50905,13.0,Lost / Low Value,768.62,3,0,15.0,0,0.022,Low Risk,Priority 4: Standard Loyalty Reward Program
50906,4.0,At-Risk High-Value,10292.54,2,0,14.0,0,0.053,Low Risk,Priority 4: Standard Loyalty Reward Program
50907,9.0,Champions,4421.12,1,0,15.0,1,0.937,High Risk,"Priority 1: Executive Concierge Call + ₹1,000 Credit"
50908,2.0,Potential Loyalists,750.53,5,1,8.0,1,0.989,High Risk,Priority 2: 25% Comeback Voucher + Free Express Delivery
50909,0.0,At-Risk High-Value,3838.12,4,0,6.0,1,0.996,High Risk,"Priority 1: Executive Concierge Call + ₹1,000 Credit"
50910,18.0,Lost / Low Value,1146.8,5,1,26.0,0,0.042,Low Risk,Priority 4: Standard Loyalty Reward Program
50911,9.0,Potential Loyalists,666.0,4,0,14.0,0,0.143,Low Risk,Priority 4: Standard Loyalty Reward Program
50912,0.0,Loyal Customers,1509.42,1,1,8.0,1,0.965,High Risk,Priority 2: 25% Comeback Voucher + Free Express Delivery
50913,18.0,Potential Loyalists,1065.9,1,1,35.0,0,0.045,Low Risk,Priority 4: Standard Loyalty Reward Program
50914,21.0,Loyal Customers,1703.46,5,0,13.0,0,0.033,Low Risk,Priority 4: Standard Loyalty Reward Program
50915,0.0,Loyal Customers,1401.62,3,0,15.0,1,0.924,High Risk,Priority 2: 25% Comeback Voucher + Free Express Delivery
50916,13.0,Hibernating Big Spenders,2613.27,4,0,14.0,0,0.023,Low Risk,Priority 4: Standard Loyalty Reward Program
50917,1.0,Potential Loyalists,1015.46,5,0,11.0,0,0.116,Low Risk,Priority 4: Standard Loyalty Reward Program
50918,17.0,Potential Loyalists,723.91,3,0,11.0,0,0.057,Low Risk,Priority 4: Standard Loyalty Reward Program
50919,26.0,At-Risk High-Value,11703.12,4,0,8.0,0,0.006,Low Risk,Priority 4: Standard Loyalty Reward Program
50920,22.0,Potential Loyalists,915.8,3,0,11.0,0,0.003,Low Risk,Priority 4: Standard Loyalty Reward Program
50921,13.0,Potential Loyalists,678.98,3,0,14.0,0,0.051,Low Risk,Priority 4: Standard Loyalty Reward Program
50922,17.0,Potential Loyalists,738.1,4,0,26.0,0,0.057,Low Risk,Priority 4: Standard Loyalty Reward Program
50923,6.0,Potential Loyalists,790.52,5,0,13.0,0,0.046,Low Risk,Priority 4: Standard Loyalty Reward Program
50924,7.0,At-Risk High-Value,2435.24,5,0,9.0,0,0.037,Low Risk,Priority 4: Standard Loyalty Reward Program
50925,3.0,Loyal Customers,1683.11,3,0,22.0,0,0.079,Low Risk,Priority 4: Standard Loyalty Reward Program
50926,15.0,At-Risk High-Value,3760.08,1,0,15.0,0,0.023,Low Risk,Priority 4: Standard Loyalty Reward Program
50927,17.0,Potential Loyalists,812.24,3,0,6.0,0,0.122,Low Risk,Priority 4: Standard Loyalty Reward Program
50928,9.0,Potential Loyalists,620.07,3,0,13.0,0,0.135,Low Risk,Priority 4: Standard Loyalty Reward Program
50929,50.0,Lost / Low Value,1639.0,3,0,6.0,0,0.016,Low Risk,Priority 4: Standard Loyalty Reward Program
50930,22.0,Lost / Low Value,1125.63,4,0,13.0,0,0.01,Low Risk,Priority 4: Standard Loyalty Reward Program
50931,7.0,At-Risk High-Value,8912.31,5,0,21.0,0,0.098,Low Risk,Priority 4: Standard Loyalty Reward Program
50932,0.0,Potential Loyalists,710.0,3,0,6.0,1,0.985,High Risk,Priority 2: 25% Comeback Voucher + Free Express Delivery
50933,0.0,Potential Loyalists,867.08,4,0,19.0,1,0.965,High Risk,Priority 2: 25% Comeback Voucher + Free Express Delivery
50934,0.0,At-Risk High-Value,8029.45,4,1,30.0,1,0.992,High Risk,"Priority 1: Executive Concierge Call + ₹1,000 Credit"
50935,8.0,Potential Loyalists,682.22,3,0,14.0,0,0.176,Low Risk,Priority 4: Standard Loyalty Reward Program
50936,0.0,Potential Loyalists,724.46,5,1,15.0,1,0.983,High Risk,Priority 2: 25% Comeback Voucher + Free Express Delivery
50937,9.0,Potential Loyalists,661.82,4,0,19.0,0,0.35,Medium Risk,Priority 3: Personalized Recommendation + Free Shipping
50938,17.0,Loyal Customers,2222.99,3,1,8.0,0,0.069,Low Risk,Priority 4: Standard Loyalty Reward Program
50939,2.0,Lost / Low Value,1024.1,3,0,25.0,0,0.012,Low Risk,Priority 4: Standard Loyalty Reward Program
50940,9.0,Potential Loyalists,663.52,3,0,6.0,0,0.159,Low Risk,Priority 4: Standard Loyalty Reward Program
50941,28.0,Potential Loyalists,771.92,3,1,10.0,0,0.044,Low Risk,Priority 4: Standard Loyalty Reward Program
50942,6.0,Potential Loyalists,761.09,4,0,10.0,0,0.088,Low Risk,Priority 4: Standard Loyalty Reward Program
50943,20.0,Potential Loyalists,802.5,3,1,20.0,0,0.135,Low Risk,Priority 4: Standard Loyalty Reward Program
50944,0.0,Potential Loyalists,690.86,5,0,14.0,1,0.946,High Risk,Priority 2: 25% Comeback Voucher + Free Express Delivery
50945,9.0,Potential Loyalists,635.96,3,0,6.0,0,0.136,Low Risk,Priority 4: Standard Loyalty Reward Program
50946,1.0,Potential Loyalists,819.39,5,0,13.0,0,0.158,Low Risk,Priority 4: Standard Loyalty Reward Program
50947,22.0,Potential Loyalists,813.4,5,0,9.0,0,0.017,Low Risk,Priority 4: Standard Loyalty Reward Program
50948,2.0,Potential Loyalists,724.9,4,0,8.0,0,0.071,Low Risk,Priority 4: Standard Loyalty Reward Program
50949,1.0,Lost / Low Value,910.2,4,0,35.0,0,0.161,Low Risk,Priority 4: Standard Loyalty Reward Program
50950,6.0,Potential Loyalists,901.34,3,1,14.0,0,0.098,Low Risk,Priority 4: Standard Loyalty Reward Program
50951,5.0,Potential Loyalists,1168.42,1,0,16.0,0,0.073,Low Risk,Priority 4: Standard Loyalty Reward Program
50952,27.0,Hibernating Big Spenders,2863.52,1,0,17.0,0,0.003,Low Risk,Priority 4: Standard Loyalty Reward Program
50953,0.0,Lost / Low Value,679.91,5,0,14.0,1,0.979,High Risk,Priority 2: 25% Comeback Voucher + Free Express Delivery
50954,17.0,At-Risk High-Value,20272.56,5,0,34.0,0,0.044,Low Risk,Priority 4: Standard Loyalty Reward Program
50955,12.0,Loyal Customers,2021.36,4,0,12.0,0,0.025,Low Risk,Priority 4: Standard Loyalty Reward Program
50956,19.0,Champions,7316.65,4,0,9.0,0,0.035,Low Risk,Priority 4: Standard Loyalty Reward Program
50957,8.0,Champions,3069.99,4,0,22.0,0,0.034,Low Risk,Priority 4: Standard Loyalty Reward Program
50958,9.0,Potential Loyalists,674.96,3,0,26.0,0,0.025,Low Risk,Priority 4: Standard Loyalty Reward Program
50959,9.0,Potential Loyalists,660.99,5,0,15.0,1,0.958,High Risk,Priority 2: 25% Comeback Voucher + Free Express Delivery
50960,7.0,At-Risk High-Value,7516.52,3,1,6.0,0,0.15,Low Risk,Priority 4: Standard Loyalty Reward Program
50961,0.0,At-Risk High-Value,5422.34,3,0,9.0,1,0.987,High Risk,"Priority 1: Executive Concierge Call + ₹1,000 Credit"
50962,23.0,Hibernating Big Spenders,2685.21,1,1,28.0,0,0.06,Low Risk,Priority 4: Standard Loyalty Reward Program
50963,9.0,At-Risk High-Value,3384.7,3,1,13.0,0,0.162,Low Risk,Priority 4: Standard Loyalty Reward Program
50964,15.0,Potential Loyalists,816.26,4,0,8.0,0,0.041,Low Risk,Priority 4: Standard Loyalty Reward Program
50965,10.0,At-Risk High-Value,2357.02,1,0,19.0,0,0.019,Low Risk,Priority 4: Standard Loyalty Reward Program
50966,2.0,Lost / Low Value,1084.32,5,0,14.0,0,0.048,Low Risk,Priority 4: Standard Loyalty Reward Program
50967,6.0,Potential Loyalists,787.6,4,0,31.0,0,0.072,Low Risk,Priority 4: Standard Loyalty Reward Program
50968,9.0,Potential Loyalists,667.26,1,0,34.0,0,0.025,Low Risk,Priority 4: Standard Loyalty Reward Program
50969,15.0,At-Risk High-Value,14388.66,1,1,8.0,0,0.026,Low Risk,Priority 4: Standard Loyalty Reward Program
50970,13.0,Champions,5957.1,5,0,15.0,0,0.109,Low Risk,Priority 4: Standard Loyalty Reward Program
50971,6.0,At-Risk High-Value,4181.92,3,1,34.0,0,0.03,Low Risk,Priority 4: Standard Loyalty Reward Program
50972,13.0,At-Risk High-Value,10178.25,1,1,12.0,0,0.021,Low Risk,Priority 4: Standard Loyalty Reward Program
50973,9.0,Potential Loyalists,676.28,5,0,27.0,0,0.169,Low Risk,Priority 4: Standard Loyalty Reward Program
50974,13.0,Loyal Customers,1547.59,1,1,14.0,0,0.049,Low Risk,Priority 4: Standard Loyalty Reward Program
50975,18.0,At-Risk High-Value,6714.78,4,0,6.0,0,0.041,Low Risk,Priority 4: Standard Loyalty Reward Program
50976,8.0,Champions,2734.6,3,0,14.0,0,0.025,Low Risk,Priority 4: Standard Loyalty Reward Program
50977,5.0,Lost / Low Value,1746.58,4,0,11.0,0,0.012,Low Risk,Priority 4: Standard Loyalty Reward Program
50978,9.0,Potential Loyalists,695.42,1,1,14.0,0,0.14,Low Risk,Priority 4: Standard Loyalty Reward Program
50979,21.0,At-Risk High-Value,6329.02,3,0,22.0,0,0.034,Low Risk,Priority 4: Standard Loyalty Reward Program
50980,2.0,Potential Loyalists,684.8,3,0,14.0,0,0.149,Low Risk,Priority 4: Standard Loyalty Reward Program
50981,6.0,Loyal Customers,1803.12,5,0,14.0,0,0.018,Low Risk,Priority 4: Standard Loyalty Reward Program
50982,0.0,At-Risk High-Value,6505.62,5,0,6.0,1,0.995,High Risk,"Priority 1: Executive Concierge Call + ₹1,000 Credit"
50983,11.0,Potential Loyalists,884.24,3,0,16.0,0,0.041,Low Risk,Priority 4: Standard Loyalty Reward Program
50984,8.0,Potential Loyalists,684.75,5,0,14.0,0,0.12,Low Risk,Priority 4: Standard Loyalty Reward Program
50985,3.0,Potential Loyalists,1058.75,4,0,35.0,0,0.072,Low Risk,Priority 4: Standard Loyalty Reward Program
50986,9.0,Potential Loyalists,664.07,5,1,8.0,1,0.961,High Risk,Priority 2: 25% Comeback Voucher + Free Express Delivery
50987,16.0,Lost / Low Value,1109.3,1,0,8.0,1,0.777,High Risk,Priority 2: 25% Comeback Voucher + Free Express Delivery
50988,1.0,Lost / Low Value,817.03,4,0,8.0,1,0.831,High Risk,Priority 2: 25% Comeback Voucher + Free Express Delivery
50989,5.0,Potential Loyalists,774.79,5,0,6.0,0,0.031,Low Risk,Priority 4: Standard Loyalty Reward Program
50990,21.0,At-Risk High-Value,4761.3,5,0,14.0,0,0.153,Low Risk,Priority 4: Standard Loyalty Reward Program
50991,7.0,Potential Loyalists,713.46,1,0,13.0,0,0.105,Low Risk,Priority 4: Standard Loyalty Reward Program
50992,28.0,Hibernating Big Spenders,3254.46,1,0,32.0,0,0.032,Low Risk,Priority 4: Standard Loyalty Reward Program
50993,7.0,Loyal Customers,1703.24,1,0,6.0,0,0.052,Low Risk,Priority 4: Standard Loyalty Reward Program
50994,9.0,Potential Loyalists,663.36,1,0,9.0,0,0.074,Low Risk,Priority 4: Standard Loyalty Reward Program
50995,11.0,At-Risk High-Value,7670.74,4,0,20.0,0,0.066,Low Risk,Priority 4: Standard Loyalty Reward Program
50996,11.0,Potential Loyalists,780.89,4,0,22.0,0,0.047,Low Risk,Priority 4: Standard Loyalty Reward Program
50997,9.0,Potential Loyalists,924.82,3,0,6.0,0,0.083,Low Risk,Priority 4: Standard Loyalty Reward Program
50998,2.0,Lost / Low Value,809.76,5,1,9.0,0,0.222,Low Risk,Priority 4: Standard Loyalty Reward Program
50999,8.0,Lost / Low Value,887.81,3,1,16.0,0,0.015,Low Risk,Priority 4: Standard Loyalty Reward Program
51000,12.0,At-Risk High-Value,7021.25,3,0,12.0,0,0.061,Low Risk,Priority 4: Standard Loyalty Reward Program
51001,2.0,Potential Loyalists,1036.92,1,0,8.0,0,0.021,Low Risk,Priority 4: Standard Loyalty Reward Program
51002,23.0,Potential Loyalists,1613.2,3,1,5.0,0,0.031,Low Risk,Priority 4: Standard Loyalty Reward Program
51003,9.0,Loyal Customers,1328.03,3,0,16.0,0,0.019,Low Risk,Priority 4: Standard Loyalty Reward Program
51004,9.0,Potential Loyalists,855.91,5,1,12.0,0,0.031,Low Risk,Priority 4: Standard Loyalty Reward Program
51005,15.0,Potential Loyalists,1628.72,1,0,15.0,0,0.046,Low Risk,Priority 4: Standard Loyalty Reward Program
51006,8.0,At-Risk High-Value,4424.31,3,0,34.0,0,0.027,Low Risk,Priority 4: Standard Loyalty Reward Program
51007,7.0,At-Risk High-Value,5799.25,3,0,16.0,0,0.013,Low Risk,Priority 4: Standard Loyalty Reward Program
51008,13.0,Potential Loyalists,805.14,5,0,20.0,0,0.045,Low Risk,Priority 4: Standard Loyalty Reward Program
51009,16.0,Potential Loyalists,818.18,4,0,33.0,0,0.042,Low Risk,Priority 4: Standard Loyalty Reward Program
51010,8.0,Potential Loyalists,697.95,1,0,13.0,0,0.023,Low Risk,Priority 4: Standard Loyalty Reward Program
51011,19.0,Lost / Low Value,1516.19,5,0,6.0,0,0.017,Low Risk,Priority 4: Standard Loyalty Reward Program
51012,0.0,Potential Loyalists,682.44,4,1,14.0,1,0.992,High Risk,Priority 2: 25% Comeback Voucher + Free Express Delivery
51013,0.0,Potential Loyalists,704.77,3,1,32.0,0,0.434,Medium Risk,Priority 3: Personalized Recommendation + Free Shipping
51014,23.0,Champions,14021.7,3,1,26.0,0,0.082,Low Risk,Priority 4: Standard Loyalty Reward Program
51015,5.0,Potential Loyalists,732.16,1,0,11.0,0,0.005,Low Risk,Priority 4: Standard Loyalty Reward Program
51016,17.0,Lost / Low Value,1597.7,1,1,13.0,0,0.06,Low Risk,Priority 4: Standard Loyalty Reward Program
51017,9.0,Potential Loyalists,667.76,4,0,13.0,0,0.071,Low Risk,Priority 4: Standard Loyalty Reward Program
51018,18.0,Lost / Low Value,867.3,5,1,11.0,0,0.028,Low Risk,Priority 4: Standard Loyalty Reward Program
51019,18.0,At-Risk High-Value,3164.7,5,0,32.0,0,0.092,Low Risk,Priority 4: Standard Loyalty Reward Program
51020,4.0,Potential Loyalists,843.26,5,0,8.0,0,0.16,Low Risk,Priority 4: Standard Loyalty Reward Program
51021,9.0,Potential Loyalists,806.46,3,1,18.0,0,0.082,Low Risk,Priority 4: Standard Loyalty Reward Program
51022,7.0,Champions,5668.74,1,0,16.0,0,0.013,Low Risk,Priority 4: Standard Loyalty Reward Program
51023,22.0,Lost / Low Value,726.6,5,0,31.0,0,0.051,Low Risk,Priority 4: Standard Loyalty Reward Program
51024,12.0,At-Risk High-Value,5920.14,5,0,16.0,0,0.034,Low Risk,Priority 4: Standard Loyalty Reward Program
51025,0.0,Lost / Low Value,773.63,5,0,25.0,0,0.129,Low Risk,Priority 4: Standard Loyalty Reward Program
51026,8.0,Lost / Low Value,836.44,5,0,24.0,0,0.018,Low Risk,Priority 4: Standard Loyalty Reward Program
51027,1.0,Potential Loyalists,0.0,5,0,33.0,0,0.172,Low Risk,Priority 4: Standard Loyalty Reward Program
51028,0.0,Loyal Customers,1442.87,1,0,11.0,0,0.11,Low Risk,Priority 4: Standard Loyalty Reward Program
51029,9.0,Potential Loyalists,636.29,1,1,9.0,1,0.993,High Risk,Priority 2: 25% Comeback Voucher + Free Express Delivery
51030,20.0,Potential Loyalists,1631.19,3,0,32.0,0,0.028,Low Risk,Priority 4: Standard Loyalty Reward Program
51031,12.0,Lost / Low Value,718.8,3,0,9.0,0,0.017,Low Risk,Priority 4: Standard Loyalty Reward Program
51032,13.0,At-Risk High-Value,15734.95,3,0,21.0,0,0.063,Low Risk,Priority 4: Standard Loyalty Reward Program
51033,8.0,Lost / Low Value,1556.28,3,0,14.0,0,0.002,Low Risk,Priority 4: Standard Loyalty Reward Program
51034,10.0,Potential Loyalists,867.24,3,0,25.0,0,0.006,Low Risk,Priority 4: Standard Loyalty Reward Program
51035,12.0,At-Risk High-Value,2481.93,3,0,10.0,0,0.005,Low Risk,Priority 4: Standard Loyalty Reward Program
51036,18.0,At-Risk High-Value,2602.05,1,0,8.0,0,0.007,Low Risk,Priority 4: Standard Loyalty Reward Program
51037,11.0,Potential Loyalists,976.58,3,1,8.0,0,0.053,Low Risk,Priority 4: Standard Loyalty Reward Program
51038,0.0,Champions,6700.98,5,0,16.0,1,0.945,High Risk,"Priority 1: Executive Concierge Call + ₹1,000 Credit"
51039,10.0,At-Risk High-Value,5365.36,4,0,16.0,0,0.071,Low Risk,Priority 4: Standard Loyalty Reward Program
51040,13.0,Champions,2960.92,1,1,22.0,0,0.041,Low Risk,Priority 4: Standard Loyalty Reward Program
51041,17.0,Potential Loyalists,865.86,1,1,6.0,0,0.031,Low Risk,Priority 4: Standard Loyalty Reward Program
51042,21.0,Loyal Customers,2772.22,1,0,10.0,0,0.023,Low Risk,Priority 4: Standard Loyalty Reward Program
51043,0.0,Loyal Customers,1698.4,1,1,21.0,1,0.748,High Risk,Priority 2: 25% Comeback Voucher + Free Express Delivery
51044,0.0,Potential Loyalists,756.8,1,1,8.0,0,0.283,Low Risk,Priority 4: Standard Loyalty Reward Program
51045,0.0,Potential Loyalists,743.44,3,0,14.0,0,0.165,Low Risk,Priority 4: Standard Loyalty Reward Program
51046,0.0,Potential Loyalists,691.9,1,0,14.0,0,0.161,Low Risk,Priority 4: Standard Loyalty Reward Program
51047,9.0,Potential Loyalists,669.13,5,1,13.0,1,0.992,High Risk,Priority 2: 25% Comeback Voucher + Free Express Delivery
51048,2.0,Lost / Low Value,872.8,3,0,16.0,0,0.132,Low Risk,Priority 4: Standard Loyalty Reward Program
51049,9.0,Potential Loyalists,990.44,5,0,11.0,0,0.063,Low Risk,Priority 4: Standard Loyalty Reward Program
51050,0.0,Lost / Low Value,836.33,3,0,8.0,0,0.108,Low Risk,Priority 4: Standard Loyalty Reward Program
51051,12.0,Potential Loyalists,841.22,4,0,18.0,0,0.042,Low Risk,Priority 4: Standard Loyalty Reward Program
51052,22.0,Potential Loyalists,1452.72,4,0,28.0,0,0.005,Low Risk,Priority 4: Standard Loyalty Reward Program
51053,23.0,Hibernating Big Spenders,2559.59,5,0,23.0,0,0.011,Low Risk,Priority 4: Standard Loyalty Reward Program
51054,0.0,Loyal Customers,1406.13,3,0,8.0,0,0.237,Low Risk,Priority 4: Standard Loyalty Reward Program
51055,7.0,At-Risk High-Value,5941.7,4,0,9.0,0,0.055,Low Risk,Priority 4: Standard Loyalty Reward Program
51056,9.0,Potential Loyalists,660.71,4,0,13.0,0,0.298,Low Risk,Priority 4: Standard Loyalty Reward Program
51057,22.0,Hibernating Big Spenders,2636.26,3,1,12.0,0,0.002,Low Risk,Priority 4: Standard Loyalty Reward Program
51058,9.0,Potential Loyalists,790.57,3,0,6.0,0,0.02,Low Risk,Priority 4: Standard Loyalty Reward Program
51059,9.0,Lost / Low Value,926.31,5,0,9.0,0,0.013,Low Risk,Priority 4: Standard Loyalty Reward Program
51060,27.0,At-Risk High-Value,6033.72,3,0,28.0,0,0.018,Low Risk,Priority 4: Standard Loyalty Reward Program
51061,16.0,At-Risk High-Value,9108.99,3,0,21.0,0,0.002,Low Risk,Priority 4: Standard Loyalty Reward Program
51062,0.0,At-Risk High-Value,4811.73,1,1,18.0,1,0.995,High Risk,"Priority 1: Executive Concierge Call + ₹1,000 Credit"
51063,11.0,Lost / Low Value,1620.85,1,0,6.0,0,0.017,Low Risk,Priority 4: Standard Loyalty Reward Program
51064,2.0,Lost / Low Value,780.29,4,1,11.0,0,0.036,Low Risk,Priority 4: Standard Loyalty Reward Program
51065,6.0,Lost / Low Value,852.78,1,0,8.0,0,0.009,Low Risk,Priority 4: Standard Loyalty Reward Program
51066,5.0,Lost / Low Value,850.85,4,0,8.0,0,0.012,Low Risk,Priority 4: Standard Loyalty Reward Program
51067,4.0,Potential Loyalists,851.18,1,0,11.0,0,0.014,Low Risk,Priority 4: Standard Loyalty Reward Program
51068,22.0,Loyal Customers,1384.57,5,1,14.0,0,0.11,Low Risk,Priority 4: Standard Loyalty Reward Program
51069,11.0,Champions,2052.6,4,0,14.0,0,0.033,Low Risk,Priority 4: Standard Loyalty Reward Program
51070,20.0,Loyal Customers,2856.92,4,0,8.0,0,0.015,Low Risk,Priority 4: Standard Loyalty Reward Program
51071,22.0,Loyal Customers,2791.69,3,0,6.0,0,0.005,Low Risk,Priority 4: Standard Loyalty Reward Program
51072,14.0,Potential Loyalists,939.51,3,1,29.0,0,0.231,Low Risk,Priority 4: Standard Loyalty Reward Program
51073,0.0,Potential Loyalists,700.04,5,0,15.0,0,0.212,Low Risk,Priority 4: Standard Loyalty Reward Program
51074,6.0,Potential Loyalists,845.24,1,1,22.0,0,0.046,Low Risk,Priority 4: Standard Loyalty Reward Program
51075,9.0,Potential Loyalists,844.08,3,0,32.0,0,0.016,Low Risk,Priority 4: Standard Loyalty Reward Program
51076,17.0,Loyal Customers,1451.45,1,1,6.0,0,0.06,Low Risk,Priority 4: Standard Loyalty Reward Program
51077,0.0,Potential Loyalists,769.4,3,1,14.0,1,0.987,High Risk,Priority 2: 25% Comeback Voucher + Free Express Delivery
51078,11.0,Potential Loyalists,731.83,3,0,10.0,0,0.035,Low Risk,Priority 4: Standard Loyalty Reward Program
51079,26.0,Potential Loyalists,935.28,1,0,30.0,0,0.013,Low Risk,Priority 4: Standard Loyalty Reward Program
51080,11.0,At-Risk High-Value,4872.18,3,1,14.0,1,0.966,High Risk,"Priority 1: Executive Concierge Call + ₹1,000 Credit"
51081,9.0,Potential Loyalists,626.62,4,0,8.0,1,0.98,High Risk,Priority 2: 25% Comeback Voucher + Free Express Delivery
51082,0.0,At-Risk High-Value,3456.75,1,0,14.0,0,0.109,Low Risk,Priority 4: Standard Loyalty Reward Program
51083,28.0,Potential Loyalists,744.54,4,0,28.0,0,0.027,Low Risk,Priority 4: Standard Loyalty Reward Program
51084,7.0,At-Risk High-Value,3076.92,1,0,11.0,0,0.006,Low Risk,Priority 4: Standard Loyalty Reward Program
51085,30.0,Potential Loyalists,1148.56,1,0,6.0,0,0.018,Low Risk,Priority 4: Standard Loyalty Reward Program
51086,9.0,Lost / Low Value,1323.08,4,0,27.0,0,0.026,Low Risk,Priority 4: Standard Loyalty Reward Program
51087,10.0,Potential Loyalists,1073.88,1,0,6.0,0,0.026,Low Risk,Priority 4: Standard Loyalty Reward Program
51088,7.0,At-Risk High-Value,5688.76,1,0,25.0,0,0.032,Low Risk,Priority 4: Standard Loyalty Reward Program
51089,9.0,Potential Loyalists,675.12,1,1,13.0,1,0.964,High Risk,Priority 2: 25% Comeback Voucher + Free Express Delivery
51090,17.0,At-Risk High-Value,5900.07,1,1,8.0,0,0.012,Low Risk,Priority 4: Standard Loyalty Reward Program
51091,8.0,Lost / Low Value,821.15,1,1,8.0,0,0.057,Low Risk,Priority 4: Standard Loyalty Reward Program
51092,16.0,At-Risk High-Value,7852.68,1,1,8.0,0,0.041,Low Risk,Priority 4: Standard Loyalty Reward Program
51093,0.0,Lost / Low Value,792.06,3,0,15.0,0,0.075,Low Risk,Priority 4: Standard Loyalty Reward Program
51094,14.0,At-Risk High-Value,8466.04,3,0,12.0,0,0.158,Low Risk,Priority 4: Standard Loyalty Reward Program
51095,2.0,Potential Loyalists,713.57,3,0,15.0,0,0.046,Low Risk,Priority 4: Standard Loyalty Reward Program
51096,9.0,At-Risk High-Value,4785.66,1,0,8.0,0,0.073,Low Risk,Priority 4: Standard Loyalty Reward Program
51097,18.0,At-Risk High-Value,15975.96,3,0,6.0,0,0.021,Low Risk,Priority 4: Standard Loyalty Reward Program
51098,9.0,Potential Loyalists,635.52,3,0,28.0,1,0.991,High Risk,Priority 2: 25% Comeback Voucher + Free Express Delivery
51099,10.0,Champions,17660.72,3,0,15.0,1,0.949,High Risk,"Priority 1: Executive Concierge Call + ₹1,000 Credit"
51100,9.0,Potential Loyalists,676.78,3,0,23.0,0,0.037,Low Risk,Priority 4: Standard Loyalty Reward Program
51101,18.0,At-Risk High-Value,11749.76,4,0,34.0,0,0.015,Low Risk,Priority 4: Standard Loyalty Reward Program
51102,5.0,Potential Loyalists,738.82,3,0,16.0,0,0.086,Low Risk,Priority 4: Standard Loyalty Reward Program
51103,4.0,Potential Loyalists,741.24,3,0,8.0,0,0.016,Low Risk,Priority 4: Standard Loyalty Reward Program
51104,14.0,Potential Loyalists,903.65,4,0,10.0,0,0.011,Low Risk,Priority 4: Standard Loyalty Reward Program
51105,13.0,Potential Loyalists,908.38,5,1,14.0,0,0.025,Low Risk,Priority 4: Standard Loyalty Reward Program
51106,0.0,Potential Loyalists,764.88,5,0,35.0,0,0.169,Low Risk,Priority 4: Standard Loyalty Reward Program
51107,19.0,Lost / Low Value,855.91,4,0,19.0,0,0.003,Low Risk,Priority 4: Standard Loyalty Reward Program
51108,8.0,Lost / Low Value,928.56,3,0,33.0,0,0.015,Low Risk,Priority 4: Standard Loyalty Reward Program
51109,3.0,Lost / Low Value,707.41,1,0,22.0,0,0.026,Low Risk,Priority 4: Standard Loyalty Reward Program
51110,20.0,Potential Loyalists,823.79,4,0,8.0,0,0.084,Low Risk,Priority 4: Standard Loyalty Reward Program
51111,19.0,Potential Loyalists,1120.24,1,1,8.0,0,0.059,Low Risk,Priority 4: Standard Loyalty Reward Program
51112,0.0,Loyal Customers,1774.74,5,1,19.0,1,0.966,High Risk,Priority 2: 25% Comeback Voucher + Free Express Delivery
51113,0.0,Potential Loyalists,920.42,4,0,6.0,1,0.988,High Risk,Priority 2: 25% Comeback Voucher + Free Express Delivery
51114,0.0,Potential Loyalists,731.22,4,0,10.0,0,0.4,Medium Risk,Priority 3: Personalized Recommendation + Free Shipping
51115,4.0,Lost / Low Value,838.09,1,0,30.0,0,0.028,Low Risk,Priority 4: Standard Loyalty Reward Program
51116,12.0,At-Risk High-Value,4529.8,1,1,6.0,0,0.003,Low Risk,Priority 4: Standard Loyalty Reward Program
51117,5.0,Potential Loyalists,1078.55,3,0,25.0,0,0.038,Low Risk,Priority 4: Standard Loyalty Reward Program
51118,13.0,At-Risk High-Value,19689.78,4,0,13.0,0,0.046,Low Risk,Priority 4: Standard Loyalty Reward Program
51119,18.0,Potential Loyalists,1086.58,3,0,10.0,0,0.026,Low Risk,Priority 4: Standard Loyalty Reward Program
51120,3.0,Lost / Low Value,823.24,5,0,8.0,0,0.046,Low Risk,Priority 4: Standard Loyalty Reward Program
51121,9.0,Loyal Customers,1335.95,1,0,16.0,0,0.078,Low Risk,Priority 4: Standard Loyalty Reward Program
51122,9.0,Potential Loyalists,669.9,1,0,14.0,1,0.987,High Risk,Priority 2: 25% Comeback Voucher + Free Express Delivery
51123,4.0,Potential Loyalists,1009.03,3,0,11.0,0,0.016,Low Risk,Priority 4: Standard Loyalty Reward Program
51124,0.0,Lost / Low Value,739.47,1,0,14.0,0,0.166,Low Risk,Priority 4: Standard Loyalty Reward Program
51125,0.0,Loyal Customers,1403.6,4,0,15.0,1,0.971,High Risk,Priority 2: 25% Comeback Voucher + Free Express Delivery
51126,2.0,Potential Loyalists,896.17,3,1,6.0,0,0.11,Low Risk,Priority 4: Standard Loyalty Reward Program
51127,3.0,Lost / Low Value,942.7,5,0,21.0,0,0.062,Low Risk,Priority 4: Standard Loyalty Reward Program
51128,7.0,Potential Loyalists,711.26,1,1,8.0,0,0.065,Low Risk,Priority 4: Standard Loyalty Reward Program
51129,6.0,Lost / Low Value,833.08,4,0,8.0,0,0.066,Low Risk,Priority 4: Standard Loyalty Reward Program
51130,22.0,Lost / Low Value,797.88,1,0,17.0,0,0.038,Low Risk,Priority 4: Standard Loyalty Reward Program
51131,0.0,Potential Loyalists,1021.02,5,1,22.0,1,0.989,High Risk,Priority 2: 25% Comeback Voucher + Free Express Delivery
51132,11.0,Lost / Low Value,685.74,4,0,14.0,0,0.039,Low Risk,Priority 4: Standard Loyalty Reward Program
51133,0.0,Potential Loyalists,998.86,3,0,22.0,1,0.941,High Risk,Priority 2: 25% Comeback Voucher + Free Express Delivery
51134,9.0,Potential Loyalists,666.0,5,0,10.0,0,0.226,Low Risk,Priority 4: Standard Loyalty Reward Program
51135,0.0,Lost / Low Value,841.17,3,0,22.0,0,0.238,Low Risk,Priority 4: Standard Loyalty Reward Program
51136,5.0,Lost / Low Value,699.49,4,0,11.0,0,0.039,Low Risk,Priority 4: Standard Loyalty Reward Program
51137,11.0,Potential Loyalists,869.6,1,1,24.0,0,0.029,Low Risk,Priority 4: Standard Loyalty Reward Program
51138,6.0,Potential Loyalists,684.04,3,1,14.0,1,0.993,High Risk,Priority 2: 25% Comeback Voucher + Free Express Delivery
51139,15.0,Lost / Low Value,702.13,4,0,18.0,0,0.014,Low Risk,Priority 4: Standard Loyalty Reward Program
51140,28.0,Potential Loyalists,1597.09,5,0,8.0,0,0.019,Low Risk,Priority 4: Standard Loyalty Reward Program
51141,6.0,Lost / Low Value,718.03,4,0,10.0,0,0.02,Low Risk,Priority 4: Standard Loyalty Reward Program
51142,9.0,Lost / Low Value,675.9,5,0,15.0,0,0.067,Low Risk,Priority 4: Standard Loyalty Reward Program
51143,7.0,Lost / Low Value,770.06,3,1,16.0,0,0.046,Low Risk,Priority 4: Standard Loyalty Reward Program
51144,26.0,Potential Loyalists,1263.08,3,1,6.0,0,0.016,Low Risk,Priority 4: Standard Loyalty Reward Program
51145,16.0,Lost / Low Value,744.64,1,0,8.0,0,0.035,Low Risk,Priority 4: Standard Loyalty Reward Program
51146,7.0,Loyal Customers,1763.19,1,0,9.0,0,0.046,Low Risk,Priority 4: Standard Loyalty Reward Program
51147,0.0,Potential Loyalists,697.34,4,0,13.0,1,0.965,High Risk,Priority 2: 25% Comeback Voucher + Free Express Delivery
51148,11.0,Lost / Low Value,753.61,3,0,12.0,0,0.013,Low Risk,Priority 4: Standard Loyalty Reward Program
51149,0.0,Potential Loyalists,681.89,5,1,14.0,1,0.997,High Risk,Priority 2: 25% Comeback Voucher + Free Express Delivery
51150,4.0,At-Risk High-Value,4253.7,1,0,35.0,0,0.011,Low Risk,Priority 4: Standard Loyalty Reward Program
51151,24.0,Loyal Customers,2542.76,3,0,9.0,0,0.028,Low Risk,Priority 4: Standard Loyalty Reward Program
51152,10.0,Potential Loyalists,780.4,4,0,15.0,0,0.037,Low Risk,Priority 4: Standard Loyalty Reward Program
51153,19.0,Loyal Customers,3226.08,1,1,8.0,0,0.054,Low Risk,Priority 4: Standard Loyalty Reward Program
51154,9.0,At-Risk High-Value,5038.28,5,1,16.0,0,0.173,Low Risk,Priority 4: Standard Loyalty Reward Program
51155,7.0,Loyal Customers,1357.62,4,1,14.0,1,0.962,High Risk,Priority 2: 25% Comeback Voucher + Free Express Delivery
51156,10.0,At-Risk High-Value,3095.62,4,0,14.0,0,0.026,Low Risk,Priority 4: Standard Loyalty Reward Program
51157,0.0,At-Risk High-Value,6088.0,1,1,33.0,1,0.91,High Risk,"Priority 1: Executive Concierge Call + ₹1,000 Credit"
51158,6.0,At-Risk High-Value,5060.06,5,0,14.0,0,0.069,Low Risk,Priority 4: Standard Loyalty Reward Program
51159,9.0,Potential Loyalists,662.42,1,0,6.0,0,0.159,Low Risk,Priority 4: Standard Loyalty Reward Program
51160,12.0,Loyal Customers,2581.04,3,0,16.0,0,0.04,Low Risk,Priority 4: Standard Loyalty Reward Program
51161,19.0,Loyal Customers,1979.01,4,0,32.0,0,0.069,Low Risk,Priority 4: Standard Loyalty Reward Program
51162,13.0,Potential Loyalists,735.74,5,0,8.0,0,0.026,Low Risk,Priority 4: Standard Loyalty Reward Program
51163,15.0,Potential Loyalists,854.59,5,0,19.0,0,0.038,Low Risk,Priority 4: Standard Loyalty Reward Program
51164,8.0,Lost / Low Value,866.91,1,0,8.0,0,0.01,Low Risk,Priority 4: Standard Loyalty Reward Program
51165,11.0,At-Risk High-Value,2077.68,4,0,14.0,0,0.041,Low Risk,Priority 4: Standard Loyalty Reward Program
51166,0.0,Lost / Low Value,844.03,5,0,15.0,1,0.988,High Risk,Priority 2: 25% Comeback Voucher + Free Express Delivery
51167,0.0,Lost / Low Value,781.71,5,0,16.0,1,0.988,High Risk,Priority 2: 25% Comeback Voucher + Free Express Delivery
51168,12.0,Loyal Customers,1553.97,1,0,26.0,0,0.02,Low Risk,Priority 4: Standard Loyalty Reward Program
51169,16.0,Potential Loyalists,684.09,3,0,14.0,0,0.189,Low Risk,Priority 4: Standard Loyalty Reward Program
51170,14.0,Potential Loyalists,927.85,4,0,11.0,0,0.005,Low Risk,Priority 4: Standard Loyalty Reward Program
51171,14.0,At-Risk High-Value,14619.6,3,1,10.0,0,0.097,Low Risk,Priority 4: Standard Loyalty Reward Program
51172,3.0,Potential Loyalists,1081.68,3,0,16.0,0,0.078,Low Risk,Priority 4: Standard Loyalty Reward Program
51173,9.0,Lost / Low Value,668.14,4,1,26.0,1,0.946,High Risk,Priority 2: 25% Comeback Voucher + Free Express Delivery
51174,9.0,At-Risk High-Value,3122.79,4,0,27.0,1,0.83,High Risk,"Priority 1: Executive Concierge Call + ₹1,000 Credit"
51175,13.0,Potential Loyalists,908.21,1,0,6.0,0,0.007,Low Risk,Priority 4: Standard Loyalty Reward Program
51176,7.0,At-Risk High-Value,3695.78,3,0,14.0,0,0.008,Low Risk,Priority 4: Standard Loyalty Reward Program
51177,30.0,At-Risk High-Value,0.0,4,0,8.0,0,0.115,Low Risk,Priority 4: Standard Loyalty Reward Program
51178,8.0,Potential Loyalists,698.78,3,0,29.0,0,0.026,Low Risk,Priority 4: Standard Loyalty Reward Program
51179,20.0,At-Risk High-Value,15656.41,4,1,10.0,0,0.103,Low Risk,Priority 4: Standard Loyalty Reward Program
51180,13.0,At-Risk High-Value,5562.48,5,0,18.0,0,0.094,Low Risk,Priority 4: Standard Loyalty Reward Program
51181,27.0,Lost / Low Value,926.97,1,0,13.0,0,0.017,Low Risk,Priority 4: Standard Loyalty Reward Program
51182,4.0,Loyal Customers,2160.07,5,0,13.0,0,0.019,Low Risk,Priority 4: Standard Loyalty Reward Program
51183,1.0,Potential Loyalists,747.5,5,0,6.0,0,0.076,Low Risk,Priority 4: Standard Loyalty Reward Program
51184,11.0,Potential Loyalists,847.28,1,1,8.0,0,0.055,Low Risk,Priority 4: Standard Loyalty Reward Program
51185,0.0,Potential Loyalists,807.62,1,0,16.0,0,0.077,Low Risk,Priority 4: Standard Loyalty Reward Program
51186,30.0,Loyal Customers,2836.57,3,1,21.0,0,0.01,Low Risk,Priority 4: Standard Loyalty Reward Program
51187,9.0,Potential Loyalists,633.27,3,0,20.0,0,0.192,Low Risk,Priority 4: Standard Loyalty Reward Program
51188,0.0,Potential Loyalists,712.58,5,0,24.0,1,0.987,High Risk,Priority 2: 25% Comeback Voucher + Free Express Delivery
51189,0.0,Loyal Customers,1356.85,5,1,14.0,1,0.989,High Risk,Priority 2: 25% Comeback Voucher + Free Express Delivery
51190,18.0,At-Risk High-Value,4167.35,3,0,8.0,0,0.025,Low Risk,Priority 4: Standard Loyalty Reward Program
51191,9.0,Potential Loyalists,932.91,4,1,8.0,0,0.061,Low Risk,Priority 4: Standard Loyalty Reward Program
51192,16.0,At-Risk High-Value,6034.88,1,0,8.0,0,0.017,Low Risk,Priority 4: Standard Loyalty Reward Program
51193,0.0,Potential Loyalists,680.84,1,1,14.0,0,0.224,Low Risk,Priority 4: Standard Loyalty Reward Program
51194,2.0,At-Risk High-Value,2278.98,1,0,26.0,0,0.041,Low Risk,Priority 4: Standard Loyalty Reward Program
51195,5.0,Potential Loyalists,805.64,1,0,16.0,0,0.07,Low Risk,Priority 4: Standard Loyalty Reward Program
51196,15.0,Champions,2134.44,3,0,16.0,0,0.011,Low Risk,Priority 4: Standard Loyalty Reward Program
51197,9.0,Loyal Customers,1331.55,3,0,15.0,0,0.13,Low Risk,Priority 4: Standard Loyalty Reward Program
51198,19.0,At-Risk High-Value,4087.16,1,0,8.0,0,0.022,Low Risk,Priority 4: Standard Loyalty Reward Program
51199,1.0,Loyal Customers,1397.66,1,0,6.0,0,0.187,Low Risk,Priority 4: Standard Loyalty Reward Program
51200,2.0,Lost / Low Value,901.12,3,0,35.0,0,0.065,Low Risk,Priority 4: Standard Loyalty Reward Program
51201,15.0,Potential Loyalists,768.24,3,0,14.0,0,0.127,Low Risk,Priority 4: Standard Loyalty Reward Program
51202,0.0,Loyal Customers,2189.77,4,1,8.0,1,1.0,High Risk,Priority 2: 25% Comeback Voucher + Free Express Delivery
51203,19.0,Hibernating Big Spenders,2554.75,5,0,9.0,0,0.0,Low Risk,Priority 4: Standard Loyalty Reward Program
51204,0.0,At-Risk High-Value,3723.5,3,0,29.0,0,0.111,Low Risk,Priority 4: Standard Loyalty Reward Program
51205,2.0,Potential Loyalists,704.22,4,0,12.0,0,0.046,Low Risk,Priority 4: Standard Loyalty Reward Program
51206,16.0,At-Risk High-Value,9699.36,3,0,12.0,0,0.067,Low Risk,Priority 4: Standard Loyalty Reward Program
51207,21.0,At-Risk High-Value,19578.9,4,0,16.0,0,0.011,Low Risk,Priority 4: Standard Loyalty Reward Program
51208,0.0,Potential Loyalists,684.14,1,1,14.0,1,0.998,High Risk,Priority 2: 25% Comeback Voucher + Free Express Delivery
51209,9.0,Lost / Low Value,952.27,4,0,16.0,1,0.84,High Risk,Priority 2: 25% Comeback Voucher + Free Express Delivery
51210,0.0,Champions,5687.99,5,0,21.0,0,0.101,Low Risk,Priority 4: Standard Loyalty Reward Program
51211,12.0,Loyal Customers,1529.22,1,0,25.0,0,0.016,Low Risk,Priority 4: Standard Loyalty Reward Program
51212,28.0,Lost / Low Value,696.41,1,0,8.0,0,0.008,Low Risk,Priority 4: Standard Loyalty Reward Program
51213,1.0,Potential Loyalists,707.08,4,0,9.0,0,0.263,Low Risk,Priority 4: Standard Loyalty Reward Program
51214,0.0,Potential Loyalists,609.46,1,0,15.0,1,0.966,High Risk,Priority 2: 25% Comeback Voucher + Free Express Delivery
51215,0.0,Potential Loyalists,685.96,4,1,14.0,1,0.995,High Risk,Priority 2: 25% Comeback Voucher + Free Express Delivery
51216,9.0,Lost / Low Value,862.02,3,1,16.0,0,0.02,Low Risk,Priority 4: Standard Loyalty Reward Program
51217,4.0,Potential Loyalists,780.84,3,0,26.0,0,0.02,Low Risk,Priority 4: Standard Loyalty Reward Program
51218,7.0,Potential Loyalists,1084.21,1,1,10.0,0,0.039,Low Risk,Priority 4: Standard Loyalty Reward Program
51219,9.0,Potential Loyalists,663.41,5,0,13.0,0,0.308,Medium Risk,Priority 3: Personalized Recommendation + Free Shipping
51220,10.0,Lost / Low Value,785.62,5,1,13.0,0,0.033,Low Risk,Priority 4: Standard Loyalty Reward Program
51221,8.0,Potential Loyalists,813.34,4,1,22.0,0,0.026,Low Risk,Priority 4: Standard Loyalty Reward Program
51222,18.0,At-Risk High-Value,2624.49,1,0,31.0,0,0.011,Low Risk,Priority 4: Standard Loyalty Reward Program
51223,9.0,Lost / Low Value,763.73,1,0,8.0,0,0.006,Low Risk,Priority 4: Standard Loyalty Reward Program
51224,13.0,At-Risk High-Value,16227.92,5,0,6.0,0,0.022,Low Risk,Priority 4: Standard Loyalty Reward Program
51225,0.0,Potential Loyalists,711.32,3,1,6.0,0,0.325,Medium Risk,Priority 3: Personalized Recommendation + Free Shipping
51226,0.0,Lost / Low Value,907.5,3,0,8.0,0,0.035,Low Risk,Priority 4: Standard Loyalty Reward Program
51227,21.0,At-Risk High-Value,5978.28,1,0,28.0,0,0.037,Low Risk,Priority 4: Standard Loyalty Reward Program
51228,17.0,Loyal Customers,1653.63,5,0,6.0,0,0.017,Low Risk,Priority 4: Standard Loyalty Reward Program
51229,9.0,Champions,2030.66,5,1,22.0,1,0.999,High Risk,"Priority 1: Executive Concierge Call + ₹1,000 Credit"
51230,19.0,Potential Loyalists,692.29,1,0,14.0,1,0.951,High Risk,Priority 2: 25% Comeback Voucher + Free Express Delivery
51231,9.0,Potential Loyalists,852.88,4,0,23.0,0,0.014,Low Risk,Priority 4: Standard Loyalty Reward Program
51232,14.0,Lost / Low Value,791.62,4,0,14.0,0,0.036,Low Risk,Priority 4: Standard Loyalty Reward Program
51233,15.0,Hibernating Big Spenders,2568.28,5,0,12.0,0,0.046,Low Risk,Priority 4: Standard Loyalty Reward Program
51234,4.0,Lost / Low Value,912.06,1,1,16.0,0,0.027,Low Risk,Priority 4: Standard Loyalty Reward Program
51235,7.0,Potential Loyalists,995.66,1,1,9.0,0,0.046,Low Risk,Priority 4: Standard Loyalty Reward Program
51236,4.0,Loyal Customers,1537.58,3,0,10.0,0,0.039,Low Risk,Priority 4: Standard Loyalty Reward Program
51237,0.0,At-Risk High-Value,4829.44,1,0,14.0,0,0.046,Low Risk,Priority 4: Standard Loyalty Reward Program
51238,18.0,Potential Loyalists,846.94,3,0,6.0,0,0.035,Low Risk,Priority 4: Standard Loyalty Reward Program
51239,6.0,Lost / Low Value,851.79,3,0,16.0,0,0.028,Low Risk,Priority 4: Standard Loyalty Reward Program
51240,1.0,Lost / Low Value,925.87,1,1,6.0,0,0.113,Low Risk,Priority 4: Standard Loyalty Reward Program
51241,0.0,Potential Loyalists,610.0,5,0,30.0,1,0.997,High Risk,Priority 2: 25% Comeback Voucher + Free Express Delivery
51242,12.0,Potential Loyalists,865.48,3,0,27.0,0,0.075,Low Risk,Priority 4: Standard Loyalty Reward Program
51243,9.0,Potential Loyalists,672.43,4,0,8.0,0,0.103,Low Risk,Priority 4: Standard Loyalty Reward Program
51244,7.0,At-Risk High-Value,5196.51,1,1,28.0,0,0.031,Low Risk,Priority 4: Standard Loyalty Reward Program
51245,0.0,Loyal Customers,2183.94,3,1,19.0,1,0.999,High Risk,Priority 2: 25% Comeback Voucher + Free Express Delivery
51246,20.0,Lost / Low Value,850.68,4,0,20.0,0,0.006,Low Risk,Priority 4: Standard Loyalty Reward Program
51247,29.0,Potential Loyalists,845.9,5,0,17.0,0,0.051,Low Risk,Priority 4: Standard Loyalty Reward Program
51248,12.0,At-Risk High-Value,5833.13,5,0,15.0,0,0.036,Low Risk,Priority 4: Standard Loyalty Reward Program
51249,9.0,Lost / Low Value,667.32,4,1,14.0,0,0.109,Low Risk,Priority 4: Standard Loyalty Reward Program
51250,30.0,Potential Loyalists,1533.12,1,1,27.0,0,0.026,Low Risk,Priority 4: Standard Loyalty Reward Program
51251,0.0,Potential Loyalists,683.76,3,1,14.0,1,0.972,High Risk,Priority 2: 25% Comeback Voucher + Free Express Delivery
51252,11.0,Potential Loyalists,812.41,1,0,15.0,0,0.011,Low Risk,Priority 4: Standard Loyalty Reward Program
51253,22.0,Champions,6415.42,1,0,8.0,0,0.001,Low Risk,Priority 4: Standard Loyalty Reward Program
51254,15.0,Potential Loyalists,829.79,1,1,18.0,0,0.073,Low Risk,Priority 4: Standard Loyalty Reward Program
51255,0.0,Potential Loyalists,707.46,4,0,28.0,1,0.991,High Risk,Priority 2: 25% Comeback Voucher + Free Express Delivery
51256,8.0,Lost / Low Value,0.0,5,0,24.0,0,0.19,Low Risk,Priority 4: Standard Loyalty Reward Program
51257,9.0,Lost / Low Value,667.92,3,0,22.0,0,0.044,Low Risk,Priority 4: Standard Loyalty Reward Program
51258,4.0,Loyal Customers,1437.15,5,1,9.0,0,0.45,Medium Risk,Priority 3: Personalized Recommendation + Free Shipping
51259,9.0,Potential Loyalists,704.55,4,0,15.0,0,0.023,Low Risk,Priority 4: Standard Loyalty Reward Program
51260,7.0,Loyal Customers,2187.68,1,0,6.0,0,0.051,Low Risk,Priority 4: Standard Loyalty Reward Program
51261,7.0,Potential Loyalists,1024.54,3,0,19.0,0,0.062,Low Risk,Priority 4: Standard Loyalty Reward Program
51262,0.0,At-Risk High-Value,4953.8,5,0,6.0,0,0.26,Low Risk,Priority 4: Standard Loyalty Reward Program
51263,2.0,Potential Loyalists,845.52,5,0,6.0,0,0.031,Low Risk,Priority 4: Standard Loyalty Reward Program
51264,5.0,Potential Loyalists,916.68,1,0,21.0,0,0.021,Low Risk,Priority 4: Standard Loyalty Reward Program
51265,4.0,At-Risk High-Value,6601.32,5,0,6.0,0,0.022,Low Risk,Priority 4: Standard Loyalty Reward Program
51266,0.0,Potential Loyalists,680.18,1,0,14.0,1,0.987,High Risk,Priority 2: 25% Comeback Voucher + Free Express Delivery
51267,11.0,Potential Loyalists,707.19,5,0,6.0,0,0.1,Low Risk,Priority 4: Standard Loyalty Reward Program
51268,8.0,Lost / Low Value,836.22,1,1,13.0,0,0.005,Low Risk,Priority 4: Standard Loyalty Reward Program
51269,0.0,Lost / Low Value,775.78,1,0,15.0,0,0.095,Low Risk,Priority 4: Standard Loyalty Reward Program
51270,5.0,Potential Loyalists,1082.34,1,0,11.0,0,0.047,Low Risk,Priority 4: Standard Loyalty Reward Program
51271,0.0,Lost / Low Value,858.94,1,1,32.0,1,0.953,High Risk,Priority 2: 25% Comeback Voucher + Free Express Delivery
51272,16.0,Loyal Customers,2249.28,5,1,30.0,1,0.986,High Risk,Priority 2: 25% Comeback Voucher + Free Express Delivery
51273,27.0,Loyal Customers,1418.67,3,0,15.0,0,0.028,Low Risk,Priority 4: Standard Loyalty Reward Program
51274,6.0,Lost / Low Value,1756.48,3,0,13.0,0,0.0,Low Risk,Priority 4: Standard Loyalty Reward Program
51275,16.0,Lost / Low Value,963.05,3,0,17.0,0,0.023,Low Risk,Priority 4: Standard Loyalty Reward Program
51276,11.0,Potential Loyalists,714.5,4,1,6.0,0,0.077,Low Risk,Priority 4: Standard Loyalty Reward Program
51277,28.0,Lost / Low Value,1629.98,4,1,32.0,0,0.02,Low Risk,Priority 4: Standard Loyalty Reward Program
51278,4.0,Potential Loyalists,612.1,1,1,8.0,0,0.611,High Risk,Priority 2: 25% Comeback Voucher + Free Express Delivery
51279,12.0,Hibernating Big Spenders,2567.51,5,0,21.0,0,0.044,Low Risk,Priority 4: Standard Loyalty Reward Program
51280,15.0,At-Risk High-Value,2364.78,3,0,29.0,0,0.02,Low Risk,Priority 4: Standard Loyalty Reward Program
51281,4.0,Champions,4626.82,3,0,16.0,0,0.074,Low Risk,Priority 4: Standard Loyalty Reward Program
51282,27.0,Lost / Low Value,794.2,5,1,16.0,0,0.025,Low Risk,Priority 4: Standard Loyalty Reward Program
51283,0.0,Potential Loyalists,803.94,3,0,6.0,0,0.09,Low Risk,Priority 4: Standard Loyalty Reward Program
51284,0.0,Lost / Low Value,695.58,1,0,14.0,0,0.155,Low Risk,Priority 4: Standard Loyalty Reward Program
51285,13.0,At-Risk High-Value,8079.88,3,0,17.0,0,0.027,Low Risk,Priority 4: Standard Loyalty Reward Program
51286,13.0,At-Risk High-Value,4311.18,4,0,8.0,0,0.012,Low Risk,Priority 4: Standard Loyalty Reward Program
51287,9.0,Potential Loyalists,670.29,4,0,8.0,0,0.101,Low Risk,Priority 4: Standard Loyalty Reward Program
51288,3.0,Lost / Low Value,756.14,4,0,6.0,0,0.012,Low Risk,Priority 4: Standard Loyalty Reward Program
51289,0.0,Potential Loyalists,768.74,3,1,8.0,0,0.255,Low Risk,Priority 4: Standard Loyalty Reward Program
51290,20.0,At-Risk High-Value,12297.78,3,0,31.0,0,0.071,Low Risk,Priority 4: Standard Loyalty Reward Program
51291,9.0,Potential Loyalists,660.44,3,0,6.0,0,0.107,Low Risk,Priority 4: Standard Loyalty Reward Program
51292,11.0,At-Risk High-Value,3971.0,4,0,6.0,0,0.02,Low Risk,Priority 4: Standard Loyalty Reward Program
51293,4.0,Potential Loyalists,718.68,3,0,8.0,0,0.028,Low Risk,Priority 4: Standard Loyalty Reward Program
51294,11.0,At-Risk High-Value,5898.59,3,0,12.0,0,0.023,Low Risk,Priority 4: Standard Loyalty Reward Program
51295,15.0,Potential Loyalists,847.55,5,1,24.0,0,0.027,Low Risk,Priority 4: Standard Loyalty Reward Program
51296,14.0,Potential Loyalists,703.01,1,0,6.0,0,0.035,Low Risk,Priority 4: Standard Loyalty Reward Program
51297,20.0,Champions,6038.18,4,0,6.0,0,0.042,Low Risk,Priority 4: Standard Loyalty Reward Program
51298,8.0,Loyal Customers,1392.6,3,1,17.0,0,0.448,Medium Risk,Priority 3: Personalized Recommendation + Free Shipping
51299,0.0,Potential Loyalists,735.62,3,0,6.0,0,0.235,Low Risk,Priority 4: Standard Loyalty Reward Program
51300,8.0,Lost / Low Value,830.39,3,0,15.0,0,0.014,Low Risk,Priority 4: Standard Loyalty Reward Program
51301,6.0,Loyal Customers,528.0,1,1,21.0,0,0.158,Low Risk,Priority 4: Standard Loyalty Reward Program
51302,5.0,Champions,2824.14,4,0,35.0,0,0.194,Low Risk,Priority 4: Standard Loyalty Reward Program
51303,13.0,Potential Loyalists,682.33,1,0,14.0,0,0.07,Low Risk,Priority 4: Standard Loyalty Reward Program
51304,9.0,Loyal Customers,1349.59,4,0,6.0,0,0.022,Low Risk,Priority 4: Standard Loyalty Reward Program
51305,12.0,Lost / Low Value,775.94,1,0,30.0,0,0.006,Low Risk,Priority 4: Standard Loyalty Reward Program
51306,11.0,Hibernating Big Spenders,2552.66,3,0,16.0,0,0.064,Low Risk,Priority 4: Standard Loyalty Reward Program
51307,5.0,At-Risk High-Value,5616.05,1,0,6.0,0,0.06,Low Risk,Priority 4: Standard Loyalty Reward Program
51308,10.0,Hibernating Big Spenders,2611.84,1,1,16.0,0,0.019,Low Risk,Priority 4: Standard Loyalty Reward Program
51309,0.0,Lost / Low Value,819.88,3,1,14.0,0,0.172,Low Risk,Priority 4: Standard Loyalty Reward Program
51310,25.0,Potential Loyalists,741.51,1,0,126.0,0,0.09,Low Risk,Priority 4: Standard Loyalty Reward Program
51311,17.0,Potential Loyalists,683.98,1,1,14.0,0,0.056,Low Risk,Priority 4: Standard Loyalty Reward Program
51312,0.0,Potential Loyalists,680.9,5,1,14.0,0,0.481,Medium Risk,Priority 3: Personalized Recommendation + Free Shipping
51313,12.0,Potential Loyalists,1618.7,1,0,15.0,0,0.117,Low Risk,Priority 4: Standard Loyalty Reward Program
51314,9.0,Potential Loyalists,648.45,5,0,15.0,1,0.997,High Risk,Priority 2: 25% Comeback Voucher + Free Express Delivery
51315,9.0,At-Risk High-Value,2911.26,1,0,9.0,0,0.108,Low Risk,Priority 4: Standard Loyalty Reward Program
51316,9.0,Potential Loyalists,832.2,4,0,10.0,0,0.032,Low Risk,Priority 4: Standard Loyalty Reward Program
51317,29.0,Lost / Low Value,896.83,3,0,6.0,0,0.001,Low Risk,Priority 4: Standard Loyalty Reward Program
51318,0.0,Loyal Customers,1626.57,1,1,6.0,1,0.8,High Risk,Priority 2: 25% Comeback Voucher + Free Express Delivery
51319,15.0,At-Risk High-Value,6353.6,3,0,8.0,0,0.033,Low Risk,Priority 4: Standard Loyalty Reward Program
51320,19.0,At-Risk High-Value,6107.8,3,0,14.0,1,0.994,High Risk,"Priority 1: Executive Concierge Call + ₹1,000 Credit"
51321,14.0,Hibernating Big Spenders,2592.7,4,0,34.0,0,0.019,Low Risk,Priority 4: Standard Loyalty Reward Program
51322,7.0,Lost / Low Value,919.16,3,0,34.0,0,0.026,Low Risk,Priority 4: Standard Loyalty Reward Program
51323,9.0,At-Risk High-Value,9320.63,1,0,21.0,0,0.005,Low Risk,Priority 4: Standard Loyalty Reward Program
51324,14.0,Lost / Low Value,1041.59,4,0,9.0,0,0.032,Low Risk,Priority 4: Standard Loyalty Reward Program
51325,5.0,Potential Loyalists,684.14,5,0,14.0,0,0.125,Low Risk,Priority 4: Standard Loyalty Reward Program
51326,8.0,Lost / Low Value,1036.04,1,1,32.0,0,0.023,Low Risk,Priority 4: Standard Loyalty Reward Program
51327,11.0,Lost / Low Value,843.86,1,0,16.0,0,0.024,Low Risk,Priority 4: Standard Loyalty Reward Program
51328,13.0,Potential Loyalists,920.04,3,0,6.0,1,0.836,High Risk,Priority 2: 25% Comeback Voucher + Free Express Delivery
51329,9.0,Potential Loyalists,915.86,1,0,17.0,0,0.047,Low Risk,Priority 4: Standard Loyalty Reward Program
51330,18.0,Potential Loyalists,816.75,3,0,26.0,0,0.116,Low Risk,Priority 4: Standard Loyalty Reward Program
51331,13.0,Loyal Customers,1408.99,3,0,8.0,0,0.055,Low Risk,Priority 4: Standard Loyalty Reward Program
51332,8.0,Potential Loyalists,862.9,3,1,24.0,0,0.018,Low Risk,Priority 4: Standard Loyalty Reward Program
51333,9.0,Potential Loyalists,660.06,3,0,8.0,0,0.046,Low Risk,Priority 4: Standard Loyalty Reward Program
51334,8.0,Potential Loyalists,713.74,1,0,6.0,0,0.061,Low Risk,Priority 4: Standard Loyalty Reward Program
51335,2.0,Potential Loyalists,771.38,4,1,19.0,0,0.05,Low Risk,Priority 4: Standard Loyalty Reward Program
51336,2.0,Lost / Low Value,758.18,5,0,34.0,0,0.207,Low Risk,Priority 4: Standard Loyalty Reward Program
51337,13.0,Loyal Customers,2293.94,5,1,34.0,1,0.98,High Risk,Priority 2: 25% Comeback Voucher + Free Express Delivery
51338,12.0,Champions,10905.34,1,0,30.0,0,0.119,Low Risk,Priority 4: Standard Loyalty Reward Program
51339,4.0,Lost / Low Value,1096.48,5,0,11.0,0,0.053,Low Risk,Priority 4: Standard Loyalty Reward Program
51340,0.0,Potential Loyalists,713.13,3,0,11.0,0,0.249,Low Risk,Priority 4: Standard Loyalty Reward Program
51341,9.0,Potential Loyalists,691.4,1,0,14.0,0,0.02,Low Risk,Priority 4: Standard Loyalty Reward Program
51342,12.0,Lost / Low Value,1099.5,5,0,12.0,0,0.049,Low Risk,Priority 4: Standard Loyalty Reward Program
51343,0.0,Potential Loyalists,887.81,4,1,10.0,0,0.156,Low Risk,Priority 4: Standard Loyalty Reward Program
51344,22.0,Lost / Low Value,846.45,4,0,8.0,0,0.006,Low Risk,Priority 4: Standard Loyalty Reward Program
51345,7.0,Potential Loyalists,792.22,3,0,14.0,0,0.01,Low Risk,Priority 4: Standard Loyalty Reward Program
51346,4.0,Lost / Low Value,879.62,1,1,6.0,1,0.852,High Risk,Priority 2: 25% Comeback Voucher + Free Express Delivery
51347,22.0,Lost / Low Value,832.15,4,0,14.0,0,0.032,Low Risk,Priority 4: Standard Loyalty Reward Program
51348,9.0,Potential Loyalists,664.95,3,1,8.0,1,0.986,High Risk,Priority 2: 25% Comeback Voucher + Free Express Delivery
51349,6.0,Champions,2129.98,3,1,9.0,0,0.285,Low Risk,Priority 4: Standard Loyalty Reward Program
51350,0.0,Loyal Customers,1481.48,4,0,8.0,0,0.332,Medium Risk,Priority 3: Personalized Recommendation + Free Shipping
51351,5.0,At-Risk High-Value,2156.22,1,0,8.0,0,0.015,Low Risk,Priority 4: Standard Loyalty Reward Program
51352,30.0,Potential Loyalists,696.85,5,1,9.0,0,0.071,Low Risk,Priority 4: Standard Loyalty Reward Program
51353,3.0,Potential Loyalists,698.12,3,0,30.0,0,0.138,Low Risk,Priority 4: Standard Loyalty Reward Program
51354,11.0,Lost / Low Value,1073.93,3,0,29.0,0,0.055,Low Risk,Priority 4: Standard Loyalty Reward Program
51355,9.0,At-Risk High-Value,5866.25,3,0,33.0,0,0.042,Low Risk,Priority 4: Standard Loyalty Reward Program
51356,8.0,Potential Loyalists,683.43,4,0,14.0,0,0.045,Low Risk,Priority 4: Standard Loyalty Reward Program
51357,2.0,Lost / Low Value,780.62,3,1,21.0,0,0.085,Low Risk,Priority 4: Standard Loyalty Reward Program
51358,4.0,Champions,2840.42,3,0,32.0,0,0.029,Low Risk,Priority 4: Standard Loyalty Reward Program
51359,7.0,Potential Loyalists,696.36,1,0,25.0,0,0.131,Low Risk,Priority 4: Standard Loyalty Reward Program
51360,9.0,Potential Loyalists,661.54,3,1,30.0,1,0.996,High Risk,Priority 2: 25% Comeback Voucher + Free Express Delivery
51361,2.0,At-Risk High-Value,8791.2,5,0,27.0,0,0.086,Low Risk,Priority 4: Standard Loyalty Reward Program
51362,5.0,Lost / Low Value,731.39,4,1,11.0,0,0.096,Low Risk,Priority 4: Standard Loyalty Reward Program
51363,0.0,Potential Loyalists,711.42,1,1,22.0,0,0.481,Medium Risk,Priority 3: Personalized Recommendation + Free Shipping
51364,26.0,Hibernating Big Spenders,2796.97,1,0,8.0,0,0.019,Low Risk,Priority 4: Standard Loyalty Reward Program
51365,11.0,Potential Loyalists,766.92,1,1,8.0,0,0.127,Low Risk,Priority 4: Standard Loyalty Reward Program
51366,0.0,Potential Loyalists,770.6,3,0,17.0,0,0.136,Low Risk,Priority 4: Standard Loyalty Reward Program
51367,0.0,Potential Loyalists,737.38,5,0,15.0,1,0.986,High Risk,Priority 2: 25% Comeback Voucher + Free Express Delivery
51368,7.0,Loyal Customers,2419.34,4,0,13.0,0,0.054,Low Risk,Priority 4: Standard Loyalty Reward Program
51369,9.0,Potential Loyalists,617.76,1,0,21.0,0,0.339,Medium Risk,Priority 3: Personalized Recommendation + Free Shipping
51370,0.0,Potential Loyalists,712.8,5,0,12.0,1,0.96,High Risk,Priority 2: 25% Comeback Voucher + Free Express Delivery
51371,26.0,At-Risk High-Value,6400.68,3,0,11.0,0,0.0,Low Risk,Priority 4: Standard Loyalty Reward Program
51372,0.0,At-Risk High-Value,4593.27,5,1,22.0,1,0.995,High Risk,"Priority 1: Executive Concierge Call + ₹1,000 Credit"
51373,15.0,Champions,3701.5,4,0,14.0,0,0.019,Low Risk,Priority 4: Standard Loyalty Reward Program
51374,17.0,At-Risk High-Value,5568.2,1,0,13.0,0,0.069,Low Risk,Priority 4: Standard Loyalty Reward Program
51375,19.0,Loyal Customers,3184.17,5,0,8.0,0,0.035,Low Risk,Priority 4: Standard Loyalty Reward Program
51376,6.0,Potential Loyalists,687.28,1,0,14.0,0,0.148,Low Risk,Priority 4: Standard Loyalty Reward Program
51377,17.0,Potential Loyalists,905.58,1,1,16.0,0,0.018,Low Risk,Priority 4: Standard Loyalty Reward Program
51378,9.0,Lost / Low Value,671.33,3,0,15.0,0,0.089,Low Risk,Priority 4: Standard Loyalty Reward Program
51379,9.0,Potential Loyalists,664.73,1,0,11.0,1,0.97,High Risk,Priority 2: 25% Comeback Voucher + Free Express Delivery
51380,9.0,Loyal Customers,1352.23,1,1,6.0,1,0.937,High Risk,Priority 2: 25% Comeback Voucher + Free Express Delivery
51381,16.0,Lost / Low Value,695.48,3,0,14.0,0,0.046,Low Risk,Priority 4: Standard Loyalty Reward Program
51382,13.0,Potential Loyalists,697.56,3,1,9.0,1,0.975,High Risk,Priority 2: 25% Comeback Voucher + Free Express Delivery
51383,9.0,Loyal Customers,1321.54,1,0,8.0,0,0.084,Low Risk,Priority 4: Standard Loyalty Reward Program
51384,9.0,Potential Loyalists,738.04,5,1,11.0,0,0.381,Medium Risk,Priority 3: Personalized Recommendation + Free Shipping
51385,6.0,Potential Loyalists,845.68,5,0,6.0,0,0.031,Low Risk,Priority 4: Standard Loyalty Reward Program
51386,9.0,Potential Loyalists,657.3,1,0,10.0,0,0.265,Low Risk,Priority 4: Standard Loyalty Reward Program
51387,0.0,Potential Loyalists,678.76,5,0,14.0,0,0.329,Medium Risk,Priority 3: Personalized Recommendation + Free Shipping
51388,9.0,Potential Loyalists,676.12,3,0,31.0,1,0.863,High Risk,Priority 2: 25% Comeback Voucher + Free Express Delivery
51389,0.0,Lost / Low Value,1029.93,3,0,14.0,0,0.329,Medium Risk,Priority 3: Personalized Recommendation + Free Shipping
51390,3.0,At-Risk High-Value,2311.82,1,0,6.0,0,0.023,Low Risk,Priority 4: Standard Loyalty Reward Program
51391,4.0,At-Risk High-Value,24374.62,3,0,18.0,1,0.945,High Risk,"Priority 1: Executive Concierge Call + ₹1,000 Credit"
51392,7.0,At-Risk High-Value,6409.92,3,0,29.0,0,0.127,Low Risk,Priority 4: Standard Loyalty Reward Program
51393,10.0,Potential Loyalists,716.21,4,0,25.0,0,0.116,Low Risk,Priority 4: Standard Loyalty Reward Program
51394,19.0,Lost / Low Value,867.46,1,1,11.0,0,0.265,Low Risk,Priority 4: Standard Loyalty Reward Program
51395,9.0,Potential Loyalists,674.8,1,0,14.0,0,0.087,Low Risk,Priority 4: Standard Loyalty Reward Program
51396,11.0,Potential Loyalists,845.96,3,1,6.0,1,0.99,High Risk,Priority 2: 25% Comeback Voucher + Free Express Delivery
51397,0.0,Loyal Customers,1478.51,3,1,11.0,1,0.948,High Risk,Priority 2: 25% Comeback Voucher + Free Express Delivery
51398,17.0,Potential Loyalists,849.97,5,1,6.0,0,0.084,Low Risk,Priority 4: Standard Loyalty Reward Program
51399,8.0,Loyal Customers,2187.24,5,1,17.0,0,0.153,Low Risk,Priority 4: Standard Loyalty Reward Program
51400,0.0,Potential Loyalists,778.64,1,1,29.0,0,0.364,Medium Risk,Priority 3: Personalized Recommendation + Free Shipping
51401,6.0,Hibernating Big Spenders,2580.38,1,1,29.0,0,0.156,Low Risk,Priority 4: Standard Loyalty Reward Program
51402,8.0,Lost / Low Value,1048.8,5,0,5.0,0,0.061,Low Risk,Priority 4: Standard Loyalty Reward Program
51403,8.0,Loyal Customers,1541.54,5,1,29.0,0,0.226,Low Risk,Priority 4: Standard Loyalty Reward Program
51404,4.0,Lost / Low Value,875.32,1,0,13.0,0,0.007,Low Risk,Priority 4: Standard Loyalty Reward Program
51405,10.0,Lost / Low Value,879.62,3,0,6.0,0,0.007,Low Risk,Priority 4: Standard Loyalty Reward Program
51406,5.0,At-Risk High-Value,6222.37,1,1,6.0,0,0.05,Low Risk,Priority 4: Standard Loyalty Reward Program
51407,11.0,At-Risk High-Value,6140.97,1,0,14.0,0,0.095,Low Risk,Priority 4: Standard Loyalty Reward Program
51408,23.0,At-Risk High-Value,20549.1,3,1,13.0,0,0.083,Low Risk,Priority 4: Standard Loyalty Reward Program
51409,30.0,At-Risk High-Value,6790.25,5,0,31.0,0,0.045,Low Risk,Priority 4: Standard Loyalty Reward Program
51410,9.0,At-Risk High-Value,13263.36,3,0,14.0,0,0.12,Low Risk,Priority 4: Standard Loyalty Reward Program
51411,28.0,Loyal Customers,2723.16,3,1,14.0,0,0.007,Low Risk,Priority 4: Standard Loyalty Reward Program
51412,9.0,Potential Loyalists,907.44,4,0,17.0,0,0.024,Low Risk,Priority 4: Standard Loyalty Reward Program
51413,18.0,Potential Loyalists,1084.82,5,0,13.0,0,0.023,Low Risk,Priority 4: Standard Loyalty Reward Program
51414,9.0,Potential Loyalists,670.67,5,0,6.0,0,0.121,Low Risk,Priority 4: Standard Loyalty Reward Program
51415,0.0,Potential Loyalists,736.34,3,1,15.0,1,0.966,High Risk,Priority 2: 25% Comeback Voucher + Free Express Delivery
51416,30.0,Potential Loyalists,851.02,3,0,6.0,0,0.072,Low Risk,Priority 4: Standard Loyalty Reward Program
51417,2.0,Lost / Low Value,698.66,4,0,8.0,0,0.016,Low Risk,Priority 4: Standard Loyalty Reward Program
51418,4.0,Potential Loyalists,687.56,4,0,14.0,0,0.252,Low Risk,Priority 4: Standard Loyalty Reward Program
51419,5.0,Lost / Low Value,892.1,4,0,6.0,0,0.004,Low Risk,Priority 4: Standard Loyalty Reward Program
51420,9.0,Potential Loyalists,717.09,1,0,12.0,0,0.046,Low Risk,Priority 4: Standard Loyalty Reward Program
51421,4.0,Lost / Low Value,793.32,1,0,14.0,0,0.053,Low Risk,Priority 4: Standard Loyalty Reward Program
51422,8.0,Lost / Low Value,1574.32,5,0,6.0,0,0.015,Low Risk,Priority 4: Standard Loyalty Reward Program
51423,18.0,Loyal Customers,2556.95,5,1,12.0,0,0.063,Low Risk,Priority 4: Standard Loyalty Reward Program
51424,10.0,Loyal Customers,2603.04,3,0,13.0,0,0.027,Low Risk,Priority 4: Standard Loyalty Reward Program
51425,19.0,Potential Loyalists,826.16,4,1,11.0,0,0.022,Low Risk,Priority 4: Standard Loyalty Reward Program
51426,3.0,Champions,2495.79,1,1,6.0,0,0.086,Low Risk,Priority 4: Standard Loyalty Reward Program
51427,8.0,Lost / Low Value,707.24,3,0,6.0,0,0.035,Low Risk,Priority 4: Standard Loyalty Reward Program
51428,28.0,Potential Loyalists,1113.14,1,0,6.0,0,0.048,Low Risk,Priority 4: Standard Loyalty Reward Program
51429,11.0,Lost / Low Value,843.09,1,1,12.0,0,0.055,Low Risk,Priority 4: Standard Loyalty Reward Program
51430,7.0,Potential Loyalists,787.88,4,0,6.0,0,0.017,Low Risk,Priority 4: Standard Loyalty Reward Program
51431,29.0,Potential Loyalists,949.3,1,0,13.0,0,0.06,Low Risk,Priority 4: Standard Loyalty Reward Program
51432,0.0,Potential Loyalists,677.71,5,0,14.0,0,0.381,Medium Risk,Priority 3: Personalized Recommendation + Free Shipping
51433,9.0,Potential Loyalists,664.12,1,0,15.0,0,0.048,Low Risk,Priority 4: Standard Loyalty Reward Program
51434,3.0,At-Risk High-Value,7783.6,1,0,8.0,0,0.012,Low Risk,Priority 4: Standard Loyalty Reward Program
51435,9.0,At-Risk High-Value,4316.18,1,0,15.0,1,0.88,High Risk,"Priority 1: Executive Concierge Call + ₹1,000 Credit"
51436,13.0,Hibernating Big Spenders,2585.33,4,0,6.0,0,0.002,Low Risk,Priority 4: Standard Loyalty Reward Program
51437,24.0,Potential Loyalists,849.26,1,1,27.0,0,0.215,Low Risk,Priority 4: Standard Loyalty Reward Program
51438,3.0,Lost / Low Value,1672.99,4,1,10.0,0,0.061,Low Risk,Priority 4: Standard Loyalty Reward Program
51439,19.0,At-Risk High-Value,10233.13,5,1,6.0,0,0.134,Low Risk,Priority 4: Standard Loyalty Reward Program
51440,5.0,At-Risk High-Value,4127.75,3,0,12.0,0,0.076,Low Risk,Priority 4: Standard Loyalty Reward Program
51441,27.0,Loyal Customers,2590.39,3,0,8.0,0,0.013,Low Risk,Priority 4: Standard Loyalty Reward Program
51442,0.0,Potential Loyalists,824.94,3,0,9.0,0,0.099,Low Risk,Priority 4: Standard Loyalty Reward Program
51443,1.0,Lost / Low Value,782.16,3,0,10.0,0,0.153,Low Risk,Priority 4: Standard Loyalty Reward Program
51444,30.0,Hibernating Big Spenders,2625.92,3,0,16.0,0,0.063,Low Risk,Priority 4: Standard Loyalty Reward Program
51445,9.0,Potential Loyalists,662.31,4,0,29.0,0,0.117,Low Risk,Priority 4: Standard Loyalty Reward Program
51446,9.0,Potential Loyalists,664.02,5,1,12.0,1,0.99,High Risk,Priority 2: 25% Comeback Voucher + Free Express Delivery
51447,5.0,Potential Loyalists,712.58,5,0,6.0,0,0.213,Low Risk,Priority 4: Standard Loyalty Reward Program
51448,0.0,Potential Loyalists,710.93,1,1,12.0,1,0.987,High Risk,Priority 2: 25% Comeback Voucher + Free Express Delivery
51449,7.0,Lost / Low Value,1628.99,3,0,12.0,0,0.006,Low Risk,Priority 4: Standard Loyalty Reward Program
51450,10.0,Potential Loyalists,833.96,1,0,8.0,0,0.054,Low Risk,Priority 4: Standard Loyalty Reward Program
51451,30.0,Loyal Customers,3172.84,1,0,8.0,0,0.022,Low Risk,Priority 4: Standard Loyalty Reward Program
51452,23.0,Lost / Low Value,1549.46,4,1,6.0,0,0.028,Low Risk,Priority 4: Standard Loyalty Reward Program
51453,0.0,Potential Loyalists,865.92,3,1,11.0,1,0.994,High Risk,Priority 2: 25% Comeback Voucher + Free Express Delivery
51454,0.0,Loyal Customers,1417.79,1,0,13.0,0,0.221,Low Risk,Priority 4: Standard Loyalty Reward Program
51455,0.0,Potential Loyalists,707.91,1,0,21.0,0,0.316,Medium Risk,Priority 3: Personalized Recommendation + Free Shipping
51456,24.0,At-Risk High-Value,11539.44,5,0,6.0,0,0.032,Low Risk,Priority 4: Standard Loyalty Reward Program
51457,0.0,Lost / Low Value,884.07,3,1,13.0,1,0.998,High Risk,Priority 2: 25% Comeback Voucher + Free Express Delivery
51458,27.0,At-Risk High-Value,6012.16,1,1,32.0,0,0.065,Low Risk,Priority 4: Standard Loyalty Reward Program
51459,0.0,Potential Loyalists,702.57,3,0,24.0,0,0.178,Low Risk,Priority 4: Standard Loyalty Reward Program
51460,7.0,Potential Loyalists,797.78,4,0,12.0,0,0.069,Low Risk,Priority 4: Standard Loyalty Reward Program
51461,10.0,Potential Loyalists,958.54,1,0,9.0,0,0.072,Low Risk,Priority 4: Standard Loyalty Reward Program
51462,7.0,Champions,5948.52,5,0,11.0,0,0.099,Low Risk,Priority 4: Standard Loyalty Reward Program
51463,9.0,Hibernating Big Spenders,2171.18,1,0,17.0,0,0.159,Low Risk,Priority 4: Standard Loyalty Reward Program
51464,9.0,Potential Loyalists,705.92,1,0,9.0,0,0.041,Low Risk,Priority 4: Standard Loyalty Reward Program
51465,16.0,At-Risk High-Value,5930.98,1,1,32.0,0,0.066,Low Risk,Priority 4: Standard Loyalty Reward Program
51466,3.0,Lost / Low Value,693.71,3,0,14.0,0,0.035,Low Risk,Priority 4: Standard Loyalty Reward Program
51467,6.0,Lost / Low Value,888.03,4,0,28.0,0,0.019,Low Risk,Priority 4: Standard Loyalty Reward Program
51468,19.0,Champions,3291.86,4,1,20.0,1,0.965,High Risk,"Priority 1: Executive Concierge Call + ₹1,000 Credit"
51469,24.0,At-Risk High-Value,24368.02,3,0,12.0,0,0.08,Low Risk,Priority 4: Standard Loyalty Reward Program
51470,0.0,At-Risk High-Value,6226.22,3,1,12.0,1,0.965,High Risk,"Priority 1: Executive Concierge Call + ₹1,000 Credit"
51471,0.0,Champions,2720.96,4,0,14.0,0,0.171,Low Risk,Priority 4: Standard Loyalty Reward Program
51472,20.0,At-Risk High-Value,16757.4,1,0,29.0,1,0.973,High Risk,"Priority 1: Executive Concierge Call + ₹1,000 Credit"
51473,9.0,Potential Loyalists,642.12,3,1,28.0,1,0.972,High Risk,Priority 2: 25% Comeback Voucher + Free Express Delivery
51474,0.0,Loyal Customers,1377.53,1,0,14.0,0,0.174,Low Risk,Priority 4: Standard Loyalty Reward Program
51475,22.0,At-Risk High-Value,4555.92,5,0,26.0,0,0.039,Low Risk,Priority 4: Standard Loyalty Reward Program
51476,16.0,Potential Loyalists,810.64,3,0,34.0,0,0.153,Low Risk,Priority 4: Standard Loyalty Reward Program
51477,23.0,Loyal Customers,2112.88,1,0,18.0,0,0.089,Low Risk,Priority 4: Standard Loyalty Reward Program
51478,0.0,Loyal Customers,1601.49,3,1,26.0,1,0.994,High Risk,Priority 2: 25% Comeback Voucher + Free Express Delivery
51479,14.0,Lost / Low Value,1000.4,3,1,15.0,0,0.198,Low Risk,Priority 4: Standard Loyalty Reward Program
51480,0.0,At-Risk High-Value,3559.05,3,0,31.0,0,0.383,Medium Risk,Priority 3: Personalized Recommendation + Free Shipping
51481,9.0,Potential Loyalists,821.76,4,0,12.0,0,0.058,Low Risk,Priority 4: Standard Loyalty Reward Program
51482,14.0,Potential Loyalists,1135.75,1,0,14.0,1,0.863,High Risk,Priority 2: 25% Comeback Voucher + Free Express Delivery
51483,12.0,At-Risk High-Value,4373.05,3,0,10.0,0,0.016,Low Risk,Priority 4: Standard Loyalty Reward Program
51484,0.0,Loyal Customers,2050.29,3,0,34.0,0,0.194,Low Risk,Priority 4: Standard Loyalty Reward Program
51485,3.0,At-Risk High-Value,3596.34,1,1,15.0,0,0.027,Low Risk,Priority 4: Standard Loyalty Reward Program
51486,0.0,Lost / Low Value,781.0,5,0,15.0,1,0.989,High Risk,Priority 2: 25% Comeback Voucher + Free Express Delivery
51487,18.0,Potential Loyalists,739.86,1,0,35.0,0,0.056,Low Risk,Priority 4: Standard Loyalty Reward Program
51488,11.0,Loyal Customers,1574.87,3,1,9.0,0,0.059,Low Risk,Priority 4: Standard Loyalty Reward Program
51489,3.0,Lost / Low Value,694.76,3,0,14.0,0,0.021,Low Risk,Priority 4: Standard Loyalty Reward Program
51490,5.0,Lost / Low Value,806.74,1,0,15.0,0,0.012,Low Risk,Priority 4: Standard Loyalty Reward Program
51491,3.0,Lost / Low Value,1452.44,5,0,11.0,0,0.093,Low Risk,Priority 4: Standard Loyalty Reward Program
51492,3.0,Potential Loyalists,699.6,1,0,8.0,0,0.083,Low Risk,Priority 4: Standard Loyalty Reward Program
51493,14.0,At-Risk High-Value,10464.68,5,0,16.0,0,0.03,Low Risk,Priority 4: Standard Loyalty Reward Program
51494,9.0,Lost / Low Value,673.09,5,0,15.0,0,0.069,Low Risk,Priority 4: Standard Loyalty Reward Program
51495,9.0,Potential Loyalists,631.56,4,0,9.0,0,0.272,Low Risk,Priority 4: Standard Loyalty Reward Program
51496,13.0,Lost / Low Value,1716.55,4,0,32.0,0,0.023,Low Risk,Priority 4: Standard Loyalty Reward Program
51497,8.0,Lost / Low Value,951.22,4,0,6.0,0,0.041,Low Risk,Priority 4: Standard Loyalty Reward Program
51498,9.0,At-Risk High-Value,2707.32,3,1,12.0,0,0.056,Low Risk,Priority 4: Standard Loyalty Reward Program
51499,18.0,Lost / Low Value,679.14,4,0,14.0,0,0.025,Low Risk,Priority 4: Standard Loyalty Reward Program
51500,5.0,At-Risk High-Value,3134.67,1,0,14.0,0,0.068,Low Risk,Priority 4: Standard Loyalty Reward Program
51501,2.0,Lost / Low Value,787.54,3,0,6.0,0,0.013,Low Risk,Priority 4: Standard Loyalty Reward Program
51502,24.0,Potential Loyalists,887.26,3,0,13.0,0,0.027,Low Risk,Priority 4: Standard Loyalty Reward Program
51503,30.0,Potential Loyalists,734.03,4,1,15.0,0,0.066,Low Risk,Priority 4: Standard Loyalty Reward Program
51504,13.0,Hibernating Big Spenders,2294.05,1,0,10.0,0,0.076,Low Risk,Priority 4: Standard Loyalty Reward Program
51505,9.0,Potential Loyalists,672.7,3,0,8.0,0,0.063,Low Risk,Priority 4: Standard Loyalty Reward Program
51506,0.0,Loyal Customers,1355.53,1,0,14.0,0,0.105,Low Risk,Priority 4: Standard Loyalty Reward Program
51507,9.0,Loyal Customers,1322.64,4,0,15.0,0,0.059,Low Risk,Priority 4: Standard Loyalty Reward Program
51508,1.0,Potential Loyalists,699.21,1,0,27.0,0,0.087,Low Risk,Priority 4: Standard Loyalty Reward Program
51509,30.0,Lost / Low Value,1069.14,1,1,30.0,0,0.008,Low Risk,Priority 4: Standard Loyalty Reward Program
51510,0.0,Potential Loyalists,691.13,3,1,14.0,0,0.563,Medium Risk,Priority 3: Personalized Recommendation + Free Shipping
51511,23.0,At-Risk High-Value,6583.72,4,0,17.0,0,0.005,Low Risk,Priority 4: Standard Loyalty Reward Program
51512,14.0,Lost / Low Value,684.8,3,0,14.0,0,0.132,Low Risk,Priority 4: Standard Loyalty Reward Program
51513,3.0,At-Risk High-Value,7476.32,1,0,11.0,0,0.082,Low Risk,Priority 4: Standard Loyalty Reward Program
51514,11.0,Lost / Low Value,1027.73,1,0,6.0,0,0.056,Low Risk,Priority 4: Standard Loyalty Reward Program
51515,5.0,Lost / Low Value,717.09,3,0,12.0,0,0.049,Low Risk,Priority 4: Standard Loyalty Reward Program
51516,0.0,Potential Loyalists,718.19,4,1,23.0,0,0.593,Medium Risk,Priority 3: Personalized Recommendation + Free Shipping
51517,0.0,Potential Loyalists,677.88,5,0,14.0,1,0.99,High Risk,Priority 2: 25% Comeback Voucher + Free Express Delivery
51518,9.0,Champions,4653.88,4,0,9.0,0,0.04,Low Risk,Priority 4: Standard Loyalty Reward Program
51519,3.0,At-Risk High-Value,4313.76,5,0,15.0,0,0.054,Low Risk,Priority 4: Standard Loyalty Reward Program
51520,18.0,Potential Loyalists,825.33,5,1,10.0,0,0.025,Low Risk,Priority 4: Standard Loyalty Reward Program
51521,29.0,Loyal Customers,1568.27,5,1,14.0,0,0.103,Low Risk,Priority 4: Standard Loyalty Reward Program
51522,6.0,Potential Loyalists,687.5,1,0,14.0,0,0.047,Low Risk,Priority 4: Standard Loyalty Reward Program
51523,0.0,Potential Loyalists,610.61,1,0,8.0,1,0.979,High Risk,Priority 2: 25% Comeback Voucher + Free Express Delivery
51524,19.0,At-Risk High-Value,16873.72,5,0,6.0,0,0.045,Low Risk,Priority 4: Standard Loyalty Reward Program
51525,9.0,Loyal Customers,1351.68,1,0,15.0,0,0.098,Low Risk,Priority 4: Standard Loyalty Reward Program
51526,4.0,Potential Loyalists,766.09,1,1,18.0,0,0.145,Low Risk,Priority 4: Standard Loyalty Reward Program
51527,9.0,Potential Loyalists,677.1,4,0,33.0,0,0.055,Low Risk,Priority 4: Standard Loyalty Reward Program
51528,4.0,Potential Loyalists,722.7,4,1,26.0,1,0.619,High Risk,Priority 2: 25% Comeback Voucher + Free Express Delivery
51529,23.0,Potential Loyalists,752.95,3,0,6.0,0,0.008,Low Risk,Priority 4: Standard Loyalty Reward Program
51530,26.0,Potential Loyalists,794.75,5,0,19.0,0,0.016,Low Risk,Priority 4: Standard Loyalty Reward Program
51531,6.0,Lost / Low Value,701.58,4,0,20.0,0,0.034,Low Risk,Priority 4: Standard Loyalty Reward Program
51532,13.0,At-Risk High-Value,14371.34,3,0,10.0,0,0.047,Low Risk,Priority 4: Standard Loyalty Reward Program
51533,28.0,Hibernating Big Spenders,3159.42,4,0,20.0,0,0.003,Low Risk,Priority 4: Standard Loyalty Reward Program
51534,7.0,Lost / Low Value,1075.08,3,0,8.0,0,0.025,Low Risk,Priority 4: Standard Loyalty Reward Program
51535,24.0,Loyal Customers,2610.74,4,0,9.0,0,0.0,Low Risk,Priority 4: Standard Loyalty Reward Program
51536,25.0,At-Risk High-Value,18149.4,3,0,6.0,0,0.02,Low Risk,Priority 4: Standard Loyalty Reward Program
51537,9.0,Potential Loyalists,675.34,4,0,15.0,0,0.037,Low Risk,Priority 4: Standard Loyalty Reward Program
51538,0.0,Potential Loyalists,875.38,3,1,29.0,1,0.99,High Risk,Priority 2: 25% Comeback Voucher + Free Express Delivery
51539,9.0,Loyal Customers,1329.79,1,0,13.0,0,0.027,Low Risk,Priority 4: Standard Loyalty Reward Program
51540,18.0,At-Risk High-Value,16209.16,1,0,8.0,0,0.02,Low Risk,Priority 4: Standard Loyalty Reward Program
51541,10.0,Lost / Low Value,746.02,5,1,27.0,0,0.101,Low Risk,Priority 4: Standard Loyalty Reward Program
51542,8.0,Potential Loyalists,793.38,4,0,8.0,0,0.024,Low Risk,Priority 4: Standard Loyalty Reward Program
51543,15.0,Potential Loyalists,839.58,3,0,27.0,0,0.012,Low Risk,Priority 4: Standard Loyalty Reward Program
51544,11.0,Potential Loyalists,910.42,3,0,8.0,0,0.077,Low Risk,Priority 4: Standard Loyalty Reward Program
51545,11.0,Lost / Low Value,894.36,1,0,35.0,0,0.01,Low Risk,Priority 4: Standard Loyalty Reward Program
51546,0.0,Loyal Customers,1572.78,5,0,6.0,0,0.193,Low Risk,Priority 4: Standard Loyalty Reward Program
51547,22.0,Lost / Low Value,924.22,1,1,24.0,0,0.012,Low Risk,Priority 4: Standard Loyalty Reward Program
51548,7.0,Loyal Customers,1519.65,3,1,16.0,0,0.522,Medium Risk,Priority 3: Personalized Recommendation + Free Shipping
51549,13.0,At-Risk High-Value,2102.26,1,1,25.0,0,0.02,Low Risk,Priority 4: Standard Loyalty Reward Program
51550,1.0,Potential Loyalists,917.02,5,1,35.0,1,0.568,Medium Risk,Priority 3: Personalized Recommendation + Free Shipping
51551,0.0,Lost / Low Value,970.14,1,0,33.0,1,0.956,High Risk,Priority 2: 25% Comeback Voucher + Free Express Delivery
51552,0.0,Loyal Customers,1356.08,4,1,14.0,0,0.341,Medium Risk,Priority 3: Personalized Recommendation + Free Shipping
51553,9.0,Lost / Low Value,668.42,1,0,24.0,0,0.034,Low Risk,Priority 4: Standard Loyalty Reward Program
51554,13.0,Potential Loyalists,818.18,1,0,15.0,0,0.012,Low Risk,Priority 4: Standard Loyalty Reward Program
51555,19.0,Potential Loyalists,1066.78,5,0,6.0,0,0.044,Low Risk,Priority 4: Standard Loyalty Reward Program
51556,0.0,At-Risk High-Value,10098.0,1,0,10.0,1,0.998,High Risk,"Priority 1: Executive Concierge Call + ₹1,000 Credit"
51557,3.0,At-Risk High-Value,5080.35,3,0,6.0,0,0.036,Low Risk,Priority 4: Standard Loyalty Reward Program
51558,0.0,Lost / Low Value,1098.96,3,0,26.0,0,0.164,Low Risk,Priority 4: Standard Loyalty Reward Program
51559,24.0,Champions,4947.8,4,0,14.0,0,0.055,Low Risk,Priority 4: Standard Loyalty Reward Program
51560,0.0,Lost / Low Value,696.14,5,1,14.0,1,0.989,High Risk,Priority 2: 25% Comeback Voucher + Free Express Delivery
51561,14.0,Loyal Customers,2595.01,1,1,12.0,0,0.071,Low Risk,Priority 4: Standard Loyalty Reward Program
51562,0.0,Potential Loyalists,918.28,5,0,32.0,1,0.998,High Risk,Priority 2: 25% Comeback Voucher + Free Express Delivery
51563,9.0,Lost / Low Value,663.19,3,0,6.0,1,0.907,High Risk,Priority 2: 25% Comeback Voucher + Free Express Delivery
51564,18.0,At-Risk High-Value,12450.9,1,0,12.0,0,0.034,Low Risk,Priority 4: Standard Loyalty Reward Program
51565,27.0,Lost / Low Value,876.7,5,0,9.0,0,0.01,Low Risk,Priority 4: Standard Loyalty Reward Program
51566,9.0,At-Risk High-Value,2625.81,4,0,11.0,0,0.022,Low Risk,Priority 4: Standard Loyalty Reward Program
51567,6.0,Potential Loyalists,694.21,4,0,14.0,0,0.08,Low Risk,Priority 4: Standard Loyalty Reward Program
51568,10.0,Potential Loyalists,1220.18,1,1,17.0,0,0.066,Low Risk,Priority 4: Standard Loyalty Reward Program
51569,11.0,At-Risk High-Value,5667.48,3,0,9.0,0,0.023,Low Risk,Priority 4: Standard Loyalty Reward Program
51570,4.0,Lost / Low Value,788.97,3,0,6.0,0,0.033,Low Risk,Priority 4: Standard Loyalty Reward Program
51571,9.0,Potential Loyalists,669.74,1,0,9.0,0,0.158,Low Risk,Priority 4: Standard Loyalty Reward Program
51572,10.0,At-Risk High-Value,3518.08,1,0,10.0,0,0.006,Low Risk,Priority 4: Standard Loyalty Reward Program
51573,2.0,Champions,3941.96,1,0,6.0,0,0.087,Low Risk,Priority 4: Standard Loyalty Reward Program
51574,8.0,Lost / Low Value,1033.4,3,0,6.0,0,0.016,Low Risk,Priority 4: Standard Loyalty Reward Program
51575,0.0,Potential Loyalists,681.4,1,1,14.0,1,0.992,High Risk,Priority 2: 25% Comeback Voucher + Free Express Delivery
51576,25.0,Loyal Customers,1453.32,1,0,8.0,0,0.061,Low Risk,Priority 4: Standard Loyalty Reward Program
51577,15.0,At-Risk High-Value,17685.36,1,0,10.0,0,0.032,Low Risk,Priority 4: Standard Loyalty Reward Program
51578,9.0,Loyal Customers,1349.37,3,0,12.0,0,0.043,Low Risk,Priority 4: Standard Loyalty Reward Program
51579,23.0,Lost / Low Value,1623.44,1,0,6.0,0,0.033,Low Risk,Priority 4: Standard Loyalty Reward Program
51580,0.0,Lost / Low Value,683.98,1,1,14.0,1,0.991,High Risk,Priority 2: 25% Comeback Voucher + Free Express Delivery
51581,16.0,Hibernating Big Spenders,2867.04,1,1,22.0,0,0.072,Low Risk,Priority 4: Standard Loyalty Reward Program
51582,0.0,Lost / Low Value,698.88,5,0,8.0,1,0.49,Medium Risk,Priority 3: Personalized Recommendation + Free Shipping
51583,25.0,At-Risk High-Value,23981.1,3,1,8.0,0,0.1,Low Risk,Priority 4: Standard Loyalty Reward Program
51584,5.0,Potential Loyalists,766.2,4,0,10.0,0,0.04,Low Risk,Priority 4: Standard Loyalty Reward Program
51585,0.0,Potential Loyalists,755.15,3,1,6.0,1,0.889,High Risk,Priority 2: 25% Comeback Voucher + Free Express Delivery
51586,9.0,Potential Loyalists,672.76,3,0,6.0,0,0.02,Low Risk,Priority 4: Standard Loyalty Reward Program
51587,5.0,Loyal Customers,1591.15,1,0,32.0,0,0.041,Low Risk,Priority 4: Standard Loyalty Reward Program
51588,14.0,Potential Loyalists,718.96,5,0,25.0,0,0.128,Low Risk,Priority 4: Standard Loyalty Reward Program
51589,13.0,At-Risk High-Value,2930.18,1,0,30.0,0,0.011,Low Risk,Priority 4: Standard Loyalty Reward Program
51590,18.0,Lost / Low Value,1606.11,1,0,6.0,0,0.111,Low Risk,Priority 4: Standard Loyalty Reward Program
51591,4.0,Loyal Customers,2604.25,3,0,9.0,0,0.077,Low Risk,Priority 4: Standard Loyalty Reward Program
51592,6.0,Potential Loyalists,710.1,1,0,11.0,0,0.036,Low Risk,Priority 4: Standard Loyalty Reward Program
51593,7.0,At-Risk High-Value,4388.18,5,0,8.0,0,0.022,Low Risk,Priority 4: Standard Loyalty Reward Program
51594,10.0,Potential Loyalists,765.6,5,0,6.0,0,0.023,Low Risk,Priority 4: Standard Loyalty Reward Program
51595,18.0,Potential Loyalists,903.87,3,0,13.0,0,0.018,Low Risk,Priority 4: Standard Loyalty Reward Program
51596,0.0,Potential Loyalists,1102.64,3,0,16.0,1,0.988,High Risk,Priority 2: 25% Comeback Voucher + Free Express Delivery
51597,12.0,Champions,12667.49,3,0,8.0,0,0.071,Low Risk,Priority 4: Standard Loyalty Reward Program
51598,2.0,Lost / Low Value,678.7,1,0,14.0,0,0.078,Low Risk,Priority 4: Standard Loyalty Reward Program
51599,15.0,Potential Loyalists,909.97,5,1,23.0,0,0.045,Low Risk,Priority 4: Standard Loyalty Reward Program
51600,2.0,Potential Loyalists,931.2,1,0,26.0,0,0.037,Low Risk,Priority 4: Standard Loyalty Reward Program
51601,0.0,Potential Loyalists,819.39,3,0,6.0,0,0.084,Low Risk,Priority 4: Standard Loyalty Reward Program
51602,15.0,At-Risk High-Value,4848.3,5,1,14.0,0,0.13,Low Risk,Priority 4: Standard Loyalty Reward Program
51603,13.0,At-Risk High-Value,4856.94,3,0,8.0,0,0.026,Low Risk,Priority 4: Standard Loyalty Reward Program
51604,24.0,Potential Loyalists,699.76,1,0,6.0,0,0.043,Low Risk,Priority 4: Standard Loyalty Reward Program
51605,0.0,Lost / Low Value,741.34,4,0,35.0,1,0.983,High Risk,Priority 2: 25% Comeback Voucher + Free Express Delivery
51606,5.0,Potential Loyalists,703.67,4,0,13.0,0,0.019,Low Risk,Priority 4: Standard Loyalty Reward Program
51607,11.0,At-Risk High-Value,5870.87,1,0,8.0,0,0.063,Low Risk,Priority 4: Standard Loyalty Reward Program
51608,9.0,Lost / Low Value,669.68,5,0,8.0,0,0.031,Low Risk,Priority 4: Standard Loyalty Reward Program
51609,19.0,At-Risk High-Value,10345.72,4,1,8.0,0,0.041,Low Risk,Priority 4: Standard Loyalty Reward Program
51610,0.0,Potential Loyalists,741.68,3,0,8.0,1,0.909,High Risk,Priority 2: 25% Comeback Voucher + Free Express Delivery
51611,2.0,Potential Loyalists,915.42,4,0,8.0,0,0.087,Low Risk,Priority 4: Standard Loyalty Reward Program
51612,4.0,At-Risk High-Value,5999.07,1,0,29.0,0,0.052,Low Risk,Priority 4: Standard Loyalty Reward Program
51613,0.0,Lost / Low Value,770.0,5,0,11.0,0,0.068,Low Risk,Priority 4: Standard Loyalty Reward Program
51614,18.0,Hibernating Big Spenders,2584.56,1,1,26.0,0,0.011,Low Risk,Priority 4: Standard Loyalty Reward Program
51615,9.0,At-Risk High-Value,7265.5,1,0,12.0,0,0.027,Low Risk,Priority 4: Standard Loyalty Reward Program
51616,28.0,At-Risk High-Value,6389.9,5,1,6.0,0,0.037,Low Risk,Priority 4: Standard Loyalty Reward Program
51617,10.0,Champions,10815.26,4,1,35.0,1,0.955,High Risk,"Priority 1: Executive Concierge Call + ₹1,000 Credit"
51618,9.0,Lost / Low Value,663.85,1,0,15.0,0,0.016,Low Risk,Priority 4: Standard Loyalty Reward Program
51619,10.0,Potential Loyalists,907.61,1,0,12.0,0,0.082,Low Risk,Priority 4: Standard Loyalty Reward Program
51620,0.0,Potential Loyalists,727.65,3,0,9.0,0,0.327,Medium Risk,Priority 3: Personalized Recommendation + Free Shipping
51621,10.0,Loyal Customers,2596.33,1,1,6.0,0,0.049,Low Risk,Priority 4: Standard Loyalty Reward Program
51622,8.0,Champions,7258.68,4,0,28.0,0,0.101,Low Risk,Priority 4: Standard Loyalty Reward Program
51623,11.0,At-Risk High-Value,6007.93,5,1,13.0,0,0.016,Low Risk,Priority 4: Standard Loyalty Reward Program
51624,0.0,Lost / Low Value,901.84,4,0,6.0,0,0.071,Low Risk,Priority 4: Standard Loyalty Reward Program
51625,23.0,Lost / Low Value,1602.92,4,0,10.0,0,0.009,Low Risk,Priority 4: Standard Loyalty Reward Program
51626,26.0,Potential Loyalists,1517.12,3,1,9.0,0,0.008,Low Risk,Priority 4: Standard Loyalty Reward Program
51627,15.0,At-Risk High-Value,9018.74,3,0,6.0,0,0.06,Low Risk,Priority 4: Standard Loyalty Reward Program
51628,2.0,Lost / Low Value,800.47,1,0,8.0,0,0.026,Low Risk,Priority 4: Standard Loyalty Reward Program
51629,28.0,Lost / Low Value,847.82,1,1,26.0,0,0.016,Low Risk,Priority 4: Standard Loyalty Reward Program
51630,0.0,Champions,2432.26,5,1,17.0,0,0.3,Medium Risk,Priority 3: Personalized Recommendation + Free Shipping
51631,9.0,At-Risk High-Value,3331.62,1,0,6.0,0,0.058,Low Risk,Priority 4: Standard Loyalty Reward Program
51632,7.0,Potential Loyalists,723.86,3,1,30.0,1,0.959,High Risk,Priority 2: 25% Comeback Voucher + Free Express Delivery
51633,11.0,Potential Loyalists,865.97,1,0,29.0,0,0.02,Low Risk,Priority 4: Standard Loyalty Reward Program
51634,0.0,Potential Loyalists,680.52,4,1,14.0,1,0.985,High Risk,Priority 2: 25% Comeback Voucher + Free Express Delivery
51635,1.0,Potential Loyalists,732.05,1,0,14.0,0,0.108,Low Risk,Priority 4: Standard Loyalty Reward Program
51636,22.0,Potential Loyalists,1576.57,5,1,16.0,0,0.075,Low Risk,Priority 4: Standard Loyalty Reward Program
51637,9.0,At-Risk High-Value,5576.72,4,0,9.0,0,0.047,Low Risk,Priority 4: Standard Loyalty Reward Program
51638,4.0,Loyal Customers,1406.79,4,0,11.0,0,0.031,Low Risk,Priority 4: Standard Loyalty Reward Program
51639,0.0,At-Risk High-Value,6093.78,1,1,10.0,1,1.0,High Risk,"Priority 1: Executive Concierge Call + ₹1,000 Credit"
51640,10.0,Potential Loyalists,677.93,1,1,14.0,0,0.198,Low Risk,Priority 4: Standard Loyalty Reward Program
51641,15.0,Hibernating Big Spenders,2587.75,4,0,32.0,0,0.051,Low Risk,Priority 4: Standard Loyalty Reward Program
51642,9.0,Potential Loyalists,628.1,3,0,9.0,1,0.965,High Risk,Priority 2: 25% Comeback Voucher + Free Express Delivery
51643,8.0,At-Risk High-Value,5946.6,4,0,22.0,0,0.084,Low Risk,Priority 4: Standard Loyalty Reward Program
51644,9.0,Potential Loyalists,752.84,1,0,24.0,0,0.146,Low Risk,Priority 4: Standard Loyalty Reward Program
51645,24.0,Potential Loyalists,851.51,4,0,8.0,0,0.009,Low Risk,Priority 4: Standard Loyalty Reward Program
51646,14.0,Hibernating Big Spenders,2861.65,4,0,8.0,0,0.028,Low Risk,Priority 4: Standard Loyalty Reward Program
51647,9.0,Potential Loyalists,616.0,3,0,16.0,0,0.348,Medium Risk,Priority 3: Personalized Recommendation + Free Shipping
51648,1.0,Lost / Low Value,861.36,5,0,22.0,0,0.131,Low Risk,Priority 4: Standard Loyalty Reward Program
51649,4.0,At-Risk High-Value,6517.66,1,0,13.0,0,0.061,Low Risk,Priority 4: Standard Loyalty Reward Program
51650,12.0,At-Risk High-Value,3236.14,1,0,6.0,0,0.081,Low Risk,Priority 4: Standard Loyalty Reward Program
51651,9.0,Lost / Low Value,862.07,4,0,30.0,0,0.024,Low Risk,Priority 4: Standard Loyalty Reward Program
51652,5.0,At-Risk High-Value,3406.48,3,0,13.0,0,0.009,Low Risk,Priority 4: Standard Loyalty Reward Program
51653,11.0,Potential Loyalists,1213.36,4,0,31.0,0,0.035,Low Risk,Priority 4: Standard Loyalty Reward Program
51654,30.0,Potential Loyalists,861.3,3,1,6.0,0,0.018,Low Risk,Priority 4: Standard Loyalty Reward Program
51655,4.0,Potential Loyalists,815.16,1,1,11.0,0,0.078,Low Risk,Priority 4: Standard Loyalty Reward Program
51656,4.0,Potential Loyalists,902.55,5,0,8.0,0,0.089,Low Risk,Priority 4: Standard Loyalty Reward Program
51657,18.0,At-Risk High-Value,7528.95,5,0,13.0,0,0.024,Low Risk,Priority 4: Standard Loyalty Reward Program
51658,4.0,Loyal Customers,1396.45,1,1,8.0,0,0.119,Low Risk,Priority 4: Standard Loyalty Reward Program
51659,6.0,Champions,9626.32,4,0,11.0,0,0.138,Low Risk,Priority 4: Standard Loyalty Reward Program
51660,0.0,At-Risk High-Value,16376.14,5,1,16.0,0,0.205,Low Risk,Priority 4: Standard Loyalty Reward Program
51661,16.0,Lost / Low Value,685.02,1,0,14.0,0,0.043,Low Risk,Priority 4: Standard Loyalty Reward Program
51662,22.0,Hibernating Big Spenders,2636.04,3,1,6.0,0,0.055,Low Risk,Priority 4: Standard Loyalty Reward Program
51663,15.0,At-Risk High-Value,5752.28,4,0,14.0,1,0.901,High Risk,"Priority 1: Executive Concierge Call + ₹1,000 Credit"
51664,0.0,Potential Loyalists,686.29,4,1,14.0,0,0.371,Medium Risk,Priority 3: Personalized Recommendation + Free Shipping
51665,5.0,At-Risk High-Value,9212.94,4,1,14.0,0,0.055,Low Risk,Priority 4: Standard Loyalty Reward Program
51666,0.0,Lost / Low Value,796.29,3,1,8.0,0,0.24,Low Risk,Priority 4: Standard Loyalty Reward Program
51667,4.0,Lost / Low Value,965.08,1,0,13.0,0,0.028,Low Risk,Priority 4: Standard Loyalty Reward Program
51668,5.0,Lost / Low Value,828.03,1,0,8.0,0,0.002,Low Risk,Priority 4: Standard Loyalty Reward Program
51669,0.0,Loyal Customers,1481.04,1,1,8.0,1,0.976,High Risk,Priority 2: 25% Comeback Voucher + Free Express Delivery
51670,3.0,Lost / Low Value,867.62,1,0,34.0,0,0.015,Low Risk,Priority 4: Standard Loyalty Reward Program
51671,4.0,At-Risk High-Value,8334.92,3,0,13.0,0,0.032,Low Risk,Priority 4: Standard Loyalty Reward Program
51672,12.0,Champions,20929.48,1,0,13.0,0,0.085,Low Risk,Priority 4: Standard Loyalty Reward Program
51673,2.0,Potential Loyalists,838.09,3,1,9.0,1,0.729,High Risk,Priority 2: 25% Comeback Voucher + Free Express Delivery
51674,6.0,Potential Loyalists,807.51,1,0,16.0,0,0.056,Low Risk,Priority 4: Standard Loyalty Reward Program
51675,20.0,Potential Loyalists,1556.5,3,0,11.0,0,0.006,Low Risk,Priority 4: Standard Loyalty Reward Program
51676,16.0,Potential Loyalists,839.14,3,0,16.0,0,0.027,Low Risk,Priority 4: Standard Loyalty Reward Program
51677,0.0,Lost / Low Value,899.2,4,1,6.0,0,0.2,Low Risk,Priority 4: Standard Loyalty Reward Program
51678,27.0,Potential Loyalists,817.8,3,0,26.0,0,0.025,Low Risk,Priority 4: Standard Loyalty Reward Program
51679,16.0,Potential Loyalists,1099.18,5,0,13.0,0,0.011,Low Risk,Priority 4: Standard Loyalty Reward Program
51680,18.0,At-Risk High-Value,6780.02,1,0,14.0,0,0.087,Low Risk,Priority 4: Standard Loyalty Reward Program
51681,13.0,Potential Loyalists,960.14,1,1,6.0,0,0.065,Low Risk,Priority 4: Standard Loyalty Reward Program
51682,9.0,Lost / Low Value,666.54,5,1,14.0,1,0.973,High Risk,Priority 2: 25% Comeback Voucher + Free Express Delivery
51683,2.0,Loyal Customers,1538.13,1,0,15.0,0,0.064,Low Risk,Priority 4: Standard Loyalty Reward Program
51684,3.0,Potential Loyalists,886.49,3,0,11.0,0,0.018,Low Risk,Priority 4: Standard Loyalty Reward Program
51685,0.0,Lost / Low Value,891.77,4,0,14.0,0,0.122,Low Risk,Priority 4: Standard Loyalty Reward Program
51686,10.0,Lost / Low Value,899.08,1,0,11.0,0,0.028,Low Risk,Priority 4: Standard Loyalty Reward Program
51687,11.0,Loyal Customers,2366.1,1,1,21.0,0,0.02,Low Risk,Priority 4: Standard Loyalty Reward Program
51688,4.0,At-Risk High-Value,3771.46,1,1,13.0,0,0.06,Low Risk,Priority 4: Standard Loyalty Reward Program
51689,2.0,Lost / Low Value,1004.74,4,1,16.0,0,0.016,Low Risk,Priority 4: Standard Loyalty Reward Program
51690,8.0,Lost / Low Value,995.22,4,0,11.0,0,0.021,Low Risk,Priority 4: Standard Loyalty Reward Program
51691,0.0,Potential Loyalists,709.72,1,0,32.0,0,0.056,Low Risk,Priority 4: Standard Loyalty Reward Program
51692,14.0,Potential Loyalists,881.76,4,1,12.0,0,0.039,Low Risk,Priority 4: Standard Loyalty Reward Program
51693,20.0,Potential Loyalists,713.68,3,0,10.0,0,0.062,Low Risk,Priority 4: Standard Loyalty Reward Program
51694,15.0,Loyal Customers,2859.12,1,0,29.0,0,0.015,Low Risk,Priority 4: Standard Loyalty Reward Program
51695,2.0,Potential Loyalists,805.7,3,0,8.0,0,0.028,Low Risk,Priority 4: Standard Loyalty Reward Program
51696,15.0,Potential Loyalists,698.28,3,1,8.0,0,0.094,Low Risk,Priority 4: Standard Loyalty Reward Program
51697,5.0,Lost / Low Value,680.35,4,0,14.0,0,0.052,Low Risk,Priority 4: Standard Loyalty Reward Program
51698,21.0,Potential Loyalists,1237.72,3,0,35.0,0,0.039,Low Risk,Priority 4: Standard Loyalty Reward Program
51699,10.0,At-Risk High-Value,5271.42,5,1,12.0,0,0.045,Low Risk,Priority 4: Standard Loyalty Reward Program
51700,3.0,Loyal Customers,1620.96,3,1,31.0,0,0.139,Low Risk,Priority 4: Standard Loyalty Reward Program
51701,0.0,At-Risk High-Value,5888.96,3,0,6.0,0,0.122,Low Risk,Priority 4: Standard Loyalty Reward Program
51702,15.0,Potential Loyalists,922.96,1,0,8.0,0,0.019,Low Risk,Priority 4: Standard Loyalty Reward Program
51703,9.0,Potential Loyalists,669.57,4,1,6.0,1,0.996,High Risk,Priority 2: 25% Comeback Voucher + Free Express Delivery
51704,9.0,Potential Loyalists,915.92,1,0,6.0,0,0.054,Low Risk,Priority 4: Standard Loyalty Reward Program
51705,9.0,Lost / Low Value,1083.45,1,0,9.0,0,0.06,Low Risk,Priority 4: Standard Loyalty Reward Program
51706,30.0,Potential Loyalists,921.53,3,0,6.0,0,0.036,Low Risk,Priority 4: Standard Loyalty Reward Program
51707,9.0,Lost / Low Value,671.71,3,1,16.0,0,0.188,Low Risk,Priority 4: Standard Loyalty Reward Program
51708,0.0,Loyal Customers,1387.1,1,0,14.0,0,0.13,Low Risk,Priority 4: Standard Loyalty Reward Program
51709,0.0,Potential Loyalists,706.8,3,1,11.0,1,0.996,High Risk,Priority 2: 25% Comeback Voucher + Free Express Delivery
51710,10.0,Potential Loyalists,739.86,5,0,16.0,0,0.037,Low Risk,Priority 4: Standard Loyalty Reward Program
51711,19.0,Potential Loyalists,839.19,3,0,13.0,0,0.018,Low Risk,Priority 4: Standard Loyalty Reward Program
51712,4.0,At-Risk High-Value,7451.68,4,0,10.0,1,0.953,High Risk,"Priority 1: Executive Concierge Call + ₹1,000 Credit"
51713,23.0,Potential Loyalists,1127.28,1,0,16.0,0,0.066,Low Risk,Priority 4: Standard Loyalty Reward Program
51714,3.0,Potential Loyalists,900.9,3,1,28.0,1,0.925,High Risk,Priority 2: 25% Comeback Voucher + Free Express Delivery
51715,4.0,Loyal Customers,1392.27,4,1,14.0,0,0.269,Low Risk,Priority 4: Standard Loyalty Reward Program
51716,0.0,Potential Loyalists,699.38,4,0,18.0,1,0.981,High Risk,Priority 2: 25% Comeback Voucher + Free Express Delivery
51717,9.0,Potential Loyalists,671.06,1,0,29.0,0,0.123,Low Risk,Priority 4: Standard Loyalty Reward Program
51718,8.0,Potential Loyalists,909.7,4,0,15.0,0,0.067,Low Risk,Priority 4: Standard Loyalty Reward Program
51719,0.0,Lost / Low Value,759.88,4,0,6.0,0,0.091,Low Risk,Priority 4: Standard Loyalty Reward Program
51720,1.0,Lost / Low Value,838.92,1,0,15.0,0,0.051,Low Risk,Priority 4: Standard Loyalty Reward Program
51721,22.0,Potential Loyalists,1153.08,3,0,13.0,0,0.039,Low Risk,Priority 4: Standard Loyalty Reward Program
51722,24.0,Lost / Low Value,821.48,1,0,20.0,0,0.011,Low Risk,Priority 4: Standard Loyalty Reward Program
51723,9.0,Loyal Customers,1379.73,3,0,14.0,0,0.074,Low Risk,Priority 4: Standard Loyalty Reward Program
51724,0.0,Lost / Low Value,841.72,1,1,25.0,1,0.99,High Risk,Priority 2: 25% Comeback Voucher + Free Express Delivery
51725,28.0,Potential Loyalists,1466.24,1,1,8.0,0,0.007,Low Risk,Priority 4: Standard Loyalty Reward Program
51726,0.0,Potential Loyalists,784.3,3,1,16.0,0,0.254,Low Risk,Priority 4: Standard Loyalty Reward Program
51727,3.0,Potential Loyalists,686.18,4,0,14.0,0,0.079,Low Risk,Priority 4: Standard Loyalty Reward Program
51728,0.0,Lost / Low Value,720.61,5,0,9.0,1,0.737,High Risk,Priority 2: 25% Comeback Voucher + Free Express Delivery
51729,9.0,Potential Loyalists,673.42,4,0,17.0,0,0.04,Low Risk,Priority 4: Standard Loyalty Reward Program
51730,9.0,Champions,8710.02,3,0,8.0,0,0.071,Low Risk,Priority 4: Standard Loyalty Reward Program
51731,9.0,Potential Loyalists,675.68,1,1,10.0,1,0.97,High Risk,Priority 2: 25% Comeback Voucher + Free Express Delivery
51732,10.0,At-Risk High-Value,8602.44,5,0,20.0,0,0.074,Low Risk,Priority 4: Standard Loyalty Reward Program
51733,13.0,Potential Loyalists,864.32,4,0,8.0,0,0.063,Low Risk,Priority 4: Standard Loyalty Reward Program
51734,15.0,Potential Loyalists,691.68,5,0,14.0,0,0.041,Low Risk,Priority 4: Standard Loyalty Reward Program
51735,10.0,Potential Loyalists,780.84,4,1,16.0,0,0.117,Low Risk,Priority 4: Standard Loyalty Reward Program
51736,16.0,Hibernating Big Spenders,2676.96,4,0,18.0,0,0.019,Low Risk,Priority 4: Standard Loyalty Reward Program
51737,13.0,Potential Loyalists,739.64,3,0,8.0,0,0.049,Low Risk,Priority 4: Standard Loyalty Reward Program
51738,27.0,Potential Loyalists,1617.33,5,0,11.0,0,0.019,Low Risk,Priority 4: Standard Loyalty Reward Program
51739,7.0,Potential Loyalists,909.59,3,0,10.0,0,0.057,Low Risk,Priority 4: Standard Loyalty Reward Program
51740,4.0,At-Risk High-Value,2360.49,5,0,13.0,0,0.003,Low Risk,Priority 4: Standard Loyalty Reward Program
51741,9.0,Potential Loyalists,674.19,1,0,27.0,0,0.022,Low Risk,Priority 4: Standard Loyalty Reward Program
51742,16.0,Potential Loyalists,798.71,3,1,14.0,0,0.033,Low Risk,Priority 4: Standard Loyalty Reward Program
51743,0.0,Potential Loyalists,796.79,1,1,10.0,0,0.171,Low Risk,Priority 4: Standard Loyalty Reward Program
51744,10.0,At-Risk High-Value,7946.95,3,1,31.0,0,0.029,Low Risk,Priority 4: Standard Loyalty Reward Program
51745,9.0,Champions,2015.97,5,0,6.0,0,0.078,Low Risk,Priority 4: Standard Loyalty Reward Program
51746,12.0,Lost / Low Value,1605.84,3,1,6.0,0,0.045,Low Risk,Priority 4: Standard Loyalty Reward Program
51747,29.0,Hibernating Big Spenders,2553.32,5,0,12.0,0,0.016,Low Risk,Priority 4: Standard Loyalty Reward Program
51748,3.0,At-Risk High-Value,3646.94,3,0,18.0,0,0.031,Low Risk,Priority 4: Standard Loyalty Reward Program
51749,14.0,Lost / Low Value,1011.56,5,0,6.0,0,0.023,Low Risk,Priority 4: Standard Loyalty Reward Program
51750,1.0,Lost / Low Value,800.69,5,0,23.0,0,0.144,Low Risk,Priority 4: Standard Loyalty Reward Program
51751,0.0,Potential Loyalists,771.7,5,0,9.0,1,0.962,High Risk,Priority 2: 25% Comeback Voucher + Free Express Delivery
51752,25.0,Lost / Low Value,988.3,3,1,9.0,0,0.019,Low Risk,Priority 4: Standard Loyalty Reward Program
51753,18.0,Potential Loyalists,695.97,1,0,14.0,0,0.026,Low Risk,Priority 4: Standard Loyalty Reward Program
51754,25.0,Lost / Low Value,1460.52,1,0,10.0,0,0.009,Low Risk,Priority 4: Standard Loyalty Reward Program
51755,15.0,Potential Loyalists,800.58,3,0,35.0,0,0.041,Low Risk,Priority 4: Standard Loyalty Reward Program
51756,3.0,Potential Loyalists,885.0,1,0,8.0,0,0.036,Low Risk,Priority 4: Standard Loyalty Reward Program
51757,30.0,At-Risk High-Value,17887.43,5,0,13.0,0,0.03,Low Risk,Priority 4: Standard Loyalty Reward Program
51758,19.0,Lost / Low Value,814.55,3,0,24.0,0,0.009,Low Risk,Priority 4: Standard Loyalty Reward Program
51759,15.0,Lost / Low Value,798.76,1,0,34.0,0,0.045,Low Risk,Priority 4: Standard Loyalty Reward Program
51760,0.0,Lost / Low Value,726.11,4,1,6.0,1,0.984,High Risk,Priority 2: 25% Comeback Voucher + Free Express Delivery
51761,0.0,Potential Loyalists,679.3,3,0,14.0,1,0.996,High Risk,Priority 2: 25% Comeback Voucher + Free Express Delivery
51762,9.0,Potential Loyalists,643.61,1,1,8.0,0,0.43,Medium Risk,Priority 3: Personalized Recommendation + Free Shipping
51763,13.0,Lost / Low Value,1542.26,3,0,8.0,0,0.034,Low Risk,Priority 4: Standard Loyalty Reward Program
51764,0.0,Potential Loyalists,708.73,1,0,29.0,0,0.081,Low Risk,Priority 4: Standard Loyalty Reward Program
51765,9.0,Lost / Low Value,665.34,1,0,9.0,0,0.064,Low Risk,Priority 4: Standard Loyalty Reward Program
51766,2.0,Potential Loyalists,1206.42,3,0,9.0,0,0.052,Low Risk,Priority 4: Standard Loyalty Reward Program
51767,0.0,Potential Loyalists,690.03,4,0,14.0,1,0.945,High Risk,Priority 2: 25% Comeback Voucher + Free Express Delivery
51768,0.0,Potential Loyalists,691.02,1,0,14.0,1,0.716,High Risk,Priority 2: 25% Comeback Voucher + Free Express Delivery
51769,3.0,At-Risk High-Value,7088.62,5,0,28.0,0,0.044,Low Risk,Priority 4: Standard Loyalty Reward Program
51770,30.0,Loyal Customers,2652.98,1,0,35.0,0,0.038,Low Risk,Priority 4: Standard Loyalty Reward Program
51771,23.0,At-Risk High-Value,22312.95,3,0,35.0,0,0.07,Low Risk,Priority 4: Standard Loyalty Reward Program
51772,3.0,At-Risk High-Value,4146.12,1,0,14.0,0,0.027,Low Risk,Priority 4: Standard Loyalty Reward Program
51773,30.0,At-Risk High-Value,14490.19,5,0,34.0,0,0.088,Low Risk,Priority 4: Standard Loyalty Reward Program
51774,20.0,Lost / Low Value,828.85,1,0,8.0,0,0.015,Low Risk,Priority 4: Standard Loyalty Reward Program
51775,19.0,Potential Loyalists,1532.36,3,0,8.0,0,0.021,Low Risk,Priority 4: Standard Loyalty Reward Program
51776,8.0,Champions,3130.6,3,0,28.0,0,0.07,Low Risk,Priority 4: Standard Loyalty Reward Program
51777,27.0,Potential Loyalists,757.9,3,0,5.0,0,0.081,Low Risk,Priority 4: Standard Loyalty Reward Program
51778,7.0,At-Risk High-Value,3511.2,3,0,8.0,0,0.016,Low Risk,Priority 4: Standard Loyalty Reward Program
51779,5.0,Potential Loyalists,1048.9,1,1,16.0,0,0.074,Low Risk,Priority 4: Standard Loyalty Reward Program
51780,4.0,Lost / Low Value,1135.64,4,0,15.0,0,0.03,Low Risk,Priority 4: Standard Loyalty Reward Program
51781,0.0,Hibernating Big Spenders,2597.1,3,1,21.0,1,0.999,High Risk,Priority 2: 25% Comeback Voucher + Free Express Delivery
51782,0.0,Potential Loyalists,737.44,1,0,16.0,1,0.988,High Risk,Priority 2: 25% Comeback Voucher + Free Express Delivery
51783,3.0,Potential Loyalists,714.06,4,0,13.0,0,0.111,Low Risk,Priority 4: Standard Loyalty Reward Program
51784,8.0,Potential Loyalists,969.76,3,1,22.0,0,0.112,Low Risk,Priority 4: Standard Loyalty Reward Program
51785,0.0,Potential Loyalists,1090.32,3,0,26.0,1,0.991,High Risk,Priority 2: 25% Comeback Voucher + Free Express Delivery
51786,0.0,Potential Loyalists,1097.25,5,1,29.0,1,1.0,High Risk,Priority 2: 25% Comeback Voucher + Free Express Delivery
51787,9.0,Loyal Customers,1330.23,3,0,11.0,0,0.1,Low Risk,Priority 4: Standard Loyalty Reward Program
51788,9.0,At-Risk High-Value,9890.1,1,0,16.0,0,0.159,Low Risk,Priority 4: Standard Loyalty Reward Program
51789,0.0,Potential Loyalists,764.17,3,0,10.0,1,0.973,High Risk,Priority 2: 25% Comeback Voucher + Free Express Delivery
51790,21.0,At-Risk High-Value,4636.83,1,0,8.0,0,0.058,Low Risk,Priority 4: Standard Loyalty Reward Program
51791,28.0,At-Risk High-Value,10331.48,4,0,24.0,0,0.015,Low Risk,Priority 4: Standard Loyalty Reward Program
51792,14.0,Lost / Low Value,892.65,1,0,16.0,0,0.026,Low Risk,Priority 4: Standard Loyalty Reward Program
51793,8.0,At-Risk High-Value,4856.61,3,0,6.0,0,0.087,Low Risk,Priority 4: Standard Loyalty Reward Program
51794,13.0,Hibernating Big Spenders,2556.07,3,0,12.0,0,0.025,Low Risk,Priority 4: Standard Loyalty Reward Program
51795,12.0,Lost / Low Value,756.53,3,0,14.0,0,0.023,Low Risk,Priority 4: Standard Loyalty Reward Program
51796,4.0,Lost / Low Value,912.01,1,1,8.0,0,0.186,Low Risk,Priority 4: Standard Loyalty Reward Program
51797,15.0,At-Risk High-Value,4786.65,5,1,30.0,0,0.078,Low Risk,Priority 4: Standard Loyalty Reward Program
51798,18.0,At-Risk High-Value,2442.83,4,0,8.0,0,0.015,Low Risk,Priority 4: Standard Loyalty Reward Program
51799,0.0,Potential Loyalists,700.76,3,1,23.0,1,0.988,High Risk,Priority 2: 25% Comeback Voucher + Free Express Delivery
51800,2.0,Potential Loyalists,784.41,1,0,25.0,0,0.059,Low Risk,Priority 4: Standard Loyalty Reward Program
51801,6.0,Lost / Low Value,1440.12,3,0,6.0,0,0.03,Low Risk,Priority 4: Standard Loyalty Reward Program
51802,4.0,Potential Loyalists,1185.64,1,0,13.0,0,0.119,Low Risk,Priority 4: Standard Loyalty Reward Program
51803,9.0,Potential Loyalists,653.29,4,1,11.0,1,1.0,High Risk,Priority 2: 25% Comeback Voucher + Free Express Delivery
51804,13.0,Potential Loyalists,1151.26,5,0,34.0,0,0.039,Low Risk,Priority 4: Standard Loyalty Reward Program
51805,14.0,Lost / Low Value,924.6,3,1,8.0,0,0.075,Low Risk,Priority 4: Standard Loyalty Reward Program
51806,0.0,Potential Loyalists,786.83,3,0,35.0,0,0.162,Low Risk,Priority 4: Standard Loyalty Reward Program
51807,8.0,Potential Loyalists,817.24,3,0,6.0,0,0.024,Low Risk,Priority 4: Standard Loyalty Reward Program
51808,7.0,At-Risk High-Value,4217.68,1,0,27.0,0,0.047,Low Risk,Priority 4: Standard Loyalty Reward Program
51809,0.0,Potential Loyalists,678.7,1,1,14.0,1,0.996,High Risk,Priority 2: 25% Comeback Voucher + Free Express Delivery
51810,10.0,Potential Loyalists,962.0,1,0,6.0,0,0.035,Low Risk,Priority 4: Standard Loyalty Reward Program
51811,19.0,Potential Loyalists,1128.99,3,0,24.0,0,0.083,Low Risk,Priority 4: Standard Loyalty Reward Program
51812,14.0,At-Risk High-Value,16089.97,5,0,8.0,0,0.031,Low Risk,Priority 4: Standard Loyalty Reward Program
51813,10.0,At-Risk High-Value,7251.09,4,0,15.0,0,0.11,Low Risk,Priority 4: Standard Loyalty Reward Program
51814,25.0,At-Risk High-Value,5140.41,5,1,12.0,0,0.007,Low Risk,Priority 4: Standard Loyalty Reward Program
51815,0.0,Potential Loyalists,808.88,3,0,17.0,1,0.975,High Risk,Priority 2: 25% Comeback Voucher + Free Express Delivery
51816,0.0,Loyal Customers,1364.0,1,0,14.0,0,0.198,Low Risk,Priority 4: Standard Loyalty Reward Program
51817,11.0,Potential Loyalists,1090.32,3,0,16.0,0,0.04,Low Risk,Priority 4: Standard Loyalty Reward Program
51818,10.0,Champions,3618.34,4,0,6.0,0,0.038,Low Risk,Priority 4: Standard Loyalty Reward Program
51819,22.0,Lost / Low Value,1622.61,3,1,24.0,0,0.008,Low Risk,Priority 4: Standard Loyalty Reward Program
51820,0.0,Lost / Low Value,699.88,1,1,29.0,0,0.171,Low Risk,Priority 4: Standard Loyalty Reward Program
51821,0.0,Lost / Low Value,894.96,4,0,34.0,0,0.098,Low Risk,Priority 4: Standard Loyalty Reward Program
51822,9.0,Potential Loyalists,666.98,4,0,23.0,0,0.226,Low Risk,Priority 4: Standard Loyalty Reward Program
51823,23.0,At-Risk High-Value,15510.0,4,0,9.0,0,0.015,Low Risk,Priority 4: Standard Loyalty Reward Program
51824,9.0,Lost / Low Value,665.28,3,0,19.0,0,0.086,Low Risk,Priority 4: Standard Loyalty Reward Program
51825,0.0,Potential Loyalists,708.73,3,1,13.0,1,0.946,High Risk,Priority 2: 25% Comeback Voucher + Free Express Delivery
51826,9.0,Potential Loyalists,661.82,5,0,18.0,1,0.969,High Risk,Priority 2: 25% Comeback Voucher + Free Express Delivery
51827,7.0,Potential Loyalists,749.21,1,1,6.0,0,0.158,Low Risk,Priority 4: Standard Loyalty Reward Program
51828,0.0,Potential Loyalists,782.82,5,0,19.0,1,0.978,High Risk,Priority 2: 25% Comeback Voucher + Free Express Delivery
51829,8.0,Potential Loyalists,752.46,1,0,31.0,0,0.022,Low Risk,Priority 4: Standard Loyalty Reward Program
51830,4.0,At-Risk High-Value,4251.5,1,0,12.0,0,0.025,Low Risk,Priority 4: Standard Loyalty Reward Program
51831,9.0,Potential Loyalists,670.29,3,0,12.0,0,0.045,Low Risk,Priority 4: Standard Loyalty Reward Program
51832,10.0,Potential Loyalists,1078.11,3,1,8.0,0,0.101,Low Risk,Priority 4: Standard Loyalty Reward Program
51833,0.0,Potential Loyalists,705.98,4,0,6.0,0,0.218,Low Risk,Priority 4: Standard Loyalty Reward Program
51834,15.0,Loyal Customers,1549.79,1,0,8.0,0,0.019,Low Risk,Priority 4: Standard Loyalty Reward Program
51835,16.0,Potential Loyalists,1464.48,1,1,12.0,0,0.016,Low Risk,Priority 4: Standard Loyalty Reward Program
51836,11.0,Potential Loyalists,694.04,5,0,14.0,0,0.133,Low Risk,Priority 4: Standard Loyalty Reward Program
51837,16.0,At-Risk High-Value,3449.38,3,1,15.0,0,0.042,Low Risk,Priority 4: Standard Loyalty Reward Program
51838,21.0,Loyal Customers,2794.22,5,0,6.0,0,0.031,Low Risk,Priority 4: Standard Loyalty Reward Program
51839,17.0,Potential Loyalists,879.18,3,0,6.0,0,0.015,Low Risk,Priority 4: Standard Loyalty Reward Program
51840,7.0,Lost / Low Value,691.84,3,1,14.0,0,0.188,Low Risk,Priority 4: Standard Loyalty Reward Program
51841,0.0,Potential Loyalists,717.26,5,0,8.0,1,0.99,High Risk,Priority 2: 25% Comeback Voucher + Free Express Delivery
51842,0.0,Potential Loyalists,739.58,3,0,28.0,0,0.274,Low Risk,Priority 4: Standard Loyalty Reward Program
51843,17.0,Potential Loyalists,1623.22,1,1,9.0,0,0.046,Low Risk,Priority 4: Standard Loyalty Reward Program
51844,0.0,Loyal Customers,1405.03,3,0,12.0,0,0.261,Low Risk,Priority 4: Standard Loyalty Reward Program
51845,6.0,Potential Loyalists,940.72,3,0,14.0,0,0.028,Low Risk,Priority 4: Standard Loyalty Reward Program
51846,5.0,Lost / Low Value,897.71,1,1,15.0,0,0.012,Low Risk,Priority 4: Standard Loyalty Reward Program
51847,9.0,Potential Loyalists,664.56,3,0,9.0,0,0.11,Low Risk,Priority 4: Standard Loyalty Reward Program
51848,26.0,At-Risk High-Value,8087.64,5,0,6.0,0,0.04,Low Risk,Priority 4: Standard Loyalty Reward Program
51849,7.0,At-Risk High-Value,5584.04,1,0,6.0,0,0.008,Low Risk,Priority 4: Standard Loyalty Reward Program
51850,8.0,Potential Loyalists,785.73,5,0,32.0,1,0.939,High Risk,Priority 2: 25% Comeback Voucher + Free Express Delivery
51851,0.0,Potential Loyalists,308.0,1,1,12.0,0,0.339,Medium Risk,Priority 3: Personalized Recommendation + Free Shipping
51852,10.0,At-Risk High-Value,7482.09,3,0,9.0,0,0.039,Low Risk,Priority 4: Standard Loyalty Reward Program
51853,2.0,Potential Loyalists,855.86,3,0,9.0,0,0.02,Low Risk,Priority 4: Standard Loyalty Reward Program
51854,8.0,At-Risk High-Value,10070.83,1,0,12.0,0,0.015,Low Risk,Priority 4: Standard Loyalty Reward Program
51855,6.0,At-Risk High-Value,3899.5,1,0,12.0,0,0.005,Low Risk,Priority 4: Standard Loyalty Reward Program
51856,27.0,Champions,7979.12,4,0,25.0,0,0.025,Low Risk,Priority 4: Standard Loyalty Reward Program
51857,9.0,Potential Loyalists,1036.58,4,1,15.0,0,0.049,Low Risk,Priority 4: Standard Loyalty Reward Program
51858,9.0,Potential Loyalists,662.48,1,0,9.0,0,0.316,Medium Risk,Priority 3: Personalized Recommendation + Free Shipping
51859,0.0,Potential Loyalists,605.5,3,1,16.0,1,0.991,High Risk,Priority 2: 25% Comeback Voucher + Free Express Delivery
51860,0.0,At-Risk High-Value,6607.26,5,1,9.0,1,0.996,High Risk,"Priority 1: Executive Concierge Call + ₹1,000 Credit"
51861,9.0,Potential Loyalists,620.46,3,0,9.0,0,0.173,Low Risk,Priority 4: Standard Loyalty Reward Program
51862,0.0,Potential Loyalists,705.04,5,0,10.0,0,0.132,Low Risk,Priority 4: Standard Loyalty Reward Program
51863,0.0,Potential Loyalists,816.8,4,0,14.0,0,0.059,Low Risk,Priority 4: Standard Loyalty Reward Program
51864,11.0,Lost / Low Value,771.54,1,0,13.0,0,0.016,Low Risk,Priority 4: Standard Loyalty Reward Program
51865,2.0,Lost / Low Value,1399.2,1,0,6.0,0,0.012,Low Risk,Priority 4: Standard Loyalty Reward Program
51866,21.0,Loyal Customers,1993.2,4,0,8.0,0,0.029,Low Risk,Priority 4: Standard Loyalty Reward Program
51867,0.0,Lost / Low Value,805.58,1,1,9.0,0,0.059,Low Risk,Priority 4: Standard Loyalty Reward Program
51868,10.0,Potential Loyalists,807.4,1,0,16.0,0,0.11,Low Risk,Priority 4: Standard Loyalty Reward Program
51869,23.0,At-Risk High-Value,2181.46,3,1,34.0,0,0.033,Low Risk,Priority 4: Standard Loyalty Reward Program
51870,7.0,At-Risk High-Value,7169.08,4,0,15.0,0,0.044,Low Risk,Priority 4: Standard Loyalty Reward Program
51871,0.0,Loyal Customers,1603.47,3,0,9.0,1,0.994,High Risk,Priority 2: 25% Comeback Voucher + Free Express Delivery
51872,12.0,At-Risk High-Value,8804.56,3,0,8.0,0,0.018,Low Risk,Priority 4: Standard Loyalty Reward Program
51873,5.0,Lost / Low Value,846.78,1,0,16.0,0,0.049,Low Risk,Priority 4: Standard Loyalty Reward Program
51874,13.0,Potential Loyalists,923.78,3,1,14.0,1,0.894,High Risk,Priority 2: 25% Comeback Voucher + Free Express Delivery
51875,11.0,Lost / Low Value,969.38,1,0,6.0,0,0.006,Low Risk,Priority 4: Standard Loyalty Reward Program
51876,0.0,Lost / Low Value,957.66,5,0,6.0,0,0.111,Low Risk,Priority 4: Standard Loyalty Reward Program
51877,5.0,Champions,8146.22,1,0,9.0,0,0.018,Low Risk,Priority 4: Standard Loyalty Reward Program
51878,20.0,Lost / Low Value,822.8,5,0,20.0,0,0.022,Low Risk,Priority 4: Standard Loyalty Reward Program
51879,13.0,Lost / Low Value,1126.12,5,1,11.0,0,0.122,Low Risk,Priority 4: Standard Loyalty Reward Program
51880,26.0,Loyal Customers,2729.54,3,0,13.0,0,0.004,Low Risk,Priority 4: Standard Loyalty Reward Program
51881,14.0,At-Risk High-Value,19233.06,1,0,16.0,0,0.042,Low Risk,Priority 4: Standard Loyalty Reward Program
51882,30.0,Loyal Customers,1694.55,5,0,22.0,0,0.044,Low Risk,Priority 4: Standard Loyalty Reward Program
51883,0.0,Lost / Low Value,1033.62,5,0,16.0,0,0.115,Low Risk,Priority 4: Standard Loyalty Reward Program
51884,14.0,Hibernating Big Spenders,3210.79,3,0,6.0,0,0.009,Low Risk,Priority 4: Standard Loyalty Reward Program
51885,23.0,Loyal Customers,1526.25,4,0,14.0,0,0.04,Low Risk,Priority 4: Standard Loyalty Reward Program
51886,9.0,At-Risk High-Value,2015.64,4,1,6.0,1,0.957,High Risk,"Priority 1: Executive Concierge Call + ₹1,000 Credit"
51887,9.0,Potential Loyalists,1194.21,5,0,14.0,0,0.089,Low Risk,Priority 4: Standard Loyalty Reward Program
51888,11.0,Potential Loyalists,982.36,3,1,6.0,0,0.19,Low Risk,Priority 4: Standard Loyalty Reward Program
51889,17.0,Lost / Low Value,753.94,3,0,30.0,0,0.076,Low Risk,Priority 4: Standard Loyalty Reward Program
51890,20.0,Hibernating Big Spenders,2614.7,3,1,9.0,0,0.184,Low Risk,Priority 4: Standard Loyalty Reward Program
51891,3.0,At-Risk High-Value,5892.04,1,0,33.0,0,0.057,Low Risk,Priority 4: Standard Loyalty Reward Program
51892,2.0,Potential Loyalists,695.31,3,0,14.0,0,0.373,Medium Risk,Priority 3: Personalized Recommendation + Free Shipping
51893,5.0,Loyal Customers,1403.49,3,1,25.0,1,0.963,High Risk,Priority 2: 25% Comeback Voucher + Free Express Delivery
51894,16.0,Loyal Customers,1848.44,1,0,21.0,0,0.057,Low Risk,Priority 4: Standard Loyalty Reward Program
51895,7.0,Champions,3551.24,3,0,14.0,0,0.03,Low Risk,Priority 4: Standard Loyalty Reward Program
51896,0.0,Potential Loyalists,687.5,5,0,14.0,0,0.353,Medium Risk,Priority 3: Personalized Recommendation + Free Shipping
51897,12.0,At-Risk High-Value,2704.18,4,0,9.0,0,0.018,Low Risk,Priority 4: Standard Loyalty Reward Program
51898,29.0,Potential Loyalists,1160.66,1,0,15.0,0,0.058,Low Risk,Priority 4: Standard Loyalty Reward Program
51899,13.0,Loyal Customers,1357.62,1,1,14.0,0,0.052,Low Risk,Priority 4: Standard Loyalty Reward Program
51900,0.0,Lost / Low Value,924.6,5,0,13.0,0,0.178,Low Risk,Priority 4: Standard Loyalty Reward Program
51901,9.0,Loyal Customers,1352.67,4,0,16.0,0,0.059,Low Risk,Priority 4: Standard Loyalty Reward Program
51902,26.0,Loyal Customers,1369.5,1,0,14.0,0,0.041,Low Risk,Priority 4: Standard Loyalty Reward Program
51903,8.0,Potential Loyalists,830.12,5,0,8.0,0,0.077,Low Risk,Priority 4: Standard Loyalty Reward Program
51904,5.0,At-Risk High-Value,3367.98,1,0,30.0,0,0.009,Low Risk,Priority 4: Standard Loyalty Reward Program
51905,11.0,Potential Loyalists,718.14,3,1,8.0,0,0.146,Low Risk,Priority 4: Standard Loyalty Reward Program
51906,7.0,Potential Loyalists,831.66,5,0,14.0,0,0.042,Low Risk,Priority 4: Standard Loyalty Reward Program
51907,25.0,Lost / Low Value,1477.08,5,0,9.0,0,0.005,Low Risk,Priority 4: Standard Loyalty Reward Program
51908,0.0,At-Risk High-Value,4884.11,1,1,6.0,1,0.988,High Risk,"Priority 1: Executive Concierge Call + ₹1,000 Credit"
51909,0.0,Lost / Low Value,889.9,1,0,32.0,0,0.112,Low Risk,Priority 4: Standard Loyalty Reward Program
51910,18.0,Champions,2744.28,3,0,8.0,0,0.036,Low Risk,Priority 4: Standard Loyalty Reward Program
51911,0.0,Potential Loyalists,742.78,3,0,16.0,0,0.185,Low Risk,Priority 4: Standard Loyalty Reward Program
51912,10.0,Potential Loyalists,901.84,3,1,33.0,1,0.982,High Risk,Priority 2: 25% Comeback Voucher + Free Express Delivery
51913,7.0,Lost / Low Value,895.07,1,0,8.0,0,0.011,Low Risk,Priority 4: Standard Loyalty Reward Program
51914,18.0,Lost / Low Value,1642.24,5,1,8.0,1,0.863,High Risk,Priority 2: 25% Comeback Voucher + Free Express Delivery
51915,9.0,Lost / Low Value,967.29,5,0,14.0,0,0.059,Low Risk,Priority 4: Standard Loyalty Reward Program
51916,25.0,Potential Loyalists,784.19,1,0,25.0,0,0.009,Low Risk,Priority 4: Standard Loyalty Reward Program
51917,0.0,Loyal Customers,1580.04,1,0,6.0,0,0.108,Low Risk,Priority 4: Standard Loyalty Reward Program
51918,2.0,Potential Loyalists,788.42,3,0,33.0,0,0.125,Low Risk,Priority 4: Standard Loyalty Reward Program
51919,0.0,Potential Loyalists,842.93,5,0,14.0,1,0.99,High Risk,Priority 2: 25% Comeback Voucher + Free Express Delivery
51920,7.0,Potential Loyalists,730.4,1,0,6.0,0,0.01,Low Risk,Priority 4: Standard Loyalty Reward Program
51921,27.0,Lost / Low Value,851.68,5,1,25.0,0,0.03,Low Risk,Priority 4: Standard Loyalty Reward Program
51922,0.0,Potential Loyalists,788.81,1,0,14.0,0,0.184,Low Risk,Priority 4: Standard Loyalty Reward Program
51923,10.0,Champions,2812.04,5,1,16.0,0,0.115,Low Risk,Priority 4: Standard Loyalty Reward Program
51924,11.0,At-Risk High-Value,3515.6,5,1,8.0,0,0.095,Low Risk,Priority 4: Standard Loyalty Reward Program
51925,7.0,Potential Loyalists,790.96,5,0,8.0,0,0.058,Low Risk,Priority 4: Standard Loyalty Reward Program
51926,8.0,Potential Loyalists,691.46,1,0,14.0,0,0.06,Low Risk,Priority 4: Standard Loyalty Reward Program
51927,3.0,Potential Loyalists,760.82,3,0,6.0,0,0.008,Low Risk,Priority 4: Standard Loyalty Reward Program
51928,13.0,At-Risk High-Value,2350.26,4,0,8.0,0,0.014,Low Risk,Priority 4: Standard Loyalty Reward Program
51929,7.0,Potential Loyalists,907.5,5,0,14.0,0,0.071,Low Risk,Priority 4: Standard Loyalty Reward Program
51930,15.0,At-Risk High-Value,21891.1,1,0,14.0,0,0.032,Low Risk,Priority 4: Standard Loyalty Reward Program
51931,9.0,Potential Loyalists,638.06,5,1,12.0,1,0.983,High Risk,Priority 2: 25% Comeback Voucher + Free Express Delivery
51932,0.0,Potential Loyalists,698.17,4,0,15.0,0,0.427,Medium Risk,Priority 3: Personalized Recommendation + Free Shipping
51933,25.0,Lost / Low Value,723.2,3,0,17.0,0,0.02,Low Risk,Priority 4: Standard Loyalty Reward Program
51934,23.0,Potential Loyalists,1520.14,3,0,8.0,0,0.024,Low Risk,Priority 4: Standard Loyalty Reward Program
51935,0.0,Potential Loyalists,677.54,5,1,14.0,1,0.987,High Risk,Priority 2: 25% Comeback Voucher + Free Express Delivery
51936,6.0,Champions,3579.02,3,0,13.0,0,0.044,Low Risk,Priority 4: Standard Loyalty Reward Program
51937,0.0,Potential Loyalists,842.82,5,0,22.0,1,0.994,High Risk,Priority 2: 25% Comeback Voucher + Free Express Delivery
51938,20.0,Champions,4414.08,1,1,8.0,0,0.029,Low Risk,Priority 4: Standard Loyalty Reward Program
51939,9.0,Lost / Low Value,837.54,4,0,6.0,0,0.006,Low Risk,Priority 4: Standard Loyalty Reward Program
51940,2.0,Lost / Low Value,698.5,3,0,29.0,0,0.019,Low Risk,Priority 4: Standard Loyalty Reward Program
51941,20.0,At-Risk High-Value,20910.89,4,1,8.0,1,0.935,High Risk,"Priority 1: Executive Concierge Call + ₹1,000 Credit"
51942,8.0,Loyal Customers,1375.66,3,0,14.0,0,0.057,Low Risk,Priority 4: Standard Loyalty Reward Program
51943,15.0,Potential Loyalists,883.41,1,1,6.0,0,0.083,Low Risk,Priority 4: Standard Loyalty Reward Program
51944,0.0,Loyal Customers,1582.02,3,0,8.0,1,0.948,High Risk,Priority 2: 25% Comeback Voucher + Free Express Delivery
51945,9.0,Lost / Low Value,667.86,4,0,19.0,0,0.136,Low Risk,Priority 4: Standard Loyalty Reward Program
51946,5.0,At-Risk High-Value,5333.46,3,0,10.0,0,0.001,Low Risk,Priority 4: Standard Loyalty Reward Program
51947,13.0,Potential Loyalists,830.17,3,0,22.0,0,0.052,Low Risk,Priority 4: Standard Loyalty Reward Program
51948,3.0,Potential Loyalists,928.24,1,1,8.0,0,0.062,Low Risk,Priority 4: Standard Loyalty Reward Program
51949,9.0,Potential Loyalists,675.07,3,0,8.0,0,0.267,Low Risk,Priority 4: Standard Loyalty Reward Program
51950,15.0,At-Risk High-Value,5557.09,4,0,35.0,0,0.029,Low Risk,Priority 4: Standard Loyalty Reward Program
51951,11.0,Potential Loyalists,895.84,5,0,18.0,0,0.04,Low Risk,Priority 4: Standard Loyalty Reward Program
51952,7.0,Potential Loyalists,690.42,1,0,14.0,0,0.031,Low Risk,Priority 4: Standard Loyalty Reward Program
51953,12.0,At-Risk High-Value,6796.79,1,0,17.0,1,0.926,High Risk,"Priority 1: Executive Concierge Call + ₹1,000 Credit"
51954,18.0,Champions,5836.6,1,0,8.0,1,0.906,High Risk,"Priority 1: Executive Concierge Call + ₹1,000 Credit"
51955,16.0,Potential Loyalists,1493.74,5,0,20.0,0,0.06,Low Risk,Priority 4: Standard Loyalty Reward Program
51956,0.0,Potential Loyalists,1254.44,1,1,11.0,0,0.192,Low Risk,Priority 4: Standard Loyalty Reward Program
51957,8.0,Lost / Low Value,1112.16,3,0,13.0,0,0.046,Low Risk,Priority 4: Standard Loyalty Reward Program
51958,1.0,At-Risk High-Value,5689.91,4,1,8.0,0,0.197,Low Risk,Priority 4: Standard Loyalty Reward Program
51959,7.0,Potential Loyalists,755.54,1,0,9.0,0,0.036,Low Risk,Priority 4: Standard Loyalty Reward Program
51960,0.0,Lost / Low Value,680.13,3,1,14.0,1,0.979,High Risk,Priority 2: 25% Comeback Voucher + Free Express Delivery
51961,9.0,Potential Loyalists,643.83,1,0,9.0,0,0.109,Low Risk,Priority 4: Standard Loyalty Reward Program
51962,24.0,At-Risk High-Value,5787.54,3,0,32.0,0,0.014,Low Risk,Priority 4: Standard Loyalty Reward Program
51963,17.0,Loyal Customers,1752.63,4,0,10.0,0,0.022,Low Risk,Priority 4: Standard Loyalty Reward Program
51964,0.0,Potential Loyalists,738.32,5,0,8.0,0,0.362,Medium Risk,Priority 3: Personalized Recommendation + Free Shipping
51965,6.0,Lost / Low Value,772.04,5,0,6.0,0,0.031,Low Risk,Priority 4: Standard Loyalty Reward Program
51966,8.0,Potential Loyalists,690.74,5,0,14.0,0,0.171,Low Risk,Priority 4: Standard Loyalty Reward Program
51967,9.0,At-Risk High-Value,3564.22,1,1,6.0,0,0.019,Low Risk,Priority 4: Standard Loyalty Reward Program
51968,5.0,Potential Loyalists,792.16,1,0,19.0,0,0.051,Low Risk,Priority 4: Standard Loyalty Reward Program
51969,3.0,Potential Loyalists,756.86,1,0,11.0,0,0.112,Low Risk,Priority 4: Standard Loyalty Reward Program
51970,26.0,Potential Loyalists,1151.37,1,1,13.0,0,0.054,Low Risk,Priority 4: Standard Loyalty Reward Program
51971,18.0,Potential Loyalists,1141.86,5,1,15.0,0,0.186,Low Risk,Priority 4: Standard Loyalty Reward Program
51972,5.0,Potential Loyalists,834.62,3,0,14.0,0,0.054,Low Risk,Priority 4: Standard Loyalty Reward Program
51973,25.0,Loyal Customers,2620.86,1,0,31.0,0,0.005,Low Risk,Priority 4: Standard Loyalty Reward Program
51974,10.0,Potential Loyalists,898.37,3,0,22.0,0,0.039,Low Risk,Priority 4: Standard Loyalty Reward Program
51975,1.0,Lost / Low Value,821.48,1,0,14.0,0,0.114,Low Risk,Priority 4: Standard Loyalty Reward Program
51976,0.0,Loyal Customers,1625.25,1,0,6.0,0,0.134,Low Risk,Priority 4: Standard Loyalty Reward Program
51977,17.0,Potential Loyalists,704.99,1,1,14.0,0,0.072,Low Risk,Priority 4: Standard Loyalty Reward Program
51978,15.0,Loyal Customers,1376.65,1,1,14.0,0,0.073,Low Risk,Priority 4: Standard Loyalty Reward Program
51979,9.0,Potential Loyalists,678.81,5,0,14.0,0,0.06,Low Risk,Priority 4: Standard Loyalty Reward Program
51980,0.0,Potential Loyalists,780.67,5,1,9.0,0,0.245,Low Risk,Priority 4: Standard Loyalty Reward Program
51981,8.0,At-Risk High-Value,5688.38,3,1,15.0,0,0.061,Low Risk,Priority 4: Standard Loyalty Reward Program
51982,9.0,At-Risk High-Value,4628.47,4,1,31.0,1,0.967,High Risk,"Priority 1: Executive Concierge Call + ₹1,000 Credit"
51983,5.0,Potential Loyalists,677.27,1,0,6.0,0,0.045,Low Risk,Priority 4: Standard Loyalty Reward Program
51984,0.0,Potential Loyalists,784.08,5,0,10.0,0,0.279,Low Risk,Priority 4: Standard Loyalty Reward Program
51985,22.0,Potential Loyalists,746.9,5,0,6.0,0,0.005,Low Risk,Priority 4: Standard Loyalty Reward Program
51986,0.0,At-Risk High-Value,2171.73,1,0,10.0,0,0.087,Low Risk,Priority 4: Standard Loyalty Reward Program
51987,5.0,Champions,4544.1,4,0,11.0,0,0.028,Low Risk,Priority 4: Standard Loyalty Reward Program
51988,11.0,Potential Loyalists,709.44,4,0,15.0,0,0.029,Low Risk,Priority 4: Standard Loyalty Reward Program
51989,15.0,Potential Loyalists,837.7,1,1,9.0,0,0.021,Low Risk,Priority 4: Standard Loyalty Reward Program
51990,4.0,Potential Loyalists,679.58,1,1,14.0,0,0.402,Medium Risk,Priority 3: Personalized Recommendation + Free Shipping
51991,0.0,Potential Loyalists,704.0,3,1,6.0,1,0.985,High Risk,Priority 2: 25% Comeback Voucher + Free Express Delivery
51992,26.0,Loyal Customers,2401.96,1,0,14.0,0,0.027,Low Risk,Priority 4: Standard Loyalty Reward Program
51993,8.0,At-Risk High-Value,4598.66,4,0,31.0,0,0.067,Low Risk,Priority 4: Standard Loyalty Reward Program
51994,10.0,Potential Loyalists,713.52,1,0,27.0,0,0.071,Low Risk,Priority 4: Standard Loyalty Reward Program
51995,26.0,Hibernating Big Spenders,2670.25,1,0,29.0,0,0.001,Low Risk,Priority 4: Standard Loyalty Reward Program
51996,16.0,Loyal Customers,1711.82,1,0,6.0,0,0.005,Low Risk,Priority 4: Standard Loyalty Reward Program
51997,20.0,At-Risk High-Value,5596.75,1,1,8.0,0,0.033,Low Risk,Priority 4: Standard Loyalty Reward Program
51998,10.0,Lost / Low Value,970.31,4,1,25.0,0,0.064,Low Risk,Priority 4: Standard Loyalty Reward Program
51999,23.0,At-Risk High-Value,21501.48,5,0,8.0,0,0.015,Low Risk,Priority 4: Standard Loyalty Reward Program
52000,12.0,Lost / Low Value,836.22,1,0,8.0,0,0.042,Low Risk,Priority 4: Standard Loyalty Reward Program
52001,9.0,Potential Loyalists,675.24,4,1,9.0,0,0.366,Medium Risk,Priority 3: Personalized Recommendation + Free Shipping
52002,0.0,Potential Loyalists,703.72,1,1,31.0,1,0.983,High Risk,Priority 2: 25% Comeback Voucher + Free Express Delivery
52003,2.0,Potential Loyalists,689.26,1,0,14.0,0,0.078,Low Risk,Priority 4: Standard Loyalty Reward Program
52004,17.0,Champions,4835.22,5,1,14.0,0,0.15,Low Risk,Priority 4: Standard Loyalty Reward Program
52005,1.0,Potential Loyalists,819.94,1,0,11.0,0,0.038,Low Risk,Priority 4: Standard Loyalty Reward Program
52006,20.0,Potential Loyalists,680.9,1,1,14.0,1,0.573,Medium Risk,Priority 3: Personalized Recommendation + Free Shipping
52007,16.0,Potential Loyalists,812.08,4,0,14.0,0,0.027,Low Risk,Priority 4: Standard Loyalty Reward Program
52008,9.0,Potential Loyalists,662.42,3,0,8.0,1,0.984,High Risk,Priority 2: 25% Comeback Voucher + Free Express Delivery
52009,0.0,Potential Loyalists,698.12,1,0,24.0,1,0.85,High Risk,Priority 2: 25% Comeback Voucher + Free Express Delivery
52010,9.0,At-Risk High-Value,3648.92,1,1,20.0,0,0.011,Low Risk,Priority 4: Standard Loyalty Reward Program
52011,20.0,Potential Loyalists,731.17,1,1,8.0,0,0.054,Low Risk,Priority 4: Standard Loyalty Reward Program
52012,0.0,Potential Loyalists,779.41,3,1,9.0,1,0.977,High Risk,Priority 2: 25% Comeback Voucher + Free Express Delivery
52013,4.0,Potential Loyalists,702.79,1,1,8.0,1,0.981,High Risk,Priority 2: 25% Comeback Voucher + Free Express Delivery
52014,1.0,Loyal Customers,1361.47,3,0,14.0,0,0.173,Low Risk,Priority 4: Standard Loyalty Reward Program
52015,2.0,Loyal Customers,1364.44,5,1,14.0,1,0.886,High Risk,Priority 2: 25% Comeback Voucher + Free Express Delivery
52016,0.0,Potential Loyalists,677.49,3,0,14.0,0,0.305,Medium Risk,Priority 3: Personalized Recommendation + Free Shipping
52017,9.0,Potential Loyalists,660.44,4,0,16.0,0,0.292,Low Risk,Priority 4: Standard Loyalty Reward Program
52018,15.0,Potential Loyalists,893.42,3,0,20.0,0,0.018,Low Risk,Priority 4: Standard Loyalty Reward Program
52019,6.0,Potential Loyalists,703.94,5,1,6.0,0,0.225,Low Risk,Priority 4: Standard Loyalty Reward Program
52020,30.0,Lost / Low Value,1130.36,4,1,11.0,0,0.013,Low Risk,Priority 4: Standard Loyalty Reward Program
52021,4.0,Champions,3390.48,3,0,14.0,0,0.058,Low Risk,Priority 4: Standard Loyalty Reward Program
52022,8.0,Lost / Low Value,770.77,1,1,27.0,0,0.078,Low Risk,Priority 4: Standard Loyalty Reward Program
52023,22.0,Lost / Low Value,957.16,4,0,14.0,0,0.052,Low Risk,Priority 4: Standard Loyalty Reward Program
52024,9.0,Potential Loyalists,674.24,3,0,26.0,0,0.181,Low Risk,Priority 4: Standard Loyalty Reward Program
52025,4.0,Potential Loyalists,931.26,3,0,26.0,0,0.081,Low Risk,Priority 4: Standard Loyalty Reward Program
52026,9.0,Potential Loyalists,807.29,1,0,13.0,0,0.136,Low Risk,Priority 4: Standard Loyalty Reward Program
52027,11.0,Hibernating Big Spenders,2594.02,5,0,6.0,0,0.036,Low Risk,Priority 4: Standard Loyalty Reward Program
52028,5.0,Potential Loyalists,678.26,4,0,14.0,0,0.066,Low Risk,Priority 4: Standard Loyalty Reward Program
52029,0.0,Potential Loyalists,682.71,4,1,14.0,1,0.995,High Risk,Priority 2: 25% Comeback Voucher + Free Express Delivery
52030,13.0,Potential Loyalists,1083.78,4,0,16.0,0,0.09,Low Risk,Priority 4: Standard Loyalty Reward Program
52031,0.0,Lost / Low Value,786.17,5,0,6.0,0,0.151,Low Risk,Priority 4: Standard Loyalty Reward Program
52032,14.0,Lost / Low Value,1619.31,5,1,12.0,0,0.144,Low Risk,Priority 4: Standard Loyalty Reward Program
52033,9.0,At-Risk High-Value,2065.63,3,0,14.0,0,0.023,Low Risk,Priority 4: Standard Loyalty Reward Program
52034,9.0,Potential Loyalists,666.66,4,1,27.0,1,1.0,High Risk,Priority 2: 25% Comeback Voucher + Free Express Delivery
52035,0.0,Potential Loyalists,713.52,5,0,10.0,1,0.956,High Risk,Priority 2: 25% Comeback Voucher + Free Express Delivery
52036,4.0,At-Risk High-Value,6976.2,1,1,18.0,0,0.046,Low Risk,Priority 4: Standard Loyalty Reward Program
52037,13.0,Potential Loyalists,748.94,4,1,15.0,0,0.123,Low Risk,Priority 4: Standard Loyalty Reward Program
52038,5.0,Champions,5519.25,5,0,9.0,0,0.014,Low Risk,Priority 4: Standard Loyalty Reward Program
52039,0.0,At-Risk High-Value,3353.62,1,1,9.0,1,0.977,High Risk,"Priority 1: Executive Concierge Call + ₹1,000 Credit"
52040,6.0,Lost / Low Value,932.2,1,0,6.0,0,0.007,Low Risk,Priority 4: Standard Loyalty Reward Program
52041,0.0,At-Risk High-Value,12468.45,3,0,6.0,1,0.99,High Risk,"Priority 1: Executive Concierge Call + ₹1,000 Credit"
52042,18.0,Lost / Low Value,794.58,4,0,10.0,0,0.002,Low Risk,Priority 4: Standard Loyalty Reward Program
52043,9.0,Potential Loyalists,668.64,1,0,26.0,0,0.118,Low Risk,Priority 4: Standard Loyalty Reward Program
52044,8.0,Potential Loyalists,803.06,3,0,24.0,0,0.067,Low Risk,Priority 4: Standard Loyalty Reward Program
52045,25.0,At-Risk High-Value,10433.12,1,0,6.0,0,0.01,Low Risk,Priority 4: Standard Loyalty Reward Program
52046,20.0,Potential Loyalists,686.34,3,0,14.0,1,0.952,High Risk,Priority 2: 25% Comeback Voucher + Free Express Delivery
52047,26.0,Loyal Customers,2733.72,3,0,8.0,0,0.056,Low Risk,Priority 4: Standard Loyalty Reward Program
52048,3.0,At-Risk High-Value,6646.64,3,0,14.0,0,0.069,Low Risk,Priority 4: Standard Loyalty Reward Program
52049,11.0,Potential Loyalists,861.63,1,1,16.0,0,0.171,Low Risk,Priority 4: Standard Loyalty Reward Program
52050,8.0,Lost / Low Value,980.26,1,0,9.0,0,0.126,Low Risk,Priority 4: Standard Loyalty Reward Program
52051,12.0,Lost / Low Value,983.4,3,0,8.0,0,0.033,Low Risk,Priority 4: Standard Loyalty Reward Program
52052,3.0,Loyal Customers,2551.34,4,1,30.0,1,0.702,High Risk,Priority 2: 25% Comeback Voucher + Free Express Delivery
52053,20.0,Lost / Low Value,1657.37,3,1,22.0,0,0.005,Low Risk,Priority 4: Standard Loyalty Reward Program
52054,9.0,Lost / Low Value,829.34,1,0,14.0,0,0.071,Low Risk,Priority 4: Standard Loyalty Reward Program
52055,0.0,Potential Loyalists,677.66,5,1,14.0,1,0.997,High Risk,Priority 2: 25% Comeback Voucher + Free Express Delivery
52056,6.0,Champions,9056.52,3,0,23.0,0,0.031,Low Risk,Priority 4: Standard Loyalty Reward Program
52057,0.0,Potential Loyalists,682.22,5,1,14.0,1,0.998,High Risk,Priority 2: 25% Comeback Voucher + Free Express Delivery
52058,6.0,Potential Loyalists,739.86,1,0,19.0,0,0.015,Low Risk,Priority 4: Standard Loyalty Reward Program
52059,9.0,Potential Loyalists,674.85,1,0,6.0,0,0.014,Low Risk,Priority 4: Standard Loyalty Reward Program
52060,23.0,Potential Loyalists,1506.95,1,0,6.0,0,0.011,Low Risk,Priority 4: Standard Loyalty Reward Program
52061,6.0,Potential Loyalists,851.84,4,1,6.0,0,0.038,Low Risk,Priority 4: Standard Loyalty Reward Program
52062,14.0,Lost / Low Value,1618.04,3,0,15.0,0,0.023,Low Risk,Priority 4: Standard Loyalty Reward Program
52063,0.0,Loyal Customers,1409.21,4,0,22.0,0,0.31,Medium Risk,Priority 3: Personalized Recommendation + Free Shipping
52064,18.0,Lost / Low Value,749.82,5,1,29.0,0,0.022,Low Risk,Priority 4: Standard Loyalty Reward Program
52065,20.0,Lost / Low Value,778.96,1,1,10.0,0,0.022,Low Risk,Priority 4: Standard Loyalty Reward Program
52066,9.0,Potential Loyalists,667.26,3,1,28.0,1,0.971,High Risk,Priority 2: 25% Comeback Voucher + Free Express Delivery
52067,23.0,Hibernating Big Spenders,2637.03,3,1,30.0,0,0.006,Low Risk,Priority 4: Standard Loyalty Reward Program
52068,11.0,Potential Loyalists,697.62,3,0,16.0,0,0.008,Low Risk,Priority 4: Standard Loyalty Reward Program
52069,19.0,Lost / Low Value,1146.47,3,0,13.0,0,0.047,Low Risk,Priority 4: Standard Loyalty Reward Program
52070,0.0,Champions,2372.2,3,0,23.0,0,0.167,Low Risk,Priority 4: Standard Loyalty Reward Program
52071,0.0,Potential Loyalists,755.86,4,1,20.0,1,0.983,High Risk,Priority 2: 25% Comeback Voucher + Free Express Delivery
52072,4.0,Potential Loyalists,778.14,5,0,6.0,0,0.003,Low Risk,Priority 4: Standard Loyalty Reward Program
52073,0.0,Potential Loyalists,607.81,1,0,11.0,0,0.305,Medium Risk,Priority 3: Personalized Recommendation + Free Shipping
52074,27.0,Lost / Low Value,1140.64,3,0,23.0,0,0.064,Low Risk,Priority 4: Standard Loyalty Reward Program
52075,8.0,Champions,11213.4,3,1,31.0,0,0.098,Low Risk,Priority 4: Standard Loyalty Reward Program
52076,3.0,Potential Loyalists,1177.88,5,1,14.0,0,0.031,Low Risk,Priority 4: Standard Loyalty Reward Program
52077,0.0,Potential Loyalists,693.0,5,1,14.0,1,0.883,High Risk,Priority 2: 25% Comeback Voucher + Free Express Delivery
52078,0.0,Potential Loyalists,683.21,4,0,14.0,1,0.982,High Risk,Priority 2: 25% Comeback Voucher + Free Express Delivery
52079,0.0,Potential Loyalists,850.96,1,0,8.0,0,0.087,Low Risk,Priority 4: Standard Loyalty Reward Program
52080,0.0,Potential Loyalists,684.8,5,0,14.0,0,0.26,Low Risk,Priority 4: Standard Loyalty Reward Program
52081,21.0,Loyal Customers,1566.4,3,0,12.0,0,0.021,Low Risk,Priority 4: Standard Loyalty Reward Program
52082,21.0,Champions,4619.78,3,0,10.0,0,0.058,Low Risk,Priority 4: Standard Loyalty Reward Program
52083,14.0,Loyal Customers,1650.33,3,0,13.0,0,0.022,Low Risk,Priority 4: Standard Loyalty Reward Program
52084,12.0,Champions,13758.91,1,0,6.0,0,0.08,Low Risk,Priority 4: Standard Loyalty Reward Program
52085,0.0,Loyal Customers,1564.97,1,0,8.0,0,0.095,Low Risk,Priority 4: Standard Loyalty Reward Program
52086,8.0,Potential Loyalists,765.44,1,0,16.0,0,0.014,Low Risk,Priority 4: Standard Loyalty Reward Program
52087,0.0,Potential Loyalists,1556.66,3,0,11.0,0,0.245,Low Risk,Priority 4: Standard Loyalty Reward Program
52088,23.0,Potential Loyalists,680.9,1,0,14.0,0,0.042,Low Risk,Priority 4: Standard Loyalty Reward Program
52089,30.0,Loyal Customers,2609.86,1,1,8.0,0,0.025,Low Risk,Priority 4: Standard Loyalty Reward Program
52090,0.0,Potential Loyalists,812.74,4,0,17.0,1,0.981,High Risk,Priority 2: 25% Comeback Voucher + Free Express Delivery
52091,28.0,At-Risk High-Value,5407.05,4,1,24.0,0,0.059,Low Risk,Priority 4: Standard Loyalty Reward Program
52092,14.0,At-Risk High-Value,8242.58,3,0,13.0,0,0.046,Low Risk,Priority 4: Standard Loyalty Reward Program
52093,11.0,Potential Loyalists,927.36,1,1,9.0,0,0.159,Low Risk,Priority 4: Standard Loyalty Reward Program
52094,0.0,Loyal Customers,1646.59,5,0,35.0,1,0.957,High Risk,Priority 2: 25% Comeback Voucher + Free Express Delivery
52095,15.0,At-Risk High-Value,9848.85,1,0,8.0,1,0.933,High Risk,"Priority 1: Executive Concierge Call + ₹1,000 Credit"
52096,17.0,Hibernating Big Spenders,2565.2,1,1,34.0,0,0.025,Low Risk,Priority 4: Standard Loyalty Reward Program
52097,23.0,Lost / Low Value,899.08,3,0,6.0,0,0.031,Low Risk,Priority 4: Standard Loyalty Reward Program
52098,0.0,At-Risk High-Value,10512.98,5,0,22.0,1,0.912,High Risk,"Priority 1: Executive Concierge Call + ₹1,000 Credit"
52099,12.0,Hibernating Big Spenders,2296.8,5,1,28.0,0,0.045,Low Risk,Priority 4: Standard Loyalty Reward Program
52100,6.0,Loyal Customers,1357.62,1,0,14.0,0,0.078,Low Risk,Priority 4: Standard Loyalty Reward Program
52101,18.0,Potential Loyalists,1520.75,1,0,17.0,0,0.006,Low Risk,Priority 4: Standard Loyalty Reward Program
52102,5.0,At-Risk High-Value,5399.62,3,0,35.0,0,0.057,Low Risk,Priority 4: Standard Loyalty Reward Program
52103,7.0,Lost / Low Value,1084.88,1,0,6.0,0,0.032,Low Risk,Priority 4: Standard Loyalty Reward Program
52104,30.0,Potential Loyalists,1204.72,1,1,6.0,0,0.04,Low Risk,Priority 4: Standard Loyalty Reward Program
52105,9.0,Lost / Low Value,669.74,4,0,30.0,0,0.034,Low Risk,Priority 4: Standard Loyalty Reward Program
52106,26.0,At-Risk High-Value,5783.25,4,0,8.0,0,0.032,Low Risk,Priority 4: Standard Loyalty Reward Program
52107,0.0,Potential Loyalists,815.87,3,0,21.0,1,0.989,High Risk,Priority 2: 25% Comeback Voucher + Free Express Delivery
52108,9.0,Potential Loyalists,662.31,5,1,8.0,1,0.977,High Risk,Priority 2: 25% Comeback Voucher + Free Express Delivery
52109,9.0,Potential Loyalists,672.1,3,1,16.0,0,0.261,Low Risk,Priority 4: Standard Loyalty Reward Program
52110,1.0,Potential Loyalists,607.86,4,0,16.0,0,0.213,Low Risk,Priority 4: Standard Loyalty Reward Program
52111,11.0,Loyal Customers,1410.31,3,0,9.0,0,0.022,Low Risk,Priority 4: Standard Loyalty Reward Program
52112,23.0,At-Risk High-Value,11256.24,3,1,8.0,0,0.034,Low Risk,Priority 4: Standard Loyalty Reward Program
52113,10.0,Potential Loyalists,775.88,4,0,9.0,0,0.034,Low Risk,Priority 4: Standard Loyalty Reward Program
52114,13.0,At-Risk High-Value,7082.46,5,0,32.0,0,0.051,Low Risk,Priority 4: Standard Loyalty Reward Program
52115,9.0,Potential Loyalists,660.38,3,0,6.0,0,0.065,Low Risk,Priority 4: Standard Loyalty Reward Program
52116,19.0,Loyal Customers,3258.97,1,0,6.0,0,0.027,Low Risk,Priority 4: Standard Loyalty Reward Program
52117,27.0,Champions,7964.11,3,0,8.0,0,0.044,Low Risk,Priority 4: Standard Loyalty Reward Program
52118,29.0,Potential Loyalists,711.81,3,0,15.0,0,0.023,Low Risk,Priority 4: Standard Loyalty Reward Program
52119,9.0,At-Risk High-Value,7260.33,1,0,18.0,0,0.092,Low Risk,Priority 4: Standard Loyalty Reward Program
52120,28.0,Champions,8829.48,5,0,8.0,0,0.01,Low Risk,Priority 4: Standard Loyalty Reward Program
52121,16.0,Potential Loyalists,1143.89,1,0,31.0,0,0.087,Low Risk,Priority 4: Standard Loyalty Reward Program
52122,0.0,Potential Loyalists,677.76,1,1,14.0,1,0.956,High Risk,Priority 2: 25% Comeback Voucher + Free Express Delivery
52123,9.0,Potential Loyalists,627.88,5,0,16.0,1,0.946,High Risk,Priority 2: 25% Comeback Voucher + Free Express Delivery
52124,19.0,Lost / Low Value,803.82,5,1,14.0,0,0.021,Low Risk,Priority 4: Standard Loyalty Reward Program
52125,14.0,Lost / Low Value,1370.71,3,1,14.0,1,0.928,High Risk,Priority 2: 25% Comeback Voucher + Free Express Delivery
52126,0.0,Lost / Low Value,1029.71,5,0,30.0,1,0.936,High Risk,Priority 2: 25% Comeback Voucher + Free Express Delivery
52127,0.0,Potential Loyalists,767.53,5,0,6.0,0,0.103,Low Risk,Priority 4: Standard Loyalty Reward Program
52128,3.0,Potential Loyalists,1097.64,5,0,26.0,0,0.037,Low Risk,Priority 4: Standard Loyalty Reward Program
52129,14.0,Lost / Low Value,735.68,3,0,13.0,0,0.014,Low Risk,Priority 4: Standard Loyalty Reward Program
52130,11.0,Lost / Low Value,1035.26,3,0,23.0,0,0.08,Low Risk,Priority 4: Standard Loyalty Reward Program
52131,13.0,Champions,12294.81,1,0,26.0,0,0.086,Low Risk,Priority 4: Standard Loyalty Reward Program
52132,0.0,Potential Loyalists,804.16,3,0,14.0,0,0.18,Low Risk,Priority 4: Standard Loyalty Reward Program
52133,28.0,Potential Loyalists,1153.68,4,0,8.0,0,0.012,Low Risk,Priority 4: Standard Loyalty Reward Program
52134,1.0,Lost / Low Value,751.3,3,0,16.0,0,0.17,Low Risk,Priority 4: Standard Loyalty Reward Program
52135,7.0,At-Risk High-Value,3379.53,5,0,6.0,1,0.931,High Risk,"Priority 1: Executive Concierge Call + ₹1,000 Credit"
52136,6.0,Potential Loyalists,941.54,1,0,11.0,0,0.025,Low Risk,Priority 4: Standard Loyalty Reward Program
52137,0.0,At-Risk High-Value,4308.04,5,1,10.0,1,0.999,High Risk,"Priority 1: Executive Concierge Call + ₹1,000 Credit"
52138,0.0,At-Risk High-Value,2393.82,3,0,35.0,1,0.999,High Risk,"Priority 1: Executive Concierge Call + ₹1,000 Credit"
52139,9.0,Loyal Customers,1342.77,3,0,21.0,0,0.03,Low Risk,Priority 4: Standard Loyalty Reward Program
52140,7.0,Lost / Low Value,976.58,1,0,9.0,0,0.011,Low Risk,Priority 4: Standard Loyalty Reward Program
52141,10.0,Potential Loyalists,918.17,1,1,16.0,0,0.023,Low Risk,Priority 4: Standard Loyalty Reward Program
52142,0.0,At-Risk High-Value,3765.02,1,1,10.0,1,0.982,High Risk,"Priority 1: Executive Concierge Call + ₹1,000 Credit"
52143,0.0,Potential Loyalists,680.74,3,0,14.0,1,0.968,High Risk,Priority 2: 25% Comeback Voucher + Free Express Delivery
52144,0.0,Loyal Customers,1354.43,4,1,31.0,1,0.989,High Risk,Priority 2: 25% Comeback Voucher + Free Express Delivery
52145,15.0,At-Risk High-Value,19780.47,5,0,8.0,0,0.059,Low Risk,Priority 4: Standard Loyalty Reward Program
52146,0.0,Potential Loyalists,692.78,4,0,14.0,1,0.973,High Risk,Priority 2: 25% Comeback Voucher + Free Express Delivery
52147,13.0,Potential Loyalists,810.04,3,1,6.0,1,0.986,High Risk,Priority 2: 25% Comeback Voucher + Free Express Delivery
52148,6.0,Potential Loyalists,786.61,4,0,13.0,0,0.023,Low Risk,Priority 4: Standard Loyalty Reward Program
52149,7.0,Potential Loyalists,713.84,1,0,9.0,0,0.161,Low Risk,Priority 4: Standard Loyalty Reward Program
52150,21.0,Loyal Customers,2957.35,1,0,6.0,0,0.006,Low Risk,Priority 4: Standard Loyalty Reward Program
52151,18.0,At-Risk High-Value,3430.46,3,0,15.0,0,0.006,Low Risk,Priority 4: Standard Loyalty Reward Program
52152,25.0,Champions,4497.9,4,0,5.0,0,0.025,Low Risk,Priority 4: Standard Loyalty Reward Program
52153,11.0,Hibernating Big Spenders,2061.4,3,1,16.0,0,0.027,Low Risk,Priority 4: Standard Loyalty Reward Program
52154,2.0,Lost / Low Value,688.27,1,0,14.0,0,0.025,Low Risk,Priority 4: Standard Loyalty Reward Program
52155,1.0,Lost / Low Value,971.03,4,0,9.0,0,0.056,Low Risk,Priority 4: Standard Loyalty Reward Program
52156,19.0,At-Risk High-Value,6042.3,3,0,9.0,0,0.02,Low Risk,Priority 4: Standard Loyalty Reward Program
52157,11.0,Potential Loyalists,954.3,4,0,8.0,0,0.054,Low Risk,Priority 4: Standard Loyalty Reward Program
52158,16.0,Potential Loyalists,1145.1,5,0,33.0,0,0.075,Low Risk,Priority 4: Standard Loyalty Reward Program
52159,2.0,Champions,13412.24,1,0,8.0,1,0.916,High Risk,"Priority 1: Executive Concierge Call + ₹1,000 Credit"
52160,13.0,At-Risk High-Value,6517.72,3,0,20.0,0,0.014,Low Risk,Priority 4: Standard Loyalty Reward Program
52161,9.0,Loyal Customers,1327.7,4,1,6.0,0,0.266,Low Risk,Priority 4: Standard Loyalty Reward Program
52162,12.0,Potential Loyalists,923.01,4,0,15.0,0,0.036,Low Risk,Priority 4: Standard Loyalty Reward Program
52163,9.0,Lost / Low Value,977.84,1,0,24.0,0,0.035,Low Risk,Priority 4: Standard Loyalty Reward Program
52164,4.0,Loyal Customers,1407.01,1,0,26.0,0,0.021,Low Risk,Priority 4: Standard Loyalty Reward Program
52165,1.0,Lost / Low Value,726.06,4,0,8.0,0,0.079,Low Risk,Priority 4: Standard Loyalty Reward Program
52166,8.0,Potential Loyalists,823.24,1,0,17.0,0,0.044,Low Risk,Priority 4: Standard Loyalty Reward Program
52167,22.0,Loyal Customers,2543.2,4,0,14.0,0,0.038,Low Risk,Priority 4: Standard Loyalty Reward Program
52168,7.0,Potential Loyalists,771.82,3,0,8.0,0,0.032,Low Risk,Priority 4: Standard Loyalty Reward Program
52169,2.0,Potential Loyalists,731.0,4,0,16.0,0,0.085,Low Risk,Priority 4: Standard Loyalty Reward Program
52170,15.0,Potential Loyalists,784.96,1,0,35.0,0,0.072,Low Risk,Priority 4: Standard Loyalty Reward Program
52171,2.0,Potential Loyalists,828.08,1,1,14.0,0,0.05,Low Risk,Priority 4: Standard Loyalty Reward Program
52172,11.0,Champions,3532.1,3,0,6.0,0,0.039,Low Risk,Priority 4: Standard Loyalty Reward Program
52173,1.0,Potential Loyalists,698.66,3,1,12.0,0,0.464,Medium Risk,Priority 3: Personalized Recommendation + Free Shipping
52174,9.0,Potential Loyalists,654.72,3,0,14.0,1,0.814,High Risk,Priority 2: 25% Comeback Voucher + Free Express Delivery
52175,0.0,Potential Loyalists,1002.32,5,1,15.0,1,0.999,High Risk,Priority 2: 25% Comeback Voucher + Free Express Delivery
52176,14.0,Potential Loyalists,812.13,1,1,18.0,0,0.093,Low Risk,Priority 4: Standard Loyalty Reward Program
52177,0.0,Loyal Customers,1387.1,3,0,14.0,1,0.9,High Risk,Priority 2: 25% Comeback Voucher + Free Express Delivery
52178,10.0,Potential Loyalists,865.2,1,0,31.0,0,0.013,Low Risk,Priority 4: Standard Loyalty Reward Program
52179,0.0,Loyal Customers,1379.29,3,0,14.0,0,0.182,Low Risk,Priority 4: Standard Loyalty Reward Program
52180,7.0,Potential Loyalists,864.27,3,0,15.0,0,0.027,Low Risk,Priority 4: Standard Loyalty Reward Program
52181,8.0,Lost / Low Value,787.76,3,0,14.0,0,0.101,Low Risk,Priority 4: Standard Loyalty Reward Program
52182,0.0,At-Risk High-Value,2860.44,5,0,29.0,1,0.981,High Risk,"Priority 1: Executive Concierge Call + ₹1,000 Credit"
52183,13.0,Hibernating Big Spenders,2584.89,3,0,15.0,0,0.021,Low Risk,Priority 4: Standard Loyalty Reward Program
52184,5.0,Hibernating Big Spenders,2613.38,5,1,18.0,1,0.876,High Risk,Priority 2: 25% Comeback Voucher + Free Express Delivery
52185,15.0,Lost / Low Value,833.53,5,0,10.0,0,0.026,Low Risk,Priority 4: Standard Loyalty Reward Program
52186,9.0,Lost / Low Value,674.19,3,0,6.0,0,0.043,Low Risk,Priority 4: Standard Loyalty Reward Program
52187,0.0,Potential Loyalists,747.84,4,0,30.0,0,0.408,Medium Risk,Priority 3: Personalized Recommendation + Free Shipping
52188,0.0,Potential Loyalists,688.32,1,1,14.0,1,0.971,High Risk,Priority 2: 25% Comeback Voucher + Free Express Delivery
52189,0.0,Lost / Low Value,793.1,1,0,9.0,0,0.06,Low Risk,Priority 4: Standard Loyalty Reward Program
52190,3.0,Lost / Low Value,911.79,3,0,16.0,0,0.009,Low Risk,Priority 4: Standard Loyalty Reward Program
52191,13.0,Potential Loyalists,793.21,1,1,32.0,0,0.055,Low Risk,Priority 4: Standard Loyalty Reward Program
52192,8.0,At-Risk High-Value,6690.42,4,0,8.0,0,0.027,Low Risk,Priority 4: Standard Loyalty Reward Program
52193,7.0,At-Risk High-Value,3375.46,5,0,7.0,0,0.026,Low Risk,Priority 4: Standard Loyalty Reward Program
52194,8.0,Loyal Customers,1361.36,1,0,14.0,0,0.057,Low Risk,Priority 4: Standard Loyalty Reward Program
52195,6.0,Potential Loyalists,844.03,3,0,15.0,1,0.888,High Risk,Priority 2: 25% Comeback Voucher + Free Express Delivery
52196,5.0,Potential Loyalists,705.48,5,0,8.0,0,0.191,Low Risk,Priority 4: Standard Loyalty Reward Program
52197,29.0,Champions,6587.46,5,0,10.0,0,0.006,Low Risk,Priority 4: Standard Loyalty Reward Program
52198,2.0,Lost / Low Value,722.2,1,0,12.0,0,0.012,Low Risk,Priority 4: Standard Loyalty Reward Program
52199,0.0,Potential Loyalists,690.36,5,0,14.0,0,0.291,Low Risk,Priority 4: Standard Loyalty Reward Program
52200,18.0,Potential Loyalists,796.24,3,1,13.0,0,0.055,Low Risk,Priority 4: Standard Loyalty Reward Program
52201,10.0,At-Risk High-Value,2718.21,1,0,7.0,0,0.006,Low Risk,Priority 4: Standard Loyalty Reward Program
52202,0.0,Potential Loyalists,716.82,3,0,5.0,0,0.267,Low Risk,Priority 4: Standard Loyalty Reward Program
52203,7.0,Potential Loyalists,711.48,3,1,16.0,1,0.906,High Risk,Priority 2: 25% Comeback Voucher + Free Express Delivery
52204,26.0,At-Risk High-Value,6293.32,3,0,13.0,0,0.009,Low Risk,Priority 4: Standard Loyalty Reward Program
52205,9.0,Potential Loyalists,669.24,1,1,21.0,0,0.187,Low Risk,Priority 4: Standard Loyalty Reward Program
52206,0.0,Potential Loyalists,706.92,1,1,9.0,1,0.97,High Risk,Priority 2: 25% Comeback Voucher + Free Express Delivery
52207,19.0,At-Risk High-Value,22314.6,5,0,8.0,0,0.035,Low Risk,Priority 4: Standard Loyalty Reward Program
52208,9.0,Potential Loyalists,675.95,3,0,23.0,0,0.321,Medium Risk,Priority 3: Personalized Recommendation + Free Shipping
52209,6.0,Lost / Low Value,748.0,3,0,8.0,0,0.044,Low Risk,Priority 4: Standard Loyalty Reward Program
52210,9.0,Potential Loyalists,665.88,5,0,11.0,1,0.96,High Risk,Priority 2: 25% Comeback Voucher + Free Express Delivery
52211,3.0,Potential Loyalists,776.32,5,0,35.0,0,0.091,Low Risk,Priority 4: Standard Loyalty Reward Program
52212,13.0,Potential Loyalists,787.98,4,0,8.0,0,0.092,Low Risk,Priority 4: Standard Loyalty Reward Program
52213,23.0,Loyal Customers,3064.16,5,0,8.0,0,0.006,Low Risk,Priority 4: Standard Loyalty Reward Program
52214,1.0,Champions,2177.34,5,0,25.0,0,0.322,Medium Risk,Priority 3: Personalized Recommendation + Free Shipping
52215,19.0,Potential Loyalists,1599.46,4,0,21.0,0,0.021,Low Risk,Priority 4: Standard Loyalty Reward Program
52216,8.0,Lost / Low Value,1043.13,5,1,23.0,0,0.072,Low Risk,Priority 4: Standard Loyalty Reward Program
52217,9.0,Potential Loyalists,671.55,4,0,23.0,1,0.918,High Risk,Priority 2: 25% Comeback Voucher + Free Express Delivery
52218,6.0,Potential Loyalists,799.64,3,0,31.0,0,0.085,Low Risk,Priority 4: Standard Loyalty Reward Program
52219,9.0,Lost / Low Value,700.76,3,0,12.0,0,0.004,Low Risk,Priority 4: Standard Loyalty Reward Program
52220,3.0,At-Risk High-Value,5936.04,3,0,13.0,0,0.011,Low Risk,Priority 4: Standard Loyalty Reward Program
52221,17.0,At-Risk High-Value,10396.82,1,0,35.0,0,0.098,Low Risk,Priority 4: Standard Loyalty Reward Program
52222,0.0,Loyal Customers,1394.58,1,0,27.0,0,0.138,Low Risk,Priority 4: Standard Loyalty Reward Program
52223,19.0,Lost / Low Value,955.84,1,0,8.0,0,0.054,Low Risk,Priority 4: Standard Loyalty Reward Program
52224,15.0,Potential Loyalists,894.96,5,0,8.0,0,0.021,Low Risk,Priority 4: Standard Loyalty Reward Program
52225,30.0,Lost / Low Value,837.1,1,1,13.0,0,0.036,Low Risk,Priority 4: Standard Loyalty Reward Program
52226,5.0,Loyal Customers,1474.0,4,0,19.0,0,0.024,Low Risk,Priority 4: Standard Loyalty Reward Program
52227,5.0,Lost / Low Value,824.89,3,1,8.0,0,0.017,Low Risk,Priority 4: Standard Loyalty Reward Program
52228,9.0,At-Risk High-Value,7797.02,5,1,7.0,0,0.08,Low Risk,Priority 4: Standard Loyalty Reward Program
52229,6.0,At-Risk High-Value,2811.82,1,0,15.0,0,0.007,Low Risk,Priority 4: Standard Loyalty Reward Program
52230,13.0,Potential Loyalists,926.86,4,0,16.0,0,0.061,Low Risk,Priority 4: Standard Loyalty Reward Program
52231,0.0,Potential Loyalists,822.25,1,0,16.0,0,0.1,Low Risk,Priority 4: Standard Loyalty Reward Program
52232,3.0,At-Risk High-Value,3734.22,4,1,7.0,0,0.151,Low Risk,Priority 4: Standard Loyalty Reward Program
52233,15.0,Loyal Customers,2551.01,5,1,32.0,0,0.06,Low Risk,Priority 4: Standard Loyalty Reward Program
52234,8.0,At-Risk High-Value,4482.94,1,1,14.0,0,0.085,Low Risk,Priority 4: Standard Loyalty Reward Program
52235,9.0,At-Risk High-Value,4037.55,5,1,20.0,0,0.45,Medium Risk,Priority 3: Personalized Recommendation + Free Shipping
52236,27.0,Lost / Low Value,1127.61,3,0,7.0,0,0.012,Low Risk,Priority 4: Standard Loyalty Reward Program
52237,9.0,At-Risk High-Value,4624.24,1,0,8.0,0,0.017,Low Risk,Priority 4: Standard Loyalty Reward Program
52238,9.0,Potential Loyalists,652.24,4,1,16.0,1,0.985,High Risk,Priority 2: 25% Comeback Voucher + Free Express Delivery
52239,2.0,Potential Loyalists,756.8,1,0,7.0,0,0.012,Low Risk,Priority 4: Standard Loyalty Reward Program
52240,27.0,Lost / Low Value,1527.84,1,0,9.0,0,0.008,Low Risk,Priority 4: Standard Loyalty Reward Program
52241,4.0,Potential Loyalists,925.82,5,1,17.0,0,0.107,Low Risk,Priority 4: Standard Loyalty Reward Program
52242,4.0,Lost / Low Value,924.66,5,0,30.0,0,0.038,Low Risk,Priority 4: Standard Loyalty Reward Program
52243,30.0,Lost / Low Value,834.41,1,0,9.0,0,0.062,Low Risk,Priority 4: Standard Loyalty Reward Program
52244,16.0,Lost / Low Value,1635.7,1,0,9.0,0,0.092,Low Risk,Priority 4: Standard Loyalty Reward Program
52245,22.0,Potential Loyalists,1579.1,3,0,10.0,0,0.007,Low Risk,Priority 4: Standard Loyalty Reward Program
52246,9.0,Lost / Low Value,753.06,4,0,9.0,0,0.015,Low Risk,Priority 4: Standard Loyalty Reward Program
52247,21.0,Potential Loyalists,690.74,4,0,14.0,0,0.14,Low Risk,Priority 4: Standard Loyalty Reward Program
52248,0.0,Potential Loyalists,688.44,3,0,14.0,0,0.122,Low Risk,Priority 4: Standard Loyalty Reward Program
52249,2.0,Potential Loyalists,914.26,1,1,13.0,0,0.031,Low Risk,Priority 4: Standard Loyalty Reward Program
52250,21.0,Potential Loyalists,1554.57,1,0,7.0,0,0.035,Low Risk,Priority 4: Standard Loyalty Reward Program
52251,2.0,Lost / Low Value,1436.82,1,0,7.0,0,0.049,Low Risk,Priority 4: Standard Loyalty Reward Program
52252,7.0,Potential Loyalists,692.18,3,0,14.0,0,0.092,Low Risk,Priority 4: Standard Loyalty Reward Program
52253,17.0,At-Risk High-Value,4655.14,4,0,11.0,0,0.021,Low Risk,Priority 4: Standard Loyalty Reward Program
52254,6.0,Lost / Low Value,1010.9,3,1,16.0,0,0.012,Low Risk,Priority 4: Standard Loyalty Reward Program
52255,0.0,Potential Loyalists,714.67,1,1,31.0,0,0.253,Low Risk,Priority 4: Standard Loyalty Reward Program
52256,9.0,Loyal Customers,617.26,3,0,7.0,0,0.124,Low Risk,Priority 4: Standard Loyalty Reward Program
52257,0.0,Loyal Customers,611.49,1,1,30.0,1,0.999,High Risk,Priority 2: 25% Comeback Voucher + Free Express Delivery
52258,0.0,Loyal Customers,1416.25,1,1,10.0,0,0.291,Low Risk,Priority 4: Standard Loyalty Reward Program
52259,8.0,Lost / Low Value,1585.32,4,1,8.0,1,0.995,High Risk,Priority 2: 25% Comeback Voucher + Free Express Delivery
52260,28.0,Loyal Customers,2593.47,4,1,14.0,0,0.006,Low Risk,Priority 4: Standard Loyalty Reward Program
52261,0.0,Loyal Customers,1388.75,3,0,14.0,1,0.967,High Risk,Priority 2: 25% Comeback Voucher + Free Express Delivery
52262,19.0,Lost / Low Value,1583.4,4,0,10.0,0,0.041,Low Risk,Priority 4: Standard Loyalty Reward Program
52263,7.0,Loyal Customers,799.59,5,1,8.0,0,0.064,Low Risk,Priority 4: Standard Loyalty Reward Program
52264,24.0,At-Risk High-Value,18057.44,4,1,15.0,0,0.016,Low Risk,Priority 4: Standard Loyalty Reward Program
52265,30.0,At-Risk High-Value,5640.8,1,0,24.0,0,0.051,Low Risk,Priority 4: Standard Loyalty Reward Program
52266,7.0,At-Risk High-Value,3972.1,4,0,25.0,0,0.057,Low Risk,Priority 4: Standard Loyalty Reward Program
52267,9.0,Loyal Customers,668.47,3,1,7.0,0,0.228,Low Risk,Priority 4: Standard Loyalty Reward Program
52268,17.0,At-Risk High-Value,22476.3,5,0,10.0,0,0.002,Low Risk,Priority 4: Standard Loyalty Reward Program
52269,7.0,Lost / Low Value,796.95,4,0,17.0,0,0.042,Low Risk,Priority 4: Standard Loyalty Reward Program
52270,8.0,Loyal Customers,1485.66,3,1,12.0,0,0.149,Low Risk,Priority 4: Standard Loyalty Reward Program
52271,15.0,Loyal Customers,680.46,4,1,14.0,0,0.07,Low Risk,Priority 4: Standard Loyalty Reward Program
52272,16.0,At-Risk High-Value,16690.57,1,0,10.0,0,0.056,Low Risk,Priority 4: Standard Loyalty Reward Program
52273,9.0,At-Risk High-Value,4237.75,4,1,8.0,0,0.05,Low Risk,Priority 4: Standard Loyalty Reward Program
52274,7.0,Lost / Low Value,988.79,1,0,21.0,1,0.833,High Risk,Priority 2: 25% Comeback Voucher + Free Express Delivery
52275,1.0,Loyal Customers,1525.37,1,1,8.0,0,0.308,Medium Risk,Priority 3: Personalized Recommendation + Free Shipping
52276,24.0,At-Risk High-Value,4942.63,3,0,12.0,0,0.006,Low Risk,Priority 4: Standard Loyalty Reward Program
52277,3.0,Lost / Low Value,808.22,3,1,15.0,0,0.02,Low Risk,Priority 4: Standard Loyalty Reward Program
52278,0.0,At-Risk High-Value,5135.51,3,1,13.0,1,0.972,High Risk,"Priority 1: Executive Concierge Call + ₹1,000 Credit"
52279,9.0,Loyal Customers,664.4,5,0,7.0,0,0.226,Low Risk,Priority 4: Standard Loyalty Reward Program
52280,9.0,Loyal Customers,1330.56,4,0,7.0,0,0.09,Low Risk,Priority 4: Standard Loyalty Reward Program
52281,5.0,Lost / Low Value,891.5,1,0,14.0,0,0.022,Low Risk,Priority 4: Standard Loyalty Reward Program
52282,18.0,Loyal Customers,1543.36,4,0,31.0,0,0.015,Low Risk,Priority 4: Standard Loyalty Reward Program
52283,12.0,Champions,22376.48,4,1,19.0,0,0.091,Low Risk,Priority 4: Standard Loyalty Reward Program
52284,30.0,Loyal Customers,1360.92,3,0,14.0,0,0.065,Low Risk,Priority 4: Standard Loyalty Reward Program
52285,0.0,Loyal Customers,818.56,3,0,13.0,1,0.924,High Risk,Priority 2: 25% Comeback Voucher + Free Express Delivery
52286,2.0,Loyal Customers,764.72,5,0,29.0,1,0.95,High Risk,Priority 2: 25% Comeback Voucher + Free Express Delivery
52287,3.0,At-Risk High-Value,4826.91,1,0,12.0,0,0.019,Low Risk,Priority 4: Standard Loyalty Reward Program
52288,9.0,Lost / Low Value,940.17,3,0,16.0,0,0.067,Low Risk,Priority 4: Standard Loyalty Reward Program
52289,19.0,At-Risk High-Value,3691.32,5,0,7.0,0,0.019,Low Risk,Priority 4: Standard Loyalty Reward Program
52290,1.0,At-Risk High-Value,6419.49,1,0,7.0,0,0.245,Low Risk,Priority 4: Standard Loyalty Reward Program
52291,23.0,Loyal Customers,1478.4,5,1,34.0,0,0.005,Low Risk,Priority 4: Standard Loyalty Reward Program
52292,3.0,Loyal Customers,1050.17,4,1,31.0,1,0.999,High Risk,Priority 2: 25% Comeback Voucher + Free Express Delivery
52293,15.0,At-Risk High-Value,7101.71,4,1,11.0,1,0.994,High Risk,"Priority 1: Executive Concierge Call + ₹1,000 Credit"
52294,3.0,Loyal Customers,1205.38,5,1,23.0,0,0.064,Low Risk,Priority 4: Standard Loyalty Reward Program
52295,12.0,Lost / Low Value,799.37,3,0,24.0,0,0.009,Low Risk,Priority 4: Standard Loyalty Reward Program
52296,4.0,At-Risk High-Value,9826.74,3,1,8.0,0,0.099,Low Risk,Priority 4: Standard Loyalty Reward Program
52297,14.0,At-Risk High-Value,9771.36,4,0,16.0,0,0.054,Low Risk,Priority 4: Standard Loyalty Reward Program
52298,9.0,Loyal Customers,1353.22,4,1,7.0,1,0.99,High Risk,Priority 2: 25% Comeback Voucher + Free Express Delivery
52299,7.0,Loyal Customers,679.91,5,0,14.0,1,0.913,High Risk,Priority 2: 25% Comeback Voucher + Free Express Delivery
52300,15.0,Hibernating Big Spenders,3064.71,3,1,8.0,0,0.037,Low Risk,Priority 4: Standard Loyalty Reward Program
52301,28.0,At-Risk High-Value,14447.56,3,0,8.0,0,0.022,Low Risk,Priority 4: Standard Loyalty Reward Program
52302,29.0,At-Risk High-Value,11441.05,4,0,14.0,0,0.011,Low Risk,Priority 4: Standard Loyalty Reward Program
52303,13.0,Loyal Customers,744.92,3,0,22.0,0,0.109,Low Risk,Priority 4: Standard Loyalty Reward Program
52304,7.0,Lost / Low Value,1017.5,1,0,15.0,0,0.123,Low Risk,Priority 4: Standard Loyalty Reward Program
52305,13.0,At-Risk High-Value,6450.84,1,0,8.0,0,0.05,Low Risk,Priority 4: Standard Loyalty Reward Program
52306,14.0,Lost / Low Value,775.66,5,0,7.0,0,0.013,Low Risk,Priority 4: Standard Loyalty Reward Program
52307,8.0,Loyal Customers,783.7,3,1,10.0,0,0.236,Low Risk,Priority 4: Standard Loyalty Reward Program
52308,24.0,Hibernating Big Spenders,2642.86,4,1,11.0,0,0.036,Low Risk,Priority 4: Standard Loyalty Reward Program
52309,11.0,Lost / Low Value,929.12,5,0,8.0,0,0.026,Low Risk,Priority 4: Standard Loyalty Reward Program
52310,7.0,At-Risk High-Value,7981.88,5,0,21.0,0,0.037,Low Risk,Priority 4: Standard Loyalty Reward Program
52311,0.0,Loyal Customers,751.8,1,0,25.0,0,0.193,Low Risk,Priority 4: Standard Loyalty Reward Program
52312,20.0,At-Risk High-Value,5502.2,5,1,13.0,1,0.944,High Risk,"Priority 1: Executive Concierge Call + ₹1,000 Credit"
52313,13.0,Loyal Customers,681.29,4,0,14.0,0,0.029,Low Risk,Priority 4: Standard Loyalty Reward Program
52314,9.0,At-Risk High-Value,4830.87,5,0,13.0,0,0.033,Low Risk,Priority 4: Standard Loyalty Reward Program
52315,21.0,Lost / Low Value,984.39,1,0,10.0,0,0.036,Low Risk,Priority 4: Standard Loyalty Reward Program
52316,0.0,Loyal Customers,689.37,1,0,14.0,0,0.135,Low Risk,Priority 4: Standard Loyalty Reward Program
52317,24.0,Loyal Customers,1272.81,4,0,17.0,0,0.022,Low Risk,Priority 4: Standard Loyalty Reward Program
52318,9.0,Loyal Customers,638.6,1,0,7.0,0,0.132,Low Risk,Priority 4: Standard Loyalty Reward Program
52319,8.0,Loyal Customers,844.96,1,0,7.0,0,0.031,Low Risk,Priority 4: Standard Loyalty Reward Program
52320,0.0,Loyal Customers,828.91,1,0,8.0,0,0.139,Low Risk,Priority 4: Standard Loyalty Reward Program
52321,18.0,Hibernating Big Spenders,2606.45,3,1,19.0,1,0.997,High Risk,Priority 2: 25% Comeback Voucher + Free Express Delivery
52322,29.0,Hibernating Big Spenders,2574.22,4,1,29.0,0,0.056,Low Risk,Priority 4: Standard Loyalty Reward Program
52323,9.0,Loyal Customers,661.6,3,0,32.0,0,0.17,Low Risk,Priority 4: Standard Loyalty Reward Program
52324,13.0,At-Risk High-Value,9908.09,3,0,8.0,0,0.034,Low Risk,Priority 4: Standard Loyalty Reward Program
52325,7.0,At-Risk High-Value,5940.16,3,0,35.0,0,0.027,Low Risk,Priority 4: Standard Loyalty Reward Program
52326,0.0,Loyal Customers,703.18,1,0,8.0,1,0.99,High Risk,Priority 2: 25% Comeback Voucher + Free Express Delivery
52327,0.0,Champions,2411.31,3,1,24.0,1,0.98,High Risk,"Priority 1: Executive Concierge Call + ₹1,000 Credit"
52328,11.0,Loyal Customers,693.55,3,0,14.0,0,0.039,Low Risk,Priority 4: Standard Loyalty Reward Program
52329,7.0,At-Risk High-Value,3671.14,1,0,8.0,0,0.007,Low Risk,Priority 4: Standard Loyalty Reward Program
52330,1.0,Lost / Low Value,809.82,5,0,32.0,0,0.167,Low Risk,Priority 4: Standard Loyalty Reward Program
52331,0.0,At-Risk High-Value,5339.07,3,1,28.0,1,0.986,High Risk,"Priority 1: Executive Concierge Call + ₹1,000 Credit"
52332,12.0,Lost / Low Value,886.6,1,1,27.0,0,0.049,Low Risk,Priority 4: Standard Loyalty Reward Program
52333,24.0,Champions,3398.34,4,0,8.0,0,0.018,Low Risk,Priority 4: Standard Loyalty Reward Program
52334,14.0,Champions,2552.05,1,1,28.0,0,0.033,Low Risk,Priority 4: Standard Loyalty Reward Program
52335,10.0,Loyal Customers,714.78,3,1,10.0,0,0.382,Medium Risk,Priority 3: Personalized Recommendation + Free Shipping
52336,6.0,Loyal Customers,1099.89,1,0,11.0,0,0.096,Low Risk,Priority 4: Standard Loyalty Reward Program
52337,5.0,Loyal Customers,774.29,4,1,8.0,0,0.044,Low Risk,Priority 4: Standard Loyalty Reward Program
52338,12.0,Loyal Customers,1150.6,3,0,31.0,0,0.049,Low Risk,Priority 4: Standard Loyalty Reward Program
52339,0.0,Loyal Customers,892.76,3,0,24.0,0,0.266,Low Risk,Priority 4: Standard Loyalty Reward Program
52340,25.0,Loyal Customers,2557.17,3,1,34.0,0,0.031,Low Risk,Priority 4: Standard Loyalty Reward Program
52341,16.0,Lost / Low Value,774.46,3,1,12.0,0,0.021,Low Risk,Priority 4: Standard Loyalty Reward Program
52342,0.0,At-Risk High-Value,3469.18,1,1,16.0,0,0.156,Low Risk,Priority 4: Standard Loyalty Reward Program
52343,0.0,At-Risk High-Value,4771.69,3,1,14.0,1,0.968,High Risk,"Priority 1: Executive Concierge Call + ₹1,000 Credit"
52344,0.0,Loyal Customers,764.72,1,0,8.0,0,0.179,Low Risk,Priority 4: Standard Loyalty Reward Program
52345,15.0,Lost / Low Value,1473.95,5,0,16.0,0,0.017,Low Risk,Priority 4: Standard Loyalty Reward Program
52346,25.0,Lost / Low Value,712.25,5,0,14.0,0,0.035,Low Risk,Priority 4: Standard Loyalty Reward Program
52347,10.0,Loyal Customers,749.59,3,0,17.0,0,0.031,Low Risk,Priority 4: Standard Loyalty Reward Program
52348,8.0,Loyal Customers,2129.82,1,0,24.0,0,0.11,Low Risk,Priority 4: Standard Loyalty Reward Program
52349,0.0,Loyal Customers,727.59,1,0,7.0,0,0.298,Low Risk,Priority 4: Standard Loyalty Reward Program
52350,0.0,Lost / Low Value,746.79,5,0,13.0,0,0.207,Low Risk,Priority 4: Standard Loyalty Reward Program
52351,2.0,Lost / Low Value,989.34,5,0,23.0,0,0.076,Low Risk,Priority 4: Standard Loyalty Reward Program
52352,12.0,Loyal Customers,785.62,5,0,34.0,1,0.921,High Risk,Priority 2: 25% Comeback Voucher + Free Express Delivery
52353,0.0,At-Risk High-Value,6757.9,1,1,20.0,1,0.934,High Risk,"Priority 1: Executive Concierge Call + ₹1,000 Credit"
52354,27.0,At-Risk High-Value,18036.48,1,0,7.0,0,0.025,Low Risk,Priority 4: Standard Loyalty Reward Program
52355,30.0,Lost / Low Value,1633.55,5,1,7.0,0,0.104,Low Risk,Priority 4: Standard Loyalty Reward Program
52356,28.0,Loyal Customers,2720.52,1,0,7.0,0,0.001,Low Risk,Priority 4: Standard Loyalty Reward Program
52357,9.0,Loyal Customers,1060.29,4,1,9.0,0,0.26,Low Risk,Priority 4: Standard Loyalty Reward Program
52358,9.0,Loyal Customers,624.74,3,0,7.0,1,0.966,High Risk,Priority 2: 25% Comeback Voucher + Free Express Delivery
52359,3.0,Loyal Customers,812.84,5,0,13.0,0,0.059,Low Risk,Priority 4: Standard Loyalty Reward Program
52360,4.0,Loyal Customers,1453.21,4,0,14.0,0,0.036,Low Risk,Priority 4: Standard Loyalty Reward Program
52361,7.0,Loyal Customers,714.78,5,0,7.0,0,0.069,Low Risk,Priority 4: Standard Loyalty Reward Program
52362,9.0,Loyal Customers,619.36,4,0,14.0,1,0.99,High Risk,Priority 2: 25% Comeback Voucher + Free Express Delivery
52363,9.0,Lost / Low Value,665.44,5,0,17.0,0,0.084,Low Risk,Priority 4: Standard Loyalty Reward Program
52364,9.0,Lost / Low Value,869.55,1,0,10.0,0,0.016,Low Risk,Priority 4: Standard Loyalty Reward Program
52365,9.0,Loyal Customers,860.58,5,0,22.0,0,0.075,Low Risk,Priority 4: Standard Loyalty Reward Program
52366,20.0,Loyal Customers,738.1,1,0,7.0,0,0.031,Low Risk,Priority 4: Standard Loyalty Reward Program
52367,0.0,Loyal Customers,1584.0,5,0,15.0,1,0.96,High Risk,Priority 2: 25% Comeback Voucher + Free Express Delivery
52368,10.0,Loyal Customers,742.5,3,0,11.0,0,0.075,Low Risk,Priority 4: Standard Loyalty Reward Program
52369,9.0,Loyal Customers,663.63,5,0,7.0,0,0.179,Low Risk,Priority 4: Standard Loyalty Reward Program
52370,20.0,At-Risk High-Value,7471.48,3,0,8.0,0,0.004,Low Risk,Priority 4: Standard Loyalty Reward Program
52371,0.0,Loyal Customers,778.91,3,1,10.0,0,0.255,Low Risk,Priority 4: Standard Loyalty Reward Program
52372,5.0,Loyal Customers,1056.22,1,0,13.0,0,0.028,Low Risk,Priority 4: Standard Loyalty Reward Program
52373,7.0,Loyal Customers,731.17,4,0,7.0,0,0.03,Low Risk,Priority 4: Standard Loyalty Reward Program
52374,9.0,Loyal Customers,666.98,3,1,11.0,0,0.18,Low Risk,Priority 4: Standard Loyalty Reward Program
52375,13.0,Lost / Low Value,768.62,3,0,15.0,0,0.033,Low Risk,Priority 4: Standard Loyalty Reward Program
52376,4.0,At-Risk High-Value,10292.54,1,0,14.0,0,0.048,Low Risk,Priority 4: Standard Loyalty Reward Program
52377,9.0,Champions,4421.12,1,0,15.0,1,0.948,High Risk,"Priority 1: Executive Concierge Call + ₹1,000 Credit"
52378,2.0,Loyal Customers,750.53,5,1,8.0,1,0.989,High Risk,Priority 2: 25% Comeback Voucher + Free Express Delivery
52379,0.0,At-Risk High-Value,3838.12,4,0,7.0,1,0.991,High Risk,"Priority 1: Executive Concierge Call + ₹1,000 Credit"
52380,18.0,Lost / Low Value,1146.8,5,1,26.0,0,0.042,Low Risk,Priority 4: Standard Loyalty Reward Program
52381,9.0,Loyal Customers,666.0,4,0,14.0,0,0.153,Low Risk,Priority 4: Standard Loyalty Reward Program
52382,0.0,Loyal Customers,1509.42,1,1,8.0,1,0.966,High Risk,Priority 2: 25% Comeback Voucher + Free Express Delivery
52383,18.0,Loyal Customers,1065.9,1,1,35.0,0,0.057,Low Risk,Priority 4: Standard Loyalty Reward Program
52384,21.0,Loyal Customers,1703.46,5,0,13.0,0,0.028,Low Risk,Priority 4: Standard Loyalty Reward Program
52385,0.0,Loyal Customers,1401.62,3,0,15.0,1,0.933,High Risk,Priority 2: 25% Comeback Voucher + Free Express Delivery
52386,13.0,Hibernating Big Spenders,2613.27,4,0,14.0,0,0.05,Low Risk,Priority 4: Standard Loyalty Reward Program
52387,1.0,Loyal Customers,1015.46,5,0,11.0,0,0.111,Low Risk,Priority 4: Standard Loyalty Reward Program
52388,17.0,Loyal Customers,723.91,3,0,11.0,0,0.047,Low Risk,Priority 4: Standard Loyalty Reward Program
52389,26.0,At-Risk High-Value,11703.12,4,0,8.0,0,0.006,Low Risk,Priority 4: Standard Loyalty Reward Program
52390,22.0,Loyal Customers,915.8,3,0,11.0,0,0.016,Low Risk,Priority 4: Standard Loyalty Reward Program
52391,13.0,Loyal Customers,678.98,3,0,14.0,0,0.05,Low Risk,Priority 4: Standard Loyalty Reward Program
52392,17.0,Loyal Customers,738.1,4,0,26.0,0,0.057,Low Risk,Priority 4: Standard Loyalty Reward Program
52393,6.0,Loyal Customers,790.52,5,0,13.0,0,0.027,Low Risk,Priority 4: Standard Loyalty Reward Program
52394,7.0,At-Risk High-Value,2435.24,5,0,9.0,0,0.037,Low Risk,Priority 4: Standard Loyalty Reward Program
52395,3.0,Loyal Customers,1683.11,3,0,22.0,0,0.049,Low Risk,Priority 4: Standard Loyalty Reward Program
52396,15.0,At-Risk High-Value,3760.08,1,0,15.0,0,0.045,Low Risk,Priority 4: Standard Loyalty Reward Program
52397,17.0,Loyal Customers,812.24,3,0,7.0,0,0.169,Low Risk,Priority 4: Standard Loyalty Reward Program
52398,9.0,Loyal Customers,620.07,3,0,13.0,0,0.135,Low Risk,Priority 4: Standard Loyalty Reward Program
52399,30.0,Lost / Low Value,1639.0,3,0,7.0,0,0.026,Low Risk,Priority 4: Standard Loyalty Reward Program
52400,22.0,Lost / Low Value,1125.63,4,0,13.0,0,0.01,Low Risk,Priority 4: Standard Loyalty Reward Program
52401,7.0,At-Risk High-Value,8912.31,5,0,21.0,0,0.098,Low Risk,Priority 4: Standard Loyalty Reward Program
52402,0.0,Loyal Customers,710.0,3,0,7.0,1,0.979,High Risk,Priority 2: 25% Comeback Voucher + Free Express Delivery
52403,0.0,Loyal Customers,867.08,4,0,19.0,1,0.985,High Risk,Priority 2: 25% Comeback Voucher + Free Express Delivery
52404,0.0,At-Risk High-Value,8029.45,4,1,30.0,1,0.999,High Risk,"Priority 1: Executive Concierge Call + ₹1,000 Credit"
52405,8.0,Loyal Customers,682.22,3,0,14.0,0,0.117,Low Risk,Priority 4: Standard Loyalty Reward Program
52406,0.0,Loyal Customers,724.46,5,1,15.0,1,0.983,High Risk,Priority 2: 25% Comeback Voucher + Free Express Delivery
52407,9.0,Loyal Customers,661.82,4,0,19.0,0,0.296,Low Risk,Priority 4: Standard Loyalty Reward Program
52408,17.0,Loyal Customers,2222.99,3,1,8.0,0,0.07,Low Risk,Priority 4: Standard Loyalty Reward Program
52409,2.0,Lost / Low Value,1024.1,3,0,25.0,0,0.012,Low Risk,Priority 4: Standard Loyalty Reward Program
52410,9.0,Loyal Customers,663.52,3,0,7.0,0,0.139,Low Risk,Priority 4: Standard Loyalty Reward Program
52411,28.0,Loyal Customers,771.92,3,1,10.0,0,0.043,Low Risk,Priority 4: Standard Loyalty Reward Program
52412,6.0,Loyal Customers,761.09,4,0,10.0,0,0.045,Low Risk,Priority 4: Standard Loyalty Reward Program
52413,20.0,Loyal Customers,802.5,3,1,20.0,0,0.125,Low Risk,Priority 4: Standard Loyalty Reward Program
52414,0.0,Loyal Customers,690.86,5,0,14.0,1,0.979,High Risk,Priority 2: 25% Comeback Voucher + Free Express Delivery
52415,9.0,Loyal Customers,635.96,3,0,7.0,0,0.136,Low Risk,Priority 4: Standard Loyalty Reward Program
52416,1.0,Loyal Customers,819.39,5,0,13.0,0,0.158,Low Risk,Priority 4: Standard Loyalty Reward Program
52417,22.0,Loyal Customers,813.4,5,0,9.0,0,0.007,Low Risk,Priority 4: Standard Loyalty Reward Program
52418,2.0,Loyal Customers,724.9,4,0,8.0,0,0.051,Low Risk,Priority 4: Standard Loyalty Reward Program
52419,1.0,Lost / Low Value,910.2,4,0,35.0,0,0.082,Low Risk,Priority 4: Standard Loyalty Reward Program
52420,6.0,Loyal Customers,901.34,3,1,14.0,0,0.111,Low Risk,Priority 4: Standard Loyalty Reward Program
52421,5.0,Loyal Customers,1168.42,1,0,16.0,0,0.07,Low Risk,Priority 4: Standard Loyalty Reward Program
52422,27.0,Hibernating Big Spenders,2863.52,1,0,17.0,0,0.003,Low Risk,Priority 4: Standard Loyalty Reward Program
52423,0.0,Lost / Low Value,679.91,5,0,14.0,1,0.933,High Risk,Priority 2: 25% Comeback Voucher + Free Express Delivery
52424,17.0,At-Risk High-Value,20272.56,5,0,34.0,0,0.054,Low Risk,Priority 4: Standard Loyalty Reward Program
52425,12.0,Loyal Customers,2021.36,4,0,12.0,0,0.019,Low Risk,Priority 4: Standard Loyalty Reward Program
52426,19.0,Champions,7316.65,4,0,9.0,0,0.041,Low Risk,Priority 4: Standard Loyalty Reward Program
52427,8.0,Champions,3069.99,4,0,22.0,0,0.024,Low Risk,Priority 4: Standard Loyalty Reward Program
52428,9.0,Loyal Customers,674.96,3,0,26.0,0,0.025,Low Risk,Priority 4: Standard Loyalty Reward Program
52429,9.0,Loyal Customers,660.99,5,0,15.0,1,0.958,High Risk,Priority 2: 25% Comeback Voucher + Free Express Delivery
52430,7.0,At-Risk High-Value,7516.52,3,1,7.0,0,0.06,Low Risk,Priority 4: Standard Loyalty Reward Program
52431,0.0,At-Risk High-Value,5422.34,3,0,9.0,1,0.987,High Risk,"Priority 1: Executive Concierge Call + ₹1,000 Credit"
52432,23.0,Hibernating Big Spenders,2685.21,1,1,28.0,0,0.031,Low Risk,Priority 4: Standard Loyalty Reward Program
52433,9.0,At-Risk High-Value,3384.7,3,1,13.0,0,0.134,Low Risk,Priority 4: Standard Loyalty Reward Program
52434,15.0,Loyal Customers,816.26,4,0,8.0,0,0.036,Low Risk,Priority 4: Standard Loyalty Reward Program
52435,10.0,At-Risk High-Value,2357.02,1,0,19.0,0,0.018,Low Risk,Priority 4: Standard Loyalty Reward Program
52436,2.0,Lost / Low Value,1084.32,5,0,14.0,0,0.058,Low Risk,Priority 4: Standard Loyalty Reward Program
52437,6.0,Loyal Customers,787.6,4,0,31.0,0,0.052,Low Risk,Priority 4: Standard Loyalty Reward Program
52438,9.0,Loyal Customers,667.26,1,0,34.0,0,0.025,Low Risk,Priority 4: Standard Loyalty Reward Program
52439,15.0,At-Risk High-Value,14388.66,1,1,8.0,0,0.03,Low Risk,Priority 4: Standard Loyalty Reward Program
52440,13.0,Champions,5957.1,5,0,15.0,0,0.153,Low Risk,Priority 4: Standard Loyalty Reward Program
52441,6.0,At-Risk High-Value,4181.92,3,1,34.0,0,0.035,Low Risk,Priority 4: Standard Loyalty Reward Program
52442,13.0,At-Risk High-Value,10178.25,1,1,12.0,0,0.021,Low Risk,Priority 4: Standard Loyalty Reward Program
52443,9.0,Loyal Customers,676.28,5,0,27.0,0,0.169,Low Risk,Priority 4: Standard Loyalty Reward Program
52444,13.0,Loyal Customers,1547.59,1,1,14.0,0,0.055,Low Risk,Priority 4: Standard Loyalty Reward Program
52445,18.0,At-Risk High-Value,6714.78,4,0,7.0,0,0.037,Low Risk,Priority 4: Standard Loyalty Reward Program
52446,8.0,Champions,2734.6,3,0,14.0,0,0.025,Low Risk,Priority 4: Standard Loyalty Reward Program
52447,5.0,Lost / Low Value,1746.58,4,0,11.0,0,0.012,Low Risk,Priority 4: Standard Loyalty Reward Program
52448,9.0,Loyal Customers,695.42,1,1,14.0,0,0.147,Low Risk,Priority 4: Standard Loyalty Reward Program
52449,21.0,At-Risk High-Value,6329.02,3,0,22.0,0,0.08,Low Risk,Priority 4: Standard Loyalty Reward Program
52450,2.0,Loyal Customers,684.8,3,0,14.0,0,0.177,Low Risk,Priority 4: Standard Loyalty Reward Program
52451,6.0,Loyal Customers,1803.12,5,0,14.0,0,0.018,Low Risk,Priority 4: Standard Loyalty Reward Program
52452,0.0,At-Risk High-Value,6505.62,5,0,7.0,1,0.992,High Risk,"Priority 1: Executive Concierge Call + ₹1,000 Credit"
52453,11.0,Loyal Customers,884.24,3,0,16.0,0,0.041,Low Risk,Priority 4: Standard Loyalty Reward Program
52454,8.0,Loyal Customers,684.75,5,0,14.0,0,0.101,Low Risk,Priority 4: Standard Loyalty Reward Program
52455,7.0,Loyal Customers,1058.75,4,0,35.0,0,0.053,Low Risk,Priority 4: Standard Loyalty Reward Program
52456,9.0,Loyal Customers,664.07,5,1,8.0,1,0.961,High Risk,Priority 2: 25% Comeback Voucher + Free Express Delivery
52457,16.0,Lost / Low Value,1109.3,1,0,8.0,1,0.717,High Risk,Priority 2: 25% Comeback Voucher + Free Express Delivery
52458,1.0,Lost / Low Value,817.03,4,0,8.0,1,0.934,High Risk,Priority 2: 25% Comeback Voucher + Free Express Delivery
52459,5.0,Loyal Customers,774.79,5,0,7.0,0,0.027,Low Risk,Priority 4: Standard Loyalty Reward Program
52460,21.0,At-Risk High-Value,4761.3,5,0,14.0,0,0.158,Low Risk,Priority 4: Standard Loyalty Reward Program
52461,7.0,Loyal Customers,713.46,1,0,13.0,0,0.105,Low Risk,Priority 4: Standard Loyalty Reward Program
52462,28.0,Hibernating Big Spenders,3254.46,1,0,32.0,0,0.023,Low Risk,Priority 4: Standard Loyalty Reward Program
52463,7.0,Loyal Customers,1703.24,1,0,7.0,0,0.06,Low Risk,Priority 4: Standard Loyalty Reward Program
52464,9.0,Loyal Customers,663.36,1,0,9.0,0,0.074,Low Risk,Priority 4: Standard Loyalty Reward Program
52465,11.0,At-Risk High-Value,7670.74,4,0,20.0,0,0.071,Low Risk,Priority 4: Standard Loyalty Reward Program
52466,11.0,Loyal Customers,780.89,4,0,22.0,0,0.024,Low Risk,Priority 4: Standard Loyalty Reward Program
52467,9.0,Loyal Customers,924.82,3,0,7.0,0,0.097,Low Risk,Priority 4: Standard Loyalty Reward Program
52468,2.0,Lost / Low Value,809.76,5,1,9.0,0,0.222,Low Risk,Priority 4: Standard Loyalty Reward Program
52469,8.0,Lost / Low Value,887.81,3,1,16.0,0,0.01,Low Risk,Priority 4: Standard Loyalty Reward Program
52470,12.0,At-Risk High-Value,7021.25,3,0,12.0,0,0.065,Low Risk,Priority 4: Standard Loyalty Reward Program
52471,2.0,Loyal Customers,1036.92,1,0,8.0,0,0.021,Low Risk,Priority 4: Standard Loyalty Reward Program
52472,23.0,Loyal Customers,1613.2,3,1,15.0,0,0.032,Low Risk,Priority 4: Standard Loyalty Reward Program
52473,9.0,Loyal Customers,1328.03,3,0,16.0,0,0.024,Low Risk,Priority 4: Standard Loyalty Reward Program
52474,9.0,Loyal Customers,855.91,5,1,12.0,0,0.036,Low Risk,Priority 4: Standard Loyalty Reward Program
52475,15.0,Loyal Customers,1628.72,1,0,15.0,0,0.046,Low Risk,Priority 4: Standard Loyalty Reward Program
52476,8.0,At-Risk High-Value,4424.31,3,0,34.0,0,0.047,Low Risk,Priority 4: Standard Loyalty Reward Program
52477,7.0,At-Risk High-Value,5799.25,3,0,16.0,0,0.014,Low Risk,Priority 4: Standard Loyalty Reward Program
52478,13.0,Loyal Customers,805.14,5,0,20.0,0,0.045,Low Risk,Priority 4: Standard Loyalty Reward Program
52479,16.0,Loyal Customers,818.18,4,0,33.0,0,0.042,Low Risk,Priority 4: Standard Loyalty Reward Program
52480,8.0,Loyal Customers,697.95,1,0,13.0,0,0.023,Low Risk,Priority 4: Standard Loyalty Reward Program
52481,19.0,Lost / Low Value,1516.19,5,0,7.0,0,0.017,Low Risk,Priority 4: Standard Loyalty Reward Program
52482,0.0,Loyal Customers,682.44,4,1,14.0,1,0.992,High Risk,Priority 2: 25% Comeback Voucher + Free Express Delivery
52483,0.0,Loyal Customers,704.77,3,1,32.0,0,0.489,Medium Risk,Priority 3: Personalized Recommendation + Free Shipping
52484,23.0,Champions,14021.7,3,1,26.0,0,0.094,Low Risk,Priority 4: Standard Loyalty Reward Program
52485,5.0,Loyal Customers,732.16,1,0,11.0,0,0.005,Low Risk,Priority 4: Standard Loyalty Reward Program
52486,17.0,Lost / Low Value,1597.7,1,1,13.0,0,0.06,Low Risk,Priority 4: Standard Loyalty Reward Program
52487,9.0,Loyal Customers,667.76,4,0,13.0,0,0.076,Low Risk,Priority 4: Standard Loyalty Reward Program
52488,18.0,Lost / Low Value,867.3,5,1,11.0,0,0.028,Low Risk,Priority 4: Standard Loyalty Reward Program
52489,18.0,At-Risk High-Value,3164.7,5,0,32.0,0,0.082,Low Risk,Priority 4: Standard Loyalty Reward Program
52490,4.0,Loyal Customers,843.26,5,0,8.0,0,0.156,Low Risk,Priority 4: Standard Loyalty Reward Program
52491,9.0,Loyal Customers,806.46,3,1,18.0,0,0.082,Low Risk,Priority 4: Standard Loyalty Reward Program
52492,7.0,Champions,5668.74,1,0,16.0,0,0.013,Low Risk,Priority 4: Standard Loyalty Reward Program
52493,22.0,Lost / Low Value,726.6,5,0,31.0,0,0.036,Low Risk,Priority 4: Standard Loyalty Reward Program
52494,12.0,At-Risk High-Value,5920.14,5,0,16.0,0,0.024,Low Risk,Priority 4: Standard Loyalty Reward Program
52495,0.0,Lost / Low Value,773.63,5,0,25.0,0,0.129,Low Risk,Priority 4: Standard Loyalty Reward Program
52496,8.0,Lost / Low Value,836.44,5,0,24.0,0,0.013,Low Risk,Priority 4: Standard Loyalty Reward Program
52497,1.0,Loyal Customers,818.24,5,0,33.0,0,0.202,Low Risk,Priority 4: Standard Loyalty Reward Program
52498,0.0,Loyal Customers,1442.87,1,0,11.0,0,0.1,Low Risk,Priority 4: Standard Loyalty Reward Program
52499,9.0,Loyal Customers,636.29,1,1,9.0,1,0.998,High Risk,Priority 2: 25% Comeback Voucher + Free Express Delivery
52500,20.0,Loyal Customers,1631.19,3,0,32.0,0,0.028,Low Risk,Priority 4: Standard Loyalty Reward Program
52501,12.0,Lost / Low Value,718.8,3,0,9.0,0,0.017,Low Risk,Priority 4: Standard Loyalty Reward Program
52502,13.0,At-Risk High-Value,15734.95,3,0,21.0,0,0.065,Low Risk,Priority 4: Standard Loyalty Reward Program
52503,8.0,Lost / Low Value,1556.28,3,0,14.0,0,0.007,Low Risk,Priority 4: Standard Loyalty Reward Program
52504,10.0,Loyal Customers,867.24,3,0,25.0,0,0.006,Low Risk,Priority 4: Standard Loyalty Reward Program
52505,12.0,At-Risk High-Value,2481.93,3,0,10.0,0,0.005,Low Risk,Priority 4: Standard Loyalty Reward Program
52506,18.0,At-Risk High-Value,2602.05,1,0,8.0,0,0.007,Low Risk,Priority 4: Standard Loyalty Reward Program
52507,11.0,Loyal Customers,976.58,3,1,8.0,0,0.045,Low Risk,Priority 4: Standard Loyalty Reward Program
52508,0.0,Champions,6700.98,5,0,16.0,1,0.974,High Risk,"Priority 1: Executive Concierge Call + ₹1,000 Credit"
52509,10.0,At-Risk High-Value,5365.36,4,0,16.0,0,0.074,Low Risk,Priority 4: Standard Loyalty Reward Program
52510,13.0,Champions,2960.92,1,1,22.0,0,0.036,Low Risk,Priority 4: Standard Loyalty Reward Program
52511,17.0,Loyal Customers,865.86,1,1,7.0,0,0.031,Low Risk,Priority 4: Standard Loyalty Reward Program
52512,21.0,Loyal Customers,2772.22,1,0,10.0,0,0.021,Low Risk,Priority 4: Standard Loyalty Reward Program
52513,0.0,Loyal Customers,1698.4,1,1,21.0,1,0.758,High Risk,Priority 2: 25% Comeback Voucher + Free Express Delivery
52514,0.0,Loyal Customers,756.8,1,1,8.0,0,0.273,Low Risk,Priority 4: Standard Loyalty Reward Program
52515,0.0,Loyal Customers,743.44,3,0,14.0,0,0.165,Low Risk,Priority 4: Standard Loyalty Reward Program
52516,0.0,Loyal Customers,691.9,1,0,14.0,0,0.161,Low Risk,Priority 4: Standard Loyalty Reward Program
52517,9.0,Loyal Customers,669.13,5,1,13.0,1,0.992,High Risk,Priority 2: 25% Comeback Voucher + Free Express Delivery
52518,2.0,Lost / Low Value,872.8,3,0,16.0,0,0.132,Low Risk,Priority 4: Standard Loyalty Reward Program
52519,9.0,Loyal Customers,990.44,5,0,11.0,0,0.063,Low Risk,Priority 4: Standard Loyalty Reward Program
52520,0.0,Lost / Low Value,836.33,3,0,8.0,0,0.089,Low Risk,Priority 4: Standard Loyalty Reward Program
52521,12.0,Loyal Customers,841.22,4,0,18.0,0,0.042,Low Risk,Priority 4: Standard Loyalty Reward Program
52522,22.0,Loyal Customers,1452.72,4,0,28.0,0,0.005,Low Risk,Priority 4: Standard Loyalty Reward Program
52523,23.0,Hibernating Big Spenders,2559.59,5,0,23.0,0,0.016,Low Risk,Priority 4: Standard Loyalty Reward Program
52524,0.0,Loyal Customers,1406.13,3,0,8.0,0,0.237,Low Risk,Priority 4: Standard Loyalty Reward Program
52525,7.0,At-Risk High-Value,5941.7,4,0,9.0,0,0.0,Low Risk,Priority 4: Standard Loyalty Reward Program
52526,9.0,Loyal Customers,660.71,4,0,13.0,0,0.298,Low Risk,Priority 4: Standard Loyalty Reward Program
52527,22.0,Hibernating Big Spenders,2636.26,3,1,12.0,0,0.002,Low Risk,Priority 4: Standard Loyalty Reward Program
52528,9.0,Loyal Customers,790.57,3,0,7.0,0,0.011,Low Risk,Priority 4: Standard Loyalty Reward Program
52529,9.0,Lost / Low Value,926.31,5,0,9.0,0,0.016,Low Risk,Priority 4: Standard Loyalty Reward Program
52530,27.0,At-Risk High-Value,6033.72,3,0,28.0,0,0.018,Low Risk,Priority 4: Standard Loyalty Reward Program
52531,16.0,At-Risk High-Value,9108.99,3,0,21.0,0,0.002,Low Risk,Priority 4: Standard Loyalty Reward Program
52532,0.0,At-Risk High-Value,4811.73,1,1,18.0,1,1.0,High Risk,"Priority 1: Executive Concierge Call + ₹1,000 Credit"
52533,11.0,Lost / Low Value,1620.85,1,0,7.0,0,0.014,Low Risk,Priority 4: Standard Loyalty Reward Program
52534,2.0,Lost / Low Value,780.29,4,1,11.0,0,0.036,Low Risk,Priority 4: Standard Loyalty Reward Program
52535,6.0,Lost / Low Value,852.78,1,0,8.0,0,0.009,Low Risk,Priority 4: Standard Loyalty Reward Program
52536,5.0,Lost / Low Value,850.85,4,0,8.0,0,0.011,Low Risk,Priority 4: Standard Loyalty Reward Program
52537,4.0,Loyal Customers,851.18,1,0,11.0,0,0.014,Low Risk,Priority 4: Standard Loyalty Reward Program
52538,22.0,Loyal Customers,1384.57,5,1,14.0,0,0.104,Low Risk,Priority 4: Standard Loyalty Reward Program
52539,11.0,Champions,2052.6,4,0,14.0,0,0.035,Low Risk,Priority 4: Standard Loyalty Reward Program
52540,20.0,Loyal Customers,2856.92,4,0,8.0,0,0.015,Low Risk,Priority 4: Standard Loyalty Reward Program
52541,22.0,Loyal Customers,2791.69,3,0,7.0,0,0.005,Low Risk,Priority 4: Standard Loyalty Reward Program
52542,14.0,Loyal Customers,939.51,3,1,29.0,0,0.231,Low Risk,Priority 4: Standard Loyalty Reward Program
52543,0.0,Loyal Customers,700.04,5,0,15.0,0,0.212,Low Risk,Priority 4: Standard Loyalty Reward Program
52544,6.0,Loyal Customers,845.24,1,1,22.0,0,0.046,Low Risk,Priority 4: Standard Loyalty Reward Program
52545,9.0,Loyal Customers,844.08,3,0,32.0,0,0.016,Low Risk,Priority 4: Standard Loyalty Reward Program
52546,17.0,Loyal Customers,1451.45,1,1,7.0,0,0.06,Low Risk,Priority 4: Standard Loyalty Reward Program
52547,0.0,Loyal Customers,769.4,3,1,14.0,1,0.987,High Risk,Priority 2: 25% Comeback Voucher + Free Express Delivery
52548,11.0,Loyal Customers,731.83,3,0,10.0,0,0.035,Low Risk,Priority 4: Standard Loyalty Reward Program
52549,26.0,Loyal Customers,935.28,1,0,30.0,0,0.013,Low Risk,Priority 4: Standard Loyalty Reward Program
52550,11.0,At-Risk High-Value,4872.18,3,1,14.0,1,0.917,High Risk,"Priority 1: Executive Concierge Call + ₹1,000 Credit"
52551,9.0,Loyal Customers,626.62,4,0,8.0,1,0.991,High Risk,Priority 2: 25% Comeback Voucher + Free Express Delivery
52552,0.0,At-Risk High-Value,3456.75,1,0,14.0,0,0.094,Low Risk,Priority 4: Standard Loyalty Reward Program
52553,28.0,Loyal Customers,744.54,4,0,28.0,0,0.027,Low Risk,Priority 4: Standard Loyalty Reward Program
52554,7.0,At-Risk High-Value,3076.92,1,0,11.0,0,0.006,Low Risk,Priority 4: Standard Loyalty Reward Program
52555,30.0,Loyal Customers,1148.56,1,0,7.0,0,0.019,Low Risk,Priority 4: Standard Loyalty Reward Program
52556,9.0,Lost / Low Value,1323.08,4,0,27.0,0,0.041,Low Risk,Priority 4: Standard Loyalty Reward Program
52557,10.0,Loyal Customers,1073.88,1,0,7.0,0,0.031,Low Risk,Priority 4: Standard Loyalty Reward Program
52558,7.0,At-Risk High-Value,5688.76,1,0,25.0,0,0.045,Low Risk,Priority 4: Standard Loyalty Reward Program
52559,9.0,Loyal Customers,675.12,1,1,13.0,1,0.982,High Risk,Priority 2: 25% Comeback Voucher + Free Express Delivery
52560,17.0,At-Risk High-Value,5900.07,1,1,8.0,0,0.017,Low Risk,Priority 4: Standard Loyalty Reward Program
52561,8.0,Lost / Low Value,821.15,1,1,8.0,0,0.057,Low Risk,Priority 4: Standard Loyalty Reward Program
52562,16.0,At-Risk High-Value,7852.68,1,1,8.0,0,0.034,Low Risk,Priority 4: Standard Loyalty Reward Program
52563,0.0,Lost / Low Value,792.06,3,0,15.0,0,0.075,Low Risk,Priority 4: Standard Loyalty Reward Program
52564,14.0,At-Risk High-Value,8466.04,3,0,12.0,0,0.108,Low Risk,Priority 4: Standard Loyalty Reward Program
52565,2.0,Loyal Customers,713.57,3,0,15.0,0,0.048,Low Risk,Priority 4: Standard Loyalty Reward Program
52566,9.0,At-Risk High-Value,4785.66,1,0,8.0,0,0.073,Low Risk,Priority 4: Standard Loyalty Reward Program
52567,18.0,At-Risk High-Value,15975.96,3,0,7.0,0,0.021,Low Risk,Priority 4: Standard Loyalty Reward Program
52568,9.0,Loyal Customers,635.52,3,0,28.0,1,0.991,High Risk,Priority 2: 25% Comeback Voucher + Free Express Delivery
52569,10.0,Champions,17660.72,3,0,15.0,1,0.865,High Risk,"Priority 1: Executive Concierge Call + ₹1,000 Credit"
52570,9.0,Loyal Customers,676.78,3,0,23.0,0,0.023,Low Risk,Priority 4: Standard Loyalty Reward Program
52571,18.0,At-Risk High-Value,11749.76,4,0,34.0,0,0.015,Low Risk,Priority 4: Standard Loyalty Reward Program
52572,5.0,Loyal Customers,738.82,3,0,16.0,0,0.086,Low Risk,Priority 4: Standard Loyalty Reward Program
52573,4.0,Loyal Customers,741.24,3,0,8.0,0,0.015,Low Risk,Priority 4: Standard Loyalty Reward Program
52574,14.0,Loyal Customers,903.65,4,0,10.0,0,0.011,Low Risk,Priority 4: Standard Loyalty Reward Program
52575,13.0,Loyal Customers,908.38,5,1,14.0,0,0.037,Low Risk,Priority 4: Standard Loyalty Reward Program
52576,0.0,Loyal Customers,764.88,5,0,35.0,0,0.169,Low Risk,Priority 4: Standard Loyalty Reward Program
52577,19.0,Lost / Low Value,855.91,4,0,19.0,0,0.003,Low Risk,Priority 4: Standard Loyalty Reward Program
52578,8.0,Lost / Low Value,928.56,3,0,33.0,0,0.01,Low Risk,Priority 4: Standard Loyalty Reward Program
52579,3.0,Lost / Low Value,707.41,1,0,22.0,0,0.026,Low Risk,Priority 4: Standard Loyalty Reward Program
52580,20.0,Loyal Customers,823.79,4,0,8.0,0,0.084,Low Risk,Priority 4: Standard Loyalty Reward Program
52581,19.0,Loyal Customers,1120.24,1,1,8.0,0,0.059,Low Risk,Priority 4: Standard Loyalty Reward Program
52582,0.0,Loyal Customers,1774.74,5,1,19.0,1,0.942,High Risk,Priority 2: 25% Comeback Voucher + Free Express Delivery
52583,0.0,Loyal Customers,920.42,4,0,7.0,1,0.992,High Risk,Priority 2: 25% Comeback Voucher + Free Express Delivery
52584,0.0,Loyal Customers,731.22,4,0,10.0,0,0.414,Medium Risk,Priority 3: Personalized Recommendation + Free Shipping
52585,4.0,Lost / Low Value,838.09,1,0,30.0,0,0.037,Low Risk,Priority 4: Standard Loyalty Reward Program
52586,12.0,At-Risk High-Value,4529.8,1,1,7.0,0,0.005,Low Risk,Priority 4: Standard Loyalty Reward Program
52587,5.0,Loyal Customers,1078.55,3,0,25.0,0,0.049,Low Risk,Priority 4: Standard Loyalty Reward Program
52588,13.0,At-Risk High-Value,19689.78,4,0,13.0,0,0.066,Low Risk,Priority 4: Standard Loyalty Reward Program
52589,18.0,Loyal Customers,1086.58,3,0,10.0,0,0.026,Low Risk,Priority 4: Standard Loyalty Reward Program
52590,3.0,Lost / Low Value,823.24,5,0,8.0,0,0.046,Low Risk,Priority 4: Standard Loyalty Reward Program
52591,9.0,Loyal Customers,1335.95,1,0,16.0,0,0.083,Low Risk,Priority 4: Standard Loyalty Reward Program
52592,9.0,Loyal Customers,669.9,1,0,14.0,1,0.987,High Risk,Priority 2: 25% Comeback Voucher + Free Express Delivery
52593,4.0,Loyal Customers,1009.03,3,0,11.0,0,0.011,Low Risk,Priority 4: Standard Loyalty Reward Program
52594,0.0,Lost / Low Value,739.47,1,0,14.0,0,0.163,Low Risk,Priority 4: Standard Loyalty Reward Program
52595,0.0,Loyal Customers,1403.6,4,0,15.0,1,0.977,High Risk,Priority 2: 25% Comeback Voucher + Free Express Delivery
52596,2.0,Loyal Customers,896.17,3,1,7.0,0,0.105,Low Risk,Priority 4: Standard Loyalty Reward Program
52597,3.0,Lost / Low Value,942.7,5,0,21.0,0,0.048,Low Risk,Priority 4: Standard Loyalty Reward Program
52598,7.0,Loyal Customers,711.26,1,1,8.0,0,0.065,Low Risk,Priority 4: Standard Loyalty Reward Program
52599,6.0,Lost / Low Value,833.08,4,0,8.0,0,0.061,Low Risk,Priority 4: Standard Loyalty Reward Program
52600,22.0,Lost / Low Value,797.88,1,0,17.0,0,0.038,Low Risk,Priority 4: Standard Loyalty Reward Program
52601,0.0,Loyal Customers,1021.02,5,1,22.0,1,0.998,High Risk,Priority 2: 25% Comeback Voucher + Free Express Delivery
52602,11.0,Lost / Low Value,685.74,4,0,14.0,0,0.039,Low Risk,Priority 4: Standard Loyalty Reward Program
52603,0.0,Loyal Customers,998.86,3,0,22.0,1,0.976,High Risk,Priority 2: 25% Comeback Voucher + Free Express Delivery
52604,9.0,Loyal Customers,666.0,5,0,10.0,0,0.226,Low Risk,Priority 4: Standard Loyalty Reward Program
52605,3.0,Lost / Low Value,841.17,3,0,22.0,0,0.01,Low Risk,Priority 4: Standard Loyalty Reward Program
52606,5.0,Lost / Low Value,699.49,4,0,11.0,0,0.039,Low Risk,Priority 4: Standard Loyalty Reward Program
52607,11.0,Loyal Customers,869.6,1,1,24.0,0,0.029,Low Risk,Priority 4: Standard Loyalty Reward Program
52608,6.0,Loyal Customers,684.04,3,1,14.0,1,0.993,High Risk,Priority 2: 25% Comeback Voucher + Free Express Delivery
52609,15.0,Lost / Low Value,702.13,4,0,18.0,0,0.014,Low Risk,Priority 4: Standard Loyalty Reward Program
52610,28.0,Loyal Customers,1597.09,5,0,8.0,0,0.019,Low Risk,Priority 4: Standard Loyalty Reward Program
52611,6.0,Lost / Low Value,718.03,4,0,10.0,0,0.02,Low Risk,Priority 4: Standard Loyalty Reward Program
52612,9.0,Lost / Low Value,675.9,5,0,15.0,0,0.049,Low Risk,Priority 4: Standard Loyalty Reward Program
52613,7.0,Lost / Low Value,770.06,3,1,16.0,0,0.046,Low Risk,Priority 4: Standard Loyalty Reward Program
52614,26.0,Loyal Customers,1263.08,3,1,7.0,0,0.021,Low Risk,Priority 4: Standard Loyalty Reward Program
52615,16.0,Lost / Low Value,744.64,1,0,8.0,0,0.025,Low Risk,Priority 4: Standard Loyalty Reward Program
52616,7.0,Loyal Customers,1763.19,1,0,9.0,0,0.051,Low Risk,Priority 4: Standard Loyalty Reward Program
52617,0.0,Loyal Customers,697.34,4,0,13.0,1,0.94,High Risk,Priority 2: 25% Comeback Voucher + Free Express Delivery
52618,11.0,Lost / Low Value,753.61,3,0,12.0,0,0.014,Low Risk,Priority 4: Standard Loyalty Reward Program
52619,0.0,Loyal Customers,681.89,5,1,14.0,1,0.997,High Risk,Priority 2: 25% Comeback Voucher + Free Express Delivery
52620,4.0,At-Risk High-Value,4253.7,1,0,35.0,0,0.025,Low Risk,Priority 4: Standard Loyalty Reward Program
52621,24.0,Loyal Customers,2542.76,3,0,9.0,0,0.028,Low Risk,Priority 4: Standard Loyalty Reward Program
52622,10.0,Loyal Customers,780.4,4,0,15.0,0,0.016,Low Risk,Priority 4: Standard Loyalty Reward Program
52623,19.0,Loyal Customers,3226.08,1,1,8.0,0,0.071,Low Risk,Priority 4: Standard Loyalty Reward Program
52624,9.0,At-Risk High-Value,5038.28,5,1,16.0,0,0.175,Low Risk,Priority 4: Standard Loyalty Reward Program
52625,7.0,Loyal Customers,1357.62,4,1,14.0,1,0.963,High Risk,Priority 2: 25% Comeback Voucher + Free Express Delivery
52626,10.0,At-Risk High-Value,3095.62,4,0,14.0,0,0.013,Low Risk,Priority 4: Standard Loyalty Reward Program
52627,0.0,At-Risk High-Value,6088.0,1,1,33.0,1,0.995,High Risk,"Priority 1: Executive Concierge Call + ₹1,000 Credit"
52628,6.0,At-Risk High-Value,5060.06,5,0,14.0,0,0.072,Low Risk,Priority 4: Standard Loyalty Reward Program
52629,9.0,Loyal Customers,662.42,1,0,7.0,0,0.144,Low Risk,Priority 4: Standard Loyalty Reward Program
52630,12.0,Loyal Customers,2581.04,3,0,16.0,0,0.04,Low Risk,Priority 4: Standard Loyalty Reward Program
52631,19.0,Loyal Customers,1979.01,4,0,32.0,0,0.076,Low Risk,Priority 4: Standard Loyalty Reward Program
52632,13.0,Loyal Customers,735.74,5,0,8.0,0,0.028,Low Risk,Priority 4: Standard Loyalty Reward Program
52633,15.0,Loyal Customers,854.59,5,0,19.0,0,0.038,Low Risk,Priority 4: Standard Loyalty Reward Program
52634,8.0,Lost / Low Value,866.91,1,0,8.0,0,0.005,Low Risk,Priority 4: Standard Loyalty Reward Program
52635,11.0,At-Risk High-Value,2077.68,4,0,14.0,0,0.041,Low Risk,Priority 4: Standard Loyalty Reward Program
52636,0.0,Lost / Low Value,844.03,5,0,15.0,1,0.988,High Risk,Priority 2: 25% Comeback Voucher + Free Express Delivery
52637,0.0,Lost / Low Value,781.71,5,0,16.0,1,0.988,High Risk,Priority 2: 25% Comeback Voucher + Free Express Delivery
52638,12.0,Loyal Customers,1553.97,1,0,26.0,0,0.02,Low Risk,Priority 4: Standard Loyalty Reward Program
52639,16.0,Loyal Customers,684.09,3,0,14.0,0,0.178,Low Risk,Priority 4: Standard Loyalty Reward Program
52640,14.0,Loyal Customers,927.85,4,0,11.0,0,0.004,Low Risk,Priority 4: Standard Loyalty Reward Program
52641,14.0,At-Risk High-Value,14619.6,3,1,10.0,0,0.05,Low Risk,Priority 4: Standard Loyalty Reward Program
52642,3.0,Loyal Customers,1081.68,3,0,16.0,0,0.078,Low Risk,Priority 4: Standard Loyalty Reward Program
52643,9.0,Lost / Low Value,668.14,4,1,26.0,1,0.946,High Risk,Priority 2: 25% Comeback Voucher + Free Express Delivery
52644,9.0,At-Risk High-Value,3122.79,4,0,27.0,1,0.795,High Risk,"Priority 1: Executive Concierge Call + ₹1,000 Credit"
52645,13.0,Loyal Customers,908.21,1,0,7.0,0,0.002,Low Risk,Priority 4: Standard Loyalty Reward Program
52646,7.0,At-Risk High-Value,3695.78,3,0,14.0,0,0.002,Low Risk,Priority 4: Standard Loyalty Reward Program
52647,30.0,At-Risk High-Value,20244.07,4,0,8.0,0,0.056,Low Risk,Priority 4: Standard Loyalty Reward Program
52648,8.0,Loyal Customers,698.78,3,0,29.0,0,0.039,Low Risk,Priority 4: Standard Loyalty Reward Program
52649,20.0,At-Risk High-Value,15656.41,4,1,10.0,0,0.108,Low Risk,Priority 4: Standard Loyalty Reward Program
52650,13.0,At-Risk High-Value,5562.48,5,0,18.0,0,0.021,Low Risk,Priority 4: Standard Loyalty Reward Program
52651,27.0,Lost / Low Value,926.97,1,0,13.0,0,0.017,Low Risk,Priority 4: Standard Loyalty Reward Program
52652,4.0,Loyal Customers,2160.07,5,0,13.0,0,0.019,Low Risk,Priority 4: Standard Loyalty Reward Program
52653,1.0,Loyal Customers,747.5,5,0,7.0,0,0.076,Low Risk,Priority 4: Standard Loyalty Reward Program
52654,11.0,Loyal Customers,847.28,1,1,8.0,0,0.055,Low Risk,Priority 4: Standard Loyalty Reward Program
52655,0.0,Loyal Customers,807.62,1,0,16.0,0,0.064,Low Risk,Priority 4: Standard Loyalty Reward Program
52656,30.0,Loyal Customers,2836.57,3,1,21.0,0,0.002,Low Risk,Priority 4: Standard Loyalty Reward Program
52657,9.0,Loyal Customers,633.27,3,0,20.0,0,0.192,Low Risk,Priority 4: Standard Loyalty Reward Program
52658,0.0,Loyal Customers,712.58,5,0,24.0,1,0.987,High Risk,Priority 2: 25% Comeback Voucher + Free Express Delivery
52659,0.0,Loyal Customers,1356.85,5,1,14.0,1,0.989,High Risk,Priority 2: 25% Comeback Voucher + Free Express Delivery
52660,18.0,At-Risk High-Value,4167.35,3,0,8.0,0,0.025,Low Risk,Priority 4: Standard Loyalty Reward Program
52661,9.0,Loyal Customers,932.91,4,1,8.0,0,0.072,Low Risk,Priority 4: Standard Loyalty Reward Program
52662,16.0,At-Risk High-Value,6034.88,1,0,8.0,0,0.042,Low Risk,Priority 4: Standard Loyalty Reward Program
52663,0.0,Loyal Customers,680.84,1,1,14.0,0,0.224,Low Risk,Priority 4: Standard Loyalty Reward Program
52664,2.0,At-Risk High-Value,2278.98,1,0,26.0,0,0.041,Low Risk,Priority 4: Standard Loyalty Reward Program
52665,5.0,Loyal Customers,805.64,1,0,16.0,0,0.087,Low Risk,Priority 4: Standard Loyalty Reward Program
52666,15.0,Champions,2134.44,3,0,16.0,0,0.011,Low Risk,Priority 4: Standard Loyalty Reward Program
52667,9.0,Loyal Customers,1331.55,3,0,15.0,0,0.141,Low Risk,Priority 4: Standard Loyalty Reward Program
52668,19.0,At-Risk High-Value,4087.16,1,0,8.0,0,0.022,Low Risk,Priority 4: Standard Loyalty Reward Program
52669,1.0,Loyal Customers,1397.66,1,0,7.0,0,0.19,Low Risk,Priority 4: Standard Loyalty Reward Program
52670,2.0,Lost / Low Value,901.12,3,0,35.0,0,0.07,Low Risk,Priority 4: Standard Loyalty Reward Program
52671,15.0,Loyal Customers,768.24,3,0,14.0,0,0.127,Low Risk,Priority 4: Standard Loyalty Reward Program
52672,0.0,Loyal Customers,2189.77,4,1,8.0,1,1.0,High Risk,Priority 2: 25% Comeback Voucher + Free Express Delivery
52673,19.0,Hibernating Big Spenders,2554.75,5,0,9.0,0,0.0,Low Risk,Priority 4: Standard Loyalty Reward Program
52674,0.0,At-Risk High-Value,3723.5,3,0,29.0,0,0.116,Low Risk,Priority 4: Standard Loyalty Reward Program
52675,2.0,Loyal Customers,704.22,4,0,12.0,0,0.046,Low Risk,Priority 4: Standard Loyalty Reward Program
52676,16.0,At-Risk High-Value,9699.36,3,0,12.0,0,0.093,Low Risk,Priority 4: Standard Loyalty Reward Program
52677,21.0,At-Risk High-Value,19578.9,4,0,16.0,0,0.011,Low Risk,Priority 4: Standard Loyalty Reward Program
52678,0.0,Loyal Customers,684.14,1,1,14.0,1,0.998,High Risk,Priority 2: 25% Comeback Voucher + Free Express Delivery
52679,9.0,Lost / Low Value,952.27,4,0,16.0,1,0.722,High Risk,Priority 2: 25% Comeback Voucher + Free Express Delivery
52680,0.0,Champions,5687.99,5,0,21.0,0,0.131,Low Risk,Priority 4: Standard Loyalty Reward Program
52681,12.0,Loyal Customers,1529.22,1,0,25.0,0,0.021,Low Risk,Priority 4: Standard Loyalty Reward Program
52682,28.0,Lost / Low Value,696.41,1,0,8.0,0,0.008,Low Risk,Priority 4: Standard Loyalty Reward Program
52683,1.0,Loyal Customers,707.08,4,0,9.0,0,0.263,Low Risk,Priority 4: Standard Loyalty Reward Program
52684,0.0,Loyal Customers,609.46,1,0,15.0,1,0.966,High Risk,Priority 2: 25% Comeback Voucher + Free Express Delivery
52685,0.0,Loyal Customers,685.96,4,1,14.0,1,0.995,High Risk,Priority 2: 25% Comeback Voucher + Free Express Delivery
52686,9.0,Lost / Low Value,862.02,3,1,16.0,0,0.02,Low Risk,Priority 4: Standard Loyalty Reward Program
52687,4.0,Loyal Customers,780.84,3,0,26.0,0,0.02,Low Risk,Priority 4: Standard Loyalty Reward Program
52688,7.0,Loyal Customers,1084.21,1,1,10.0,0,0.039,Low Risk,Priority 4: Standard Loyalty Reward Program
52689,9.0,Loyal Customers,663.41,5,0,13.0,0,0.308,Medium Risk,Priority 3: Personalized Recommendation + Free Shipping
52690,10.0,Lost / Low Value,785.62,5,1,13.0,0,0.033,Low Risk,Priority 4: Standard Loyalty Reward Program
52691,8.0,Loyal Customers,813.34,4,1,22.0,0,0.031,Low Risk,Priority 4: Standard Loyalty Reward Program
52692,18.0,At-Risk High-Value,2624.49,1,0,31.0,0,0.011,Low Risk,Priority 4: Standard Loyalty Reward Program
52693,9.0,Lost / Low Value,763.73,1,0,8.0,0,0.006,Low Risk,Priority 4: Standard Loyalty Reward Program
52694,13.0,At-Risk High-Value,16227.92,5,0,7.0,0,0.022,Low Risk,Priority 4: Standard Loyalty Reward Program
52695,0.0,Loyal Customers,711.32,3,1,7.0,0,0.367,Medium Risk,Priority 3: Personalized Recommendation + Free Shipping
52696,0.0,Lost / Low Value,907.5,3,0,8.0,0,0.035,Low Risk,Priority 4: Standard Loyalty Reward Program
52697,21.0,At-Risk High-Value,5978.28,1,0,28.0,0,0.037,Low Risk,Priority 4: Standard Loyalty Reward Program
52698,17.0,Loyal Customers,1653.63,5,0,7.0,0,0.012,Low Risk,Priority 4: Standard Loyalty Reward Program
52699,9.0,Champions,2030.66,5,1,22.0,1,1.0,High Risk,"Priority 1: Executive Concierge Call + ₹1,000 Credit"
52700,19.0,Loyal Customers,692.29,1,0,14.0,1,0.951,High Risk,Priority 2: 25% Comeback Voucher + Free Express Delivery
52701,9.0,Loyal Customers,852.88,4,0,23.0,0,0.014,Low Risk,Priority 4: Standard Loyalty Reward Program
52702,14.0,Lost / Low Value,791.62,4,0,14.0,0,0.04,Low Risk,Priority 4: Standard Loyalty Reward Program
52703,15.0,Hibernating Big Spenders,2568.28,5,0,12.0,0,0.045,Low Risk,Priority 4: Standard Loyalty Reward Program
52704,4.0,Lost / Low Value,912.06,1,1,16.0,0,0.022,Low Risk,Priority 4: Standard Loyalty Reward Program
52705,7.0,Loyal Customers,995.66,1,1,9.0,0,0.046,Low Risk,Priority 4: Standard Loyalty Reward Program
52706,4.0,Loyal Customers,1537.58,3,0,10.0,0,0.042,Low Risk,Priority 4: Standard Loyalty Reward Program
52707,0.0,At-Risk High-Value,4829.44,1,0,14.0,0,0.046,Low Risk,Priority 4: Standard Loyalty Reward Program
52708,18.0,Loyal Customers,846.94,3,0,7.0,0,0.03,Low Risk,Priority 4: Standard Loyalty Reward Program
52709,6.0,Lost / Low Value,851.79,3,0,16.0,0,0.028,Low Risk,Priority 4: Standard Loyalty Reward Program
52710,1.0,Lost / Low Value,925.87,1,1,7.0,0,0.128,Low Risk,Priority 4: Standard Loyalty Reward Program
52711,0.0,Loyal Customers,610.0,5,0,30.0,1,0.997,High Risk,Priority 2: 25% Comeback Voucher + Free Express Delivery
52712,12.0,Loyal Customers,865.48,3,0,27.0,0,0.075,Low Risk,Priority 4: Standard Loyalty Reward Program
52713,9.0,Loyal Customers,672.43,4,0,8.0,0,0.096,Low Risk,Priority 4: Standard Loyalty Reward Program
52714,7.0,At-Risk High-Value,5196.51,1,1,28.0,0,0.031,Low Risk,Priority 4: Standard Loyalty Reward Program
52715,0.0,Loyal Customers,2183.94,3,1,19.0,1,0.999,High Risk,Priority 2: 25% Comeback Voucher + Free Express Delivery
52716,20.0,Lost / Low Value,850.68,4,0,20.0,0,0.006,Low Risk,Priority 4: Standard Loyalty Reward Program
52717,29.0,Loyal Customers,845.9,5,0,17.0,0,0.051,Low Risk,Priority 4: Standard Loyalty Reward Program
52718,12.0,At-Risk High-Value,5833.13,5,0,15.0,0,0.034,Low Risk,Priority 4: Standard Loyalty Reward Program
52719,9.0,Lost / Low Value,667.32,4,1,14.0,0,0.109,Low Risk,Priority 4: Standard Loyalty Reward Program
52720,60.0,Loyal Customers,1533.12,1,1,27.0,0,0.026,Low Risk,Priority 4: Standard Loyalty Reward Program
52721,0.0,Loyal Customers,683.76,3,1,14.0,1,0.972,High Risk,Priority 2: 25% Comeback Voucher + Free Express Delivery
52722,11.0,Loyal Customers,812.41,1,0,15.0,0,0.014,Low Risk,Priority 4: Standard Loyalty Reward Program
52723,22.0,Champions,6415.42,1,0,8.0,0,0.001,Low Risk,Priority 4: Standard Loyalty Reward Program
52724,15.0,Loyal Customers,829.79,1,1,18.0,0,0.072,Low Risk,Priority 4: Standard Loyalty Reward Program
52725,0.0,Loyal Customers,707.46,4,0,28.0,1,0.991,High Risk,Priority 2: 25% Comeback Voucher + Free Express Delivery
52726,8.0,Lost / Low Value,855.86,5,0,24.0,0,0.023,Low Risk,Priority 4: Standard Loyalty Reward Program
52727,9.0,Lost / Low Value,667.92,3,0,22.0,0,0.044,Low Risk,Priority 4: Standard Loyalty Reward Program
52728,4.0,Loyal Customers,1437.15,5,1,9.0,0,0.502,Medium Risk,Priority 3: Personalized Recommendation + Free Shipping
52729,9.0,Loyal Customers,704.55,4,0,15.0,0,0.023,Low Risk,Priority 4: Standard Loyalty Reward Program
52730,7.0,Loyal Customers,2187.68,1,0,7.0,0,0.051,Low Risk,Priority 4: Standard Loyalty Reward Program
52731,7.0,Loyal Customers,1024.54,3,0,19.0,0,0.083,Low Risk,Priority 4: Standard Loyalty Reward Program
52732,0.0,At-Risk High-Value,4953.8,5,0,7.0,0,0.307,Medium Risk,Priority 3: Personalized Recommendation + Free Shipping
52733,2.0,Loyal Customers,845.52,5,0,7.0,0,0.027,Low Risk,Priority 4: Standard Loyalty Reward Program
52734,5.0,Loyal Customers,916.68,1,0,21.0,0,0.021,Low Risk,Priority 4: Standard Loyalty Reward Program
52735,4.0,At-Risk High-Value,6601.32,5,0,7.0,0,0.037,Low Risk,Priority 4: Standard Loyalty Reward Program
52736,0.0,Loyal Customers,680.18,1,0,14.0,1,0.985,High Risk,Priority 2: 25% Comeback Voucher + Free Express Delivery
52737,11.0,Loyal Customers,707.19,5,0,7.0,0,0.101,Low Risk,Priority 4: Standard Loyalty Reward Program
52738,8.0,Lost / Low Value,836.22,1,1,13.0,0,0.005,Low Risk,Priority 4: Standard Loyalty Reward Program
52739,0.0,Lost / Low Value,775.78,1,0,15.0,0,0.08,Low Risk,Priority 4: Standard Loyalty Reward Program
52740,5.0,Loyal Customers,1082.34,1,0,11.0,0,0.043,Low Risk,Priority 4: Standard Loyalty Reward Program
52741,0.0,Lost / Low Value,858.94,1,1,32.0,1,0.953,High Risk,Priority 2: 25% Comeback Voucher + Free Express Delivery
52742,16.0,Loyal Customers,2249.28,5,1,30.0,1,0.982,High Risk,Priority 2: 25% Comeback Voucher + Free Express Delivery
52743,27.0,Loyal Customers,1418.67,3,0,15.0,0,0.023,Low Risk,Priority 4: Standard Loyalty Reward Program
52744,6.0,Lost / Low Value,1756.48,3,0,13.0,0,0.0,Low Risk,Priority 4: Standard Loyalty Reward Program
52745,16.0,Lost / Low Value,963.05,3,0,17.0,0,0.023,Low Risk,Priority 4: Standard Loyalty Reward Program
52746,11.0,Loyal Customers,714.5,4,1,7.0,0,0.09,Low Risk,Priority 4: Standard Loyalty Reward Program
52747,28.0,Lost / Low Value,1629.98,4,1,32.0,0,0.02,Low Risk,Priority 4: Standard Loyalty Reward Program
52748,4.0,Loyal Customers,612.1,1,1,8.0,0,0.621,High Risk,Priority 2: 25% Comeback Voucher + Free Express Delivery
52749,12.0,Hibernating Big Spenders,2567.51,5,0,21.0,0,0.044,Low Risk,Priority 4: Standard Loyalty Reward Program
52750,15.0,At-Risk High-Value,2364.78,3,0,29.0,0,0.024,Low Risk,Priority 4: Standard Loyalty Reward Program
52751,4.0,Champions,4626.82,3,0,16.0,0,0.074,Low Risk,Priority 4: Standard Loyalty Reward Program
52752,27.0,Lost / Low Value,794.2,5,1,16.0,0,0.025,Low Risk,Priority 4: Standard Loyalty Reward Program
52753,0.0,Loyal Customers,803.94,3,0,7.0,0,0.098,Low Risk,Priority 4: Standard Loyalty Reward Program
52754,0.0,Lost / Low Value,695.58,1,0,14.0,0,0.155,Low Risk,Priority 4: Standard Loyalty Reward Program
52755,13.0,At-Risk High-Value,8079.88,3,0,17.0,0,0.067,Low Risk,Priority 4: Standard Loyalty Reward Program
52756,13.0,At-Risk High-Value,4311.18,4,0,8.0,0,0.012,Low Risk,Priority 4: Standard Loyalty Reward Program
52757,9.0,Loyal Customers,670.29,4,0,8.0,0,0.101,Low Risk,Priority 4: Standard Loyalty Reward Program
52758,3.0,Lost / Low Value,756.14,4,0,7.0,0,0.016,Low Risk,Priority 4: Standard Loyalty Reward Program
52759,0.0,Loyal Customers,768.74,3,1,8.0,0,0.255,Low Risk,Priority 4: Standard Loyalty Reward Program
52760,20.0,At-Risk High-Value,12297.78,3,0,31.0,0,0.114,Low Risk,Priority 4: Standard Loyalty Reward Program
52761,9.0,Loyal Customers,660.44,3,0,7.0,0,0.117,Low Risk,Priority 4: Standard Loyalty Reward Program
52762,11.0,At-Risk High-Value,3971.0,4,0,7.0,0,0.026,Low Risk,Priority 4: Standard Loyalty Reward Program
52763,4.0,Loyal Customers,718.68,3,0,8.0,0,0.023,Low Risk,Priority 4: Standard Loyalty Reward Program
52764,11.0,At-Risk High-Value,5898.59,3,0,12.0,0,0.023,Low Risk,Priority 4: Standard Loyalty Reward Program
52765,15.0,Loyal Customers,847.55,5,1,24.0,0,0.022,Low Risk,Priority 4: Standard Loyalty Reward Program
52766,14.0,Loyal Customers,703.01,1,0,7.0,0,0.035,Low Risk,Priority 4: Standard Loyalty Reward Program
52767,20.0,Champions,6038.18,4,0,7.0,0,0.042,Low Risk,Priority 4: Standard Loyalty Reward Program
52768,8.0,Loyal Customers,1392.6,3,1,17.0,0,0.427,Medium Risk,Priority 3: Personalized Recommendation + Free Shipping
52769,0.0,Loyal Customers,735.62,3,0,7.0,0,0.229,Low Risk,Priority 4: Standard Loyalty Reward Program
52770,8.0,Lost / Low Value,830.39,3,0,15.0,0,0.014,Low Risk,Priority 4: Standard Loyalty Reward Program
52771,6.0,Champions,6546.32,1,1,21.0,0,0.033,Low Risk,Priority 4: Standard Loyalty Reward Program
52772,5.0,Champions,2824.14,4,0,35.0,0,0.175,Low Risk,Priority 4: Standard Loyalty Reward Program
52773,13.0,Loyal Customers,682.33,1,0,14.0,0,0.05,Low Risk,Priority 4: Standard Loyalty Reward Program
52774,9.0,Loyal Customers,1349.59,4,0,7.0,0,0.013,Low Risk,Priority 4: Standard Loyalty Reward Program
52775,12.0,Lost / Low Value,775.94,1,0,30.0,0,0.011,Low Risk,Priority 4: Standard Loyalty Reward Program
52776,11.0,Hibernating Big Spenders,2552.66,3,0,16.0,0,0.093,Low Risk,Priority 4: Standard Loyalty Reward Program
52777,5.0,At-Risk High-Value,5616.05,1,0,7.0,0,0.083,Low Risk,Priority 4: Standard Loyalty Reward Program
52778,10.0,Hibernating Big Spenders,2611.84,1,1,16.0,0,0.044,Low Risk,Priority 4: Standard Loyalty Reward Program
52779,0.0,Lost / Low Value,819.88,3,1,14.0,0,0.143,Low Risk,Priority 4: Standard Loyalty Reward Program
52780,25.0,Loyal Customers,741.51,1,0,35.0,0,0.095,Low Risk,Priority 4: Standard Loyalty Reward Program
52781,17.0,Loyal Customers,683.98,1,1,14.0,0,0.073,Low Risk,Priority 4: Standard Loyalty Reward Program
52782,0.0,Loyal Customers,680.9,5,1,14.0,0,0.481,Medium Risk,Priority 3: Personalized Recommendation + Free Shipping
52783,12.0,Loyal Customers,1618.7,1,0,15.0,0,0.106,Low Risk,Priority 4: Standard Loyalty Reward Program
52784,9.0,Loyal Customers,648.45,5,0,15.0,1,0.997,High Risk,Priority 2: 25% Comeback Voucher + Free Express Delivery
52785,9.0,At-Risk High-Value,2911.26,1,0,9.0,0,0.116,Low Risk,Priority 4: Standard Loyalty Reward Program
52786,9.0,Loyal Customers,832.2,4,0,10.0,0,0.022,Low Risk,Priority 4: Standard Loyalty Reward Program
52787,29.0,Lost / Low Value,896.83,3,0,7.0,0,0.001,Low Risk,Priority 4: Standard Loyalty Reward Program
52788,0.0,Loyal Customers,1626.57,1,1,7.0,1,0.816,High Risk,Priority 2: 25% Comeback Voucher + Free Express Delivery
52789,15.0,At-Risk High-Value,6353.6,3,0,8.0,0,0.033,Low Risk,Priority 4: Standard Loyalty Reward Program
52790,19.0,At-Risk High-Value,6107.8,3,0,14.0,1,0.994,High Risk,"Priority 1: Executive Concierge Call + ₹1,000 Credit"
52791,14.0,Hibernating Big Spenders,2592.7,4,0,34.0,0,0.019,Low Risk,Priority 4: Standard Loyalty Reward Program
52792,7.0,Lost / Low Value,919.16,3,0,34.0,0,0.026,Low Risk,Priority 4: Standard Loyalty Reward Program
52793,9.0,At-Risk High-Value,9320.63,1,0,21.0,0,0.01,Low Risk,Priority 4: Standard Loyalty Reward Program
52794,14.0,Lost / Low Value,1041.59,4,0,9.0,0,0.027,Low Risk,Priority 4: Standard Loyalty Reward Program
52795,5.0,Loyal Customers,684.14,5,0,14.0,0,0.13,Low Risk,Priority 4: Standard Loyalty Reward Program
52796,8.0,Lost / Low Value,1036.04,1,1,32.0,0,0.023,Low Risk,Priority 4: Standard Loyalty Reward Program
52797,11.0,Lost / Low Value,843.86,1,0,16.0,0,0.024,Low Risk,Priority 4: Standard Loyalty Reward Program
52798,13.0,Loyal Customers,920.04,3,0,7.0,1,0.866,High Risk,Priority 2: 25% Comeback Voucher + Free Express Delivery
52799,9.0,Loyal Customers,915.86,1,0,17.0,0,0.047,Low Risk,Priority 4: Standard Loyalty Reward Program
52800,18.0,Loyal Customers,816.75,3,0,26.0,0,0.133,Low Risk,Priority 4: Standard Loyalty Reward Program
52801,13.0,Loyal Customers,1408.99,3,0,8.0,0,0.055,Low Risk,Priority 4: Standard Loyalty Reward Program
52802,8.0,Loyal Customers,862.9,3,1,24.0,0,0.018,Low Risk,Priority 4: Standard Loyalty Reward Program
52803,9.0,Loyal Customers,660.06,3,0,8.0,0,0.051,Low Risk,Priority 4: Standard Loyalty Reward Program
52804,8.0,Loyal Customers,713.74,1,0,7.0,0,0.045,Low Risk,Priority 4: Standard Loyalty Reward Program
52805,2.0,Loyal Customers,771.38,4,1,19.0,0,0.047,Low Risk,Priority 4: Standard Loyalty Reward Program
52806,2.0,Lost / Low Value,758.18,5,0,34.0,0,0.207,Low Risk,Priority 4: Standard Loyalty Reward Program
52807,13.0,Loyal Customers,2293.94,5,1,34.0,1,0.983,High Risk,Priority 2: 25% Comeback Voucher + Free Express Delivery
52808,12.0,Champions,10905.34,1,0,30.0,0,0.08,Low Risk,Priority 4: Standard Loyalty Reward Program
52809,4.0,Lost / Low Value,1096.48,5,0,11.0,0,0.041,Low Risk,Priority 4: Standard Loyalty Reward Program
52810,0.0,Loyal Customers,713.13,3,0,11.0,0,0.274,Low Risk,Priority 4: Standard Loyalty Reward Program
52811,9.0,Loyal Customers,691.4,1,0,14.0,0,0.02,Low Risk,Priority 4: Standard Loyalty Reward Program
52812,12.0,Lost / Low Value,1099.5,5,0,12.0,0,0.044,Low Risk,Priority 4: Standard Loyalty Reward Program
52813,0.0,Loyal Customers,887.81,4,1,10.0,0,0.127,Low Risk,Priority 4: Standard Loyalty Reward Program
52814,22.0,Lost / Low Value,846.45,4,0,8.0,0,0.006,Low Risk,Priority 4: Standard Loyalty Reward Program
52815,7.0,Loyal Customers,792.22,3,0,14.0,0,0.01,Low Risk,Priority 4: Standard Loyalty Reward Program
52816,5.0,Hibernating Big Spenders,2034.23,2,1,7.0,1,0.972,High Risk,Priority 2: 25% Comeback Voucher + Free Express Delivery
52817,1.0,Loyal Customers,1604.9,3,1,9.0,1,0.998,High Risk,Priority 2: 25% Comeback Voucher + Free Express Delivery
52818,1.0,Lost / Low Value,1598.08,3,1,31.0,1,0.997,High Risk,Priority 2: 25% Comeback Voucher + Free Express Delivery
52819,1.0,Lost / Low Value,1749.77,5,0,16.0,1,0.993,High Risk,Priority 2: 25% Comeback Voucher + Free Express Delivery
52820,1.0,Lost / Low Value,1700.6,5,0,13.0,1,0.966,High Risk,Priority 2: 25% Comeback Voucher + Free Express Delivery
52821,1.0,At-Risk High-Value,6321.32,5,1,23.0,1,1.0,High Risk,"Priority 1: Executive Concierge Call + ₹1,000 Credit"
52822,3.0,Loyal Customers,1604.46,2,0,12.0,1,0.906,High Risk,Priority 2: 25% Comeback Voucher + Free Express Delivery
52823,1.0,Champions,2440.85,2,1,7.0,1,0.988,High Risk,"Priority 1: Executive Concierge Call + ₹1,000 Credit"
52824,14.0,Loyal Customers,1670.13,3,1,10.0,1,0.954,High Risk,Priority 2: 25% Comeback Voucher + Free Express Delivery
52825,1.0,Loyal Customers,1627.23,3,0,32.0,1,0.908,High Risk,Priority 2: 25% Comeback Voucher + Free Express Delivery
52826,5.0,At-Risk High-Value,28199.6,3,0,19.0,1,0.293,Low Risk,Priority 4: Standard Loyalty Reward Program
52827,12.0,Loyal Customers,1966.91,3,1,7.0,1,0.939,High Risk,Priority 2: 25% Comeback Voucher + Free Express Delivery
52828,1.0,Champions,2630.26,3,1,12.0,1,0.986,High Risk,"Priority 1: Executive Concierge Call + ₹1,000 Credit"
52829,1.0,Loyal Customers,1747.68,3,1,16.0,1,0.991,High Risk,Priority 2: 25% Comeback Voucher + Free Express Delivery
52830,10.0,Champions,6082.72,2,0,16.0,1,0.872,High Risk,"Priority 1: Executive Concierge Call + ₹1,000 Credit"
52831,1.0,Loyal Customers,1603.03,5,1,13.0,1,0.987,High Risk,Priority 2: 25% Comeback Voucher + Free Express Delivery
52832,1.0,Loyal Customers,1696.86,2,1,13.0,1,0.981,High Risk,Priority 2: 25% Comeback Voucher + Free Express Delivery
52833,1.0,Hibernating Big Spenders,2006.84,3,1,12.0,1,0.984,High Risk,Priority 2: 25% Comeback Voucher + Free Express Delivery
52834,1.0,Hibernating Big Spenders,2043.14,3,1,14.0,1,1.0,High Risk,Priority 2: 25% Comeback Voucher + Free Express Delivery
52835,20.0,At-Risk High-Value,4802.32,4,1,21.0,1,0.825,High Risk,"Priority 1: Executive Concierge Call + ₹1,000 Credit"
52836,1.0,At-Risk High-Value,8215.68,3,1,13.0,1,0.984,High Risk,"Priority 1: Executive Concierge Call + ₹1,000 Credit"
52837,21.0,Champions,20074.56,2,0,30.0,1,0.987,High Risk,"Priority 1: Executive Concierge Call + ₹1,000 Credit"
52838,1.0,Loyal Customers,1559.25,3,1,29.0,1,0.998,High Risk,Priority 2: 25% Comeback Voucher + Free Express Delivery
52839,1.0,Champions,2814.74,3,1,27.0,1,0.986,High Risk,"Priority 1: Executive Concierge Call + ₹1,000 Credit"
52840,15.0,Hibernating Big Spenders,2546.5,2,0,15.0,1,0.922,High Risk,Priority 2: 25% Comeback Voucher + Free Express Delivery
52841,1.0,Lost / Low Value,1837.0,5,0,16.0,1,0.988,High Risk,Priority 2: 25% Comeback Voucher + Free Express Delivery
52842,9.0,Hibernating Big Spenders,2177.45,4,0,7.0,0,0.031,Low Risk,Priority 4: Standard Loyalty Reward Program
52843,27.0,At-Risk High-Value,4071.65,3,1,13.0,0,0.07,Low Risk,Priority 4: Standard Loyalty Reward Program
52844,19.0,Lost / Low Value,1633.28,4,0,16.0,0,0.017,Low Risk,Priority 4: Standard Loyalty Reward Program
52845,6.0,Champions,4729.56,2,0,15.0,0,0.181,Low Risk,Priority 4: Standard Loyalty Reward Program
52846,3.0,Hibernating Big Spenders,1850.09,3,0,7.0,0,0.01,Low Risk,Priority 4: Standard Loyalty Reward Program
52847,1.0,Loyal Customers,2049.52,3,0,14.0,0,0.348,Medium Risk,Priority 3: Personalized Recommendation + Free Shipping
52848,31.0,Loyal Customers,1743.06,4,1,16.0,0,0.065,Low Risk,Priority 4: Standard Loyalty Reward Program
52849,14.0,Hibernating Big Spenders,2569.05,2,0,11.0,0,0.071,Low Risk,Priority 4: Standard Loyalty Reward Program
52850,8.0,Loyal Customers,1620.41,3,0,9.0,0,0.043,Low Risk,Priority 4: Standard Loyalty Reward Program
52851,1.0,Champions,2445.8,2,0,26.0,0,0.15,Low Risk,Priority 4: Standard Loyalty Reward Program
52852,1.0,Champions,2396.46,4,0,16.0,0,0.27,Low Risk,Priority 4: Standard Loyalty Reward Program
52853,2.0,Loyal Customers,1673.43,2,0,28.0,0,0.084,Low Risk,Priority 4: Standard Loyalty Reward Program
52854,31.0,Loyal Customers,2413.29,2,1,31.0,0,0.018,Low Risk,Priority 4: Standard Loyalty Reward Program
52855,1.0,Loyal Customers,1657.26,3,1,10.0,0,0.328,Medium Risk,Priority 3: Personalized Recommendation + Free Shipping
52856,24.0,At-Risk High-Value,8917.15,4,0,18.0,0,0.005,Low Risk,Priority 4: Standard Loyalty Reward Program
52857,15.0,Lost / Low Value,1644.61,3,0,21.0,0,0.051,Low Risk,Priority 4: Standard Loyalty Reward Program
52858,4.0,Champions,9644.36,2,0,12.0,0,0.077,Low Risk,Priority 4: Standard Loyalty Reward Program
52859,12.0,Loyal Customers,2330.46,2,0,7.0,0,0.032,Low Risk,Priority 4: Standard Loyalty Reward Program
52860,6.0,Lost / Low Value,1709.18,3,0,13.0,0,0.023,Low Risk,Priority 4: Standard Loyalty Reward Program
52861,1.0,Loyal Customers,1711.38,4,1,24.0,0,0.439,Medium Risk,Priority 3: Personalized Recommendation + Free Shipping
52862,1.0,Loyal Customers,1630.75,5,0,7.0,1,0.992,High Risk,Priority 2: 25% Comeback Voucher + Free Express Delivery
52863,10.0,Champions,6418.72,4,0,10.0,0,0.036,Low Risk,Priority 4: Standard Loyalty Reward Program
52864,4.0,At-Risk High-Value,5995.22,5,0,16.0,0,0.036,Low Risk,Priority 4: Standard Loyalty Reward Program
52865,19.0,Hibernating Big Spenders,1925.66,5,1,11.0,0,0.115,Low Risk,Priority 4: Standard Loyalty Reward Program
52866,30.0,Champions,2764.9,5,1,15.0,0,0.069,Low Risk,Priority 4: Standard Loyalty Reward Program
52867,7.0,Loyal Customers,1650.0,2,0,9.0,0,0.035,Low Risk,Priority 4: Standard Loyalty Reward Program
52868,1.0,Loyal Customers,1496.22,2,0,9.0,1,0.972,High Risk,Priority 2: 25% Comeback Voucher + Free Express Delivery
52869,20.0,Champions,20198.64,5,0,7.0,0,0.005,Low Risk,Priority 4: Standard Loyalty Reward Program
52870,12.0,Champions,2440.02,2,0,16.0,0,0.021,Low Risk,Priority 4: Standard Loyalty Reward Program
52871,5.0,Loyal Customers,1807.19,2,1,19.0,0,0.201,Low Risk,Priority 4: Standard Loyalty Reward Program
52872,8.0,Loyal Customers,1629.21,4,0,34.0,0,0.047,Low Risk,Priority 4: Standard Loyalty Reward Program
52873,5.0,Loyal Customers,1720.4,4,1,27.0,1,0.99,High Risk,Priority 2: 25% Comeback Voucher + Free Express Delivery
52874,24.0,Loyal Customers,1780.9,3,0,7.0,0,0.015,Low Risk,Priority 4: Standard Loyalty Reward Program
52875,27.0,Hibernating Big Spenders,1864.5,5,0,20.0,0,0.012,Low Risk,Priority 4: Standard Loyalty Reward Program
52876,7.0,Lost / Low Value,1678.16,4,0,21.0,0,0.046,Low Risk,Priority 4: Standard Loyalty Reward Program
52877,14.0,At-Risk High-Value,17343.15,3,0,11.0,0,0.026,Low Risk,Priority 4: Standard Loyalty Reward Program
52878,29.0,At-Risk High-Value,5151.63,4,0,21.0,0,0.009,Low Risk,Priority 4: Standard Loyalty Reward Program
52879,8.0,Loyal Customers,2425.17,3,0,9.0,0,0.027,Low Risk,Priority 4: Standard Loyalty Reward Program
52880,25.0,Loyal Customers,2885.74,4,0,10.0,0,0.005,Low Risk,Priority 4: Standard Loyalty Reward Program
52881,26.0,At-Risk High-Value,21449.34,3,0,7.0,0,0.01,Low Risk,Priority 4: Standard Loyalty Reward Program
52882,1.0,Lost / Low Value,1625.69,4,0,16.0,0,0.443,Medium Risk,Priority 3: Personalized Recommendation + Free Shipping
52883,1.0,Loyal Customers,2025.76,3,1,30.0,1,0.995,High Risk,Priority 2: 25% Comeback Voucher + Free Express Delivery
52884,17.0,Champions,2407.18,2,0,14.0,0,0.036,Low Risk,Priority 4: Standard Loyalty Reward Program
52885,19.0,At-Risk High-Value,19332.72,2,0,9.0,0,0.066,Low Risk,Priority 4: Standard Loyalty Reward Program
52886,11.0,Lost / Low Value,1767.04,5,1,28.0,0,0.114,Low Risk,Priority 4: Standard Loyalty Reward Program
52887,9.0,Loyal Customers,1861.75,4,0,9.0,0,0.017,Low Risk,Priority 4: Standard Loyalty Reward Program
52888,16.0,Loyal Customers,1954.15,3,0,28.0,0,0.032,Low Risk,Priority 4: Standard Loyalty Reward Program
52889,12.0,Loyal Customers,2095.83,3,0,9.0,0,0.037,Low Risk,Priority 4: Standard Loyalty Reward Program
52890,12.0,Hibernating Big Spenders,2063.71,2,0,36.0,0,0.01,Low Risk,Priority 4: Standard Loyalty Reward Program
52891,1.0,Champions,2771.67,5,0,7.0,0,0.325,Medium Risk,Priority 3: Personalized Recommendation + Free Shipping
52892,23.0,Hibernating Big Spenders,2123.44,2,1,25.0,0,0.009,Low Risk,Priority 4: Standard Loyalty Reward Program
52893,8.0,Champions,2691.98,3,1,17.0,0,0.252,Low Risk,Priority 4: Standard Loyalty Reward Program
52894,14.0,At-Risk High-Value,3353.02,2,1,26.0,0,0.044,Low Risk,Priority 4: Standard Loyalty Reward Program
52895,2.0,Loyal Customers,2109.03,5,1,36.0,1,0.966,High Risk,Priority 2: 25% Comeback Voucher + Free Express Delivery
52896,1.0,Hibernating Big Spenders,2215.29,2,0,34.0,1,0.951,High Risk,Priority 2: 25% Comeback Voucher + Free Express Delivery
52897,1.0,Champions,2446.62,4,1,12.0,0,0.328,Medium Risk,Priority 3: Personalized Recommendation + Free Shipping
52898,10.0,Lost / Low Value,1611.83,2,0,25.0,0,0.014,Low Risk,Priority 4: Standard Loyalty Reward Program
52899,14.0,Loyal Customers,1911.36,2,0,16.0,0,0.027,Low Risk,Priority 4: Standard Loyalty Reward Program
52900,20.0,Loyal Customers,2408.56,5,0,7.0,0,0.087,Low Risk,Priority 4: Standard Loyalty Reward Program
52901,1.0,Champions,12595.0,2,0,11.0,1,0.998,High Risk,"Priority 1: Executive Concierge Call + ₹1,000 Credit"
52902,4.0,Champions,6921.42,3,0,7.0,0,0.094,Low Risk,Priority 4: Standard Loyalty Reward Program
52903,1.0,Loyal Customers,2472.91,3,0,27.0,0,0.138,Low Risk,Priority 4: Standard Loyalty Reward Program
52904,25.0,Hibernating Big Spenders,2748.9,4,0,15.0,0,0.017,Low Risk,Priority 4: Standard Loyalty Reward Program
52905,1.0,Lost / Low Value,1667.27,5,1,10.0,1,0.991,High Risk,Priority 2: 25% Comeback Voucher + Free Express Delivery
52906,15.0,Loyal Customers,2870.01,2,1,13.0,0,0.101,Low Risk,Priority 4: Standard Loyalty Reward Program
52907,1.0,Loyal Customers,2111.56,5,0,33.0,1,0.997,High Risk,Priority 2: 25% Comeback Voucher + Free Express Delivery
52908,1.0,Lost / Low Value,1601.38,3,0,7.0,1,0.865,High Risk,Priority 2: 25% Comeback Voucher + Free Express Delivery
52909,19.0,Champions,15275.98,2,0,13.0,0,0.053,Low Risk,Priority 4: Standard Loyalty Reward Program
52910,28.0,Hibernating Big Spenders,2028.4,5,0,10.0,0,0.005,Low Risk,Priority 4: Standard Loyalty Reward Program
52911,10.0,At-Risk High-Value,4051.08,4,0,12.0,0,0.018,Low Risk,Priority 4: Standard Loyalty Reward Program
52912,7.0,Loyal Customers,1663.42,4,0,11.0,0,0.036,Low Risk,Priority 4: Standard Loyalty Reward Program
52913,11.0,Hibernating Big Spenders,2715.35,2,1,18.0,0,0.021,Low Risk,Priority 4: Standard Loyalty Reward Program
52914,12.0,Champions,7625.97,3,0,10.0,0,0.077,Low Risk,Priority 4: Standard Loyalty Reward Program
52915,5.0,Hibernating Big Spenders,1852.95,3,0,7.0,0,0.01,Low Risk,Priority 4: Standard Loyalty Reward Program
52916,31.0,Loyal Customers,1614.47,2,0,10.0,0,0.075,Low Risk,Priority 4: Standard Loyalty Reward Program
52917,11.0,At-Risk High-Value,825.0,2,0,11.0,0,0.042,Low Risk,Priority 4: Standard Loyalty Reward Program
52918,3.0,Champions,5614.95,2,0,7.0,0,0.081,Low Risk,Priority 4: Standard Loyalty Reward Program
52919,9.0,Loyal Customers,2341.79,3,0,7.0,0,0.026,Low Risk,Priority 4: Standard Loyalty Reward Program
52920,1.0,Loyal Customers,1637.79,2,1,25.0,1,0.966,High Risk,Priority 2: 25% Comeback Voucher + Free Express Delivery
52921,26.0,Champions,2592.48,2,0,9.0,0,0.009,Low Risk,Priority 4: Standard Loyalty Reward Program
52922,16.0,At-Risk High-Value,20943.12,2,0,11.0,0,0.056,Low Risk,Priority 4: Standard Loyalty Reward Program
52923,31.0,Champions,2436.55,3,0,13.0,0,0.033,Low Risk,Priority 4: Standard Loyalty Reward Program
52924,24.0,Hibernating Big Spenders,3521.87,2,0,7.0,0,0.028,Low Risk,Priority 4: Standard Loyalty Reward Program
52925,1.0,Lost / Low Value,1642.96,2,1,21.0,1,0.997,High Risk,Priority 2: 25% Comeback Voucher + Free Express Delivery
52926,17.0,Hibernating Big Spenders,3142.04,2,1,23.0,0,0.066,Low Risk,Priority 4: Standard Loyalty Reward Program
52927,1.0,Lost / Low Value,1672.77,5,0,9.0,1,0.971,High Risk,Priority 2: 25% Comeback Voucher + Free Express Delivery
52928,26.0,At-Risk High-Value,27779.84,3,1,9.0,0,0.08,Low Risk,Priority 4: Standard Loyalty Reward Program
52929,6.0,Loyal Customers,1807.41,4,0,11.0,0,0.035,Low Risk,Priority 4: Standard Loyalty Reward Program
52930,1.0,Loyal Customers,1785.3,3,1,7.0,1,0.962,High Risk,Priority 2: 25% Comeback Voucher + Free Express Delivery
52931,13.0,Loyal Customers,1620.52,3,0,7.0,0,0.016,Low Risk,Priority 4: Standard Loyalty Reward Program
52932,6.0,Champions,2799.23,2,0,33.0,0,0.027,Low Risk,Priority 4: Standard Loyalty Reward Program
52933,15.0,Loyal Customers,1712.92,5,0,26.0,0,0.026,Low Risk,Priority 4: Standard Loyalty Reward Program
52934,14.0,At-Risk High-Value,4350.22,2,0,31.0,0,0.01,Low Risk,Priority 4: Standard Loyalty Reward Program
52935,19.0,Hibernating Big Spenders,3487.22,2,0,7.0,0,0.038,Low Risk,Priority 4: Standard Loyalty Reward Program
52936,5.0,Champions,4318.88,3,0,10.0,0,0.059,Low Risk,Priority 4: Standard Loyalty Reward Program
52937,7.0,Loyal Customers,1695.21,2,0,12.0,0,0.03,Low Risk,Priority 4: Standard Loyalty Reward Program
52938,8.0,At-Risk High-Value,6090.81,5,0,9.0,0,0.04,Low Risk,Priority 4: Standard Loyalty Reward Program
52939,11.0,Loyal Customers,1806.2,5,0,7.0,0,0.053,Low Risk,Priority 4: Standard Loyalty Reward Program
52940,19.0,Loyal Customers,2082.74,3,0,14.0,0,0.03,Low Risk,Priority 4: Standard Loyalty Reward Program
52941,1.0,Loyal Customers,2480.28,3,0,17.0,1,0.988,High Risk,Priority 2: 25% Comeback Voucher + Free Express Delivery
52942,13.0,Hibernating Big Spenders,2578.18,3,0,9.0,0,0.038,Low Risk,Priority 4: Standard Loyalty Reward Program
52943,3.0,Lost / Low Value,1632.4,2,0,22.0,0,0.039,Low Risk,Priority 4: Standard Loyalty Reward Program
52944,16.0,Loyal Customers,2094.95,5,1,24.0,0,0.065,Low Risk,Priority 4: Standard Loyalty Reward Program
52945,3.0,Loyal Customers,2137.41,2,0,27.0,0,0.03,Low Risk,Priority 4: Standard Loyalty Reward Program
52946,1.0,Loyal Customers,1913.78,3,0,7.0,0,0.139,Low Risk,Priority 4: Standard Loyalty Reward Program
52947,16.0,At-Risk High-Value,6640.92,5,1,9.0,0,0.104,Low Risk,Priority 4: Standard Loyalty Reward Program
52948,14.0,At-Risk High-Value,7025.92,3,0,9.0,0,0.017,Low Risk,Priority 4: Standard Loyalty Reward Program
52949,25.0,Loyal Customers,1674.53,2,0,7.0,0,0.06,Low Risk,Priority 4: Standard Loyalty Reward Program
52950,1.0,Lost / Low Value,1757.69,4,0,36.0,1,0.95,High Risk,Priority 2: 25% Comeback Voucher + Free Express Delivery
52951,6.0,Lost / Low Value,1682.34,4,0,14.0,0,0.017,Low Risk,Priority 4: Standard Loyalty Reward Program
52952,12.0,At-Risk High-Value,7809.56,2,0,9.0,0,0.144,Low Risk,Priority 4: Standard Loyalty Reward Program
52953,6.0,Lost / Low Value,1614.36,5,0,9.0,0,0.069,Low Risk,Priority 4: Standard Loyalty Reward Program
52954,20.0,At-Risk High-Value,12923.68,4,1,9.0,0,0.076,Low Risk,Priority 4: Standard Loyalty Reward Program
52955,1.0,Loyal Customers,1758.35,3,0,9.0,1,0.936,High Risk,Priority 2: 25% Comeback Voucher + Free Express Delivery
52956,3.0,Loyal Customers,2105.84,4,0,9.0,0,0.058,Low Risk,Priority 4: Standard Loyalty Reward Program
52957,5.0,At-Risk High-Value,7956.08,2,0,30.0,0,0.09,Low Risk,Priority 4: Standard Loyalty Reward Program
52958,1.0,Lost / Low Value,1815.0,5,0,12.0,0,0.096,Low Risk,Priority 4: Standard Loyalty Reward Program
52959,19.0,Hibernating Big Spenders,2859.56,2,1,27.0,0,0.014,Low Risk,Priority 4: Standard Loyalty Reward Program
52960,10.0,At-Risk High-Value,9504.55,2,0,13.0,0,0.026,Low Risk,Priority 4: Standard Loyalty Reward Program
52961,29.0,At-Risk High-Value,8674.88,5,1,7.0,0,0.041,Low Risk,Priority 4: Standard Loyalty Reward Program
52962,11.0,Hibernating Big Spenders,2678.39,4,1,36.0,1,0.982,High Risk,Priority 2: 25% Comeback Voucher + Free Express Delivery
52963,2.0,Lost / Low Value,1602.7,2,0,16.0,0,0.047,Low Risk,Priority 4: Standard Loyalty Reward Program
52964,11.0,Loyal Customers,2090.22,2,0,13.0,0,0.057,Low Risk,Priority 4: Standard Loyalty Reward Program
52965,1.0,Loyal Customers,1730.3,3,0,10.0,0,0.275,Low Risk,Priority 4: Standard Loyalty Reward Program
52966,11.0,Loyal Customers,2871.33,2,1,7.0,0,0.02,Low Risk,Priority 4: Standard Loyalty Reward Program
52967,3.0,Loyal Customers,2694.56,4,0,29.0,0,0.082,Low Risk,Priority 4: Standard Loyalty Reward Program
52968,12.0,At-Risk High-Value,7966.2,5,1,14.0,0,0.061,Low Risk,Priority 4: Standard Loyalty Reward Program
52969,1.0,Hibernating Big Spenders,2078.67,4,0,7.0,0,0.053,Low Risk,Priority 4: Standard Loyalty Reward Program
52970,24.0,Hibernating Big Spenders,3480.84,4,0,11.0,0,0.01,Low Risk,Priority 4: Standard Loyalty Reward Program
52971,27.0,Hibernating Big Spenders,3309.24,3,1,10.0,0,0.008,Low Risk,Priority 4: Standard Loyalty Reward Program
52972,16.0,At-Risk High-Value,11488.62,3,0,7.0,0,0.039,Low Risk,Priority 4: Standard Loyalty Reward Program
52973,3.0,Hibernating Big Spenders,1875.94,2,0,9.0,0,0.019,Low Risk,Priority 4: Standard Loyalty Reward Program
52974,29.0,Hibernating Big Spenders,1970.65,2,1,27.0,0,0.033,Low Risk,Priority 4: Standard Loyalty Reward Program
52975,1.0,At-Risk High-Value,3793.02,5,1,18.0,0,0.255,Low Risk,Priority 4: Standard Loyalty Reward Program
52976,11.0,At-Risk High-Value,4822.95,2,0,7.0,0,0.013,Low Risk,Priority 4: Standard Loyalty Reward Program
52977,8.0,Loyal Customers,1722.71,3,1,31.0,1,0.919,High Risk,Priority 2: 25% Comeback Voucher + Free Express Delivery
52978,12.0,Loyal Customers,2006.95,2,0,30.0,0,0.004,Low Risk,Priority 4: Standard Loyalty Reward Program
52979,1.0,Loyal Customers,1636.03,4,1,23.0,1,0.988,High Risk,Priority 2: 25% Comeback Voucher + Free Express Delivery
52980,2.0,Loyal Customers,1739.1,2,0,15.0,0,0.046,Low Risk,Priority 4: Standard Loyalty Reward Program
52981,23.0,Loyal Customers,3428.15,5,1,17.0,0,0.04,Low Risk,Priority 4: Standard Loyalty Reward Program
52982,10.0,At-Risk High-Value,7473.4,4,0,10.0,0,0.047,Low Risk,Priority 4: Standard Loyalty Reward Program
52983,5.0,Champions,2522.68,4,0,12.0,0,0.019,Low Risk,Priority 4: Standard Loyalty Reward Program
52984,1.0,At-Risk High-Value,8064.32,2,1,11.0,1,0.995,High Risk,"Priority 1: Executive Concierge Call + ₹1,000 Credit"
52985,11.0,Loyal Customers,1630.86,2,1,16.0,0,0.19,Low Risk,Priority 4: Standard Loyalty Reward Program
52986,16.0,Hibernating Big Spenders,2862.75,4,0,33.0,0,0.042,Low Risk,Priority 4: Standard Loyalty Reward Program
52987,1.0,Loyal Customers,1531.2,3,0,10.0,1,0.949,High Risk,Priority 2: 25% Comeback Voucher + Free Express Delivery
52988,9.0,At-Risk High-Value,7900.2,4,0,23.0,0,0.098,Low Risk,Priority 4: Standard Loyalty Reward Program
52989,10.0,Loyal Customers,1780.68,2,0,25.0,0,0.028,Low Risk,Priority 4: Standard Loyalty Reward Program
52990,25.0,Loyal Customers,1978.02,4,0,9.0,0,0.015,Low Risk,Priority 4: Standard Loyalty Reward Program
52991,15.0,Hibernating Big Spenders,3136.65,4,0,9.0,0,0.018,Low Risk,Priority 4: Standard Loyalty Reward Program
52992,1.0,Loyal Customers,1507.0,3,0,17.0,0,0.407,Medium Risk,Priority 3: Personalized Recommendation + Free Shipping
52993,2.0,Hibernating Big Spenders,1997.71,5,0,23.0,0,0.074,Low Risk,Priority 4: Standard Loyalty Reward Program
52994,5.0,At-Risk High-Value,8548.76,2,0,14.0,0,0.061,Low Risk,Priority 4: Standard Loyalty Reward Program
52995,13.0,Champions,4864.86,2,0,7.0,0,0.072,Low Risk,Priority 4: Standard Loyalty Reward Program
52996,10.0,Hibernating Big Spenders,1999.14,4,0,31.0,0,0.013,Low Risk,Priority 4: Standard Loyalty Reward Program
52997,6.0,At-Risk High-Value,4945.6,3,0,14.0,0,0.027,Low Risk,Priority 4: Standard Loyalty Reward Program
52998,12.0,Loyal Customers,2701.71,4,0,32.0,0,0.041,Low Risk,Priority 4: Standard Loyalty Reward Program
52999,31.0,Loyal Customers,1997.6,3,1,7.0,0,0.036,Low Risk,Priority 4: Standard Loyalty Reward Program
53000,5.0,Hibernating Big Spenders,1905.31,2,1,12.0,0,0.083,Low Risk,Priority 4: Standard Loyalty Reward Program
53001,5.0,Loyal Customers,2080.1,5,0,9.0,0,0.069,Low Risk,Priority 4: Standard Loyalty Reward Program
53002,19.0,At-Risk High-Value,9740.5,5,0,14.0,0,0.035,Low Risk,Priority 4: Standard Loyalty Reward Program
53003,5.0,Champions,2507.17,2,1,9.0,0,0.134,Low Risk,Priority 4: Standard Loyalty Reward Program
53004,7.0,Hibernating Big Spenders,2681.58,4,0,12.0,0,0.018,Low Risk,Priority 4: Standard Loyalty Reward Program
53005,13.0,At-Risk High-Value,19514.88,5,1,17.0,0,0.121,Low Risk,Priority 4: Standard Loyalty Reward Program
53006,17.0,Lost / Low Value,1645.05,2,0,17.0,0,0.016,Low Risk,Priority 4: Standard Loyalty Reward Program
53007,23.0,Hibernating Big Spenders,2911.04,3,1,7.0,0,0.02,Low Risk,Priority 4: Standard Loyalty Reward Program
53008,16.0,At-Risk High-Value,7674.04,4,0,15.0,1,0.693,High Risk,"Priority 1: Executive Concierge Call + ₹1,000 Credit"
53009,1.0,Loyal Customers,1647.58,4,1,12.0,0,0.597,Medium Risk,Priority 3: Personalized Recommendation + Free Shipping
53010,6.0,At-Risk High-Value,11700.48,4,1,15.0,0,0.092,Low Risk,Priority 4: Standard Loyalty Reward Program
53011,1.0,Hibernating Big Spenders,1867.58,3,1,9.0,0,0.2,Low Risk,Priority 4: Standard Loyalty Reward Program
53012,5.0,Hibernating Big Spenders,2205.17,2,0,14.0,0,0.027,Low Risk,Priority 4: Standard Loyalty Reward Program
53013,6.0,Hibernating Big Spenders,1931.05,2,0,9.0,0,0.013,Low Risk,Priority 4: Standard Loyalty Reward Program
53014,1.0,Champions,2634.06,2,1,9.0,1,0.996,High Risk,"Priority 1: Executive Concierge Call + ₹1,000 Credit"
53015,4.0,Hibernating Big Spenders,2010.25,2,0,35.0,0,0.038,Low Risk,Priority 4: Standard Loyalty Reward Program
53016,5.0,Champions,10614.28,3,0,14.0,0,0.058,Low Risk,Priority 4: Standard Loyalty Reward Program
53017,13.0,At-Risk High-Value,24464.44,2,0,6.0,0,0.061,Low Risk,Priority 4: Standard Loyalty Reward Program
53018,3.0,Loyal Customers,1951.18,3,1,10.0,1,0.959,High Risk,Priority 2: 25% Comeback Voucher + Free Express Delivery
53019,7.0,Loyal Customers,1890.02,2,0,17.0,0,0.05,Low Risk,Priority 4: Standard Loyalty Reward Program
53020,21.0,Loyal Customers,3388.0,3,0,12.0,0,0.022,Low Risk,Priority 4: Standard Loyalty Reward Program
53021,17.0,Loyal Customers,1953.27,3,0,17.0,0,0.009,Low Risk,Priority 4: Standard Loyalty Reward Program
53022,1.0,Hibernating Big Spenders,2073.39,4,1,7.0,0,0.17,Low Risk,Priority 4: Standard Loyalty Reward Program
53023,28.0,Hibernating Big Spenders,1910.59,3,0,27.0,0,0.027,Low Risk,Priority 4: Standard Loyalty Reward Program
53024,17.0,Loyal Customers,2473.35,5,0,14.0,0,0.069,Low Risk,Priority 4: Standard Loyalty Reward Program
53025,19.0,At-Risk High-Value,8908.35,2,0,15.0,0,0.039,Low Risk,Priority 4: Standard Loyalty Reward Program
53026,14.0,Loyal Customers,2195.27,2,1,7.0,0,0.066,Low Risk,Priority 4: Standard Loyalty Reward Program
53027,1.0,Lost / Low Value,1608.09,5,1,15.0,1,0.977,High Risk,Priority 2: 25% Comeback Voucher + Free Express Delivery
53028,3.0,Champions,2719.7,2,0,16.0,0,0.036,Low Risk,Priority 4: Standard Loyalty Reward Program
53029,4.0,Loyal Customers,2047.98,3,0,12.0,0,0.019,Low Risk,Priority 4: Standard Loyalty Reward Program
53030,1.0,Hibernating Big Spenders,2058.54,4,0,15.0,0,0.118,Low Risk,Priority 4: Standard Loyalty Reward Program
53031,11.0,Hibernating Big Spenders,2073.17,2,0,12.0,0,0.03,Low Risk,Priority 4: Standard Loyalty Reward Program
53032,12.0,Hibernating Big Spenders,2641.1,2,1,22.0,0,0.02,Low Risk,Priority 4: Standard Loyalty Reward Program
53033,5.0,At-Risk High-Value,5401.82,2,1,14.0,0,0.058,Low Risk,Priority 4: Standard Loyalty Reward Program
53034,3.0,Hibernating Big Spenders,2284.48,4,1,17.0,0,0.029,Low Risk,Priority 4: Standard Loyalty Reward Program
53035,9.0,Hibernating Big Spenders,2265.45,4,0,12.0,0,0.05,Low Risk,Priority 4: Standard Loyalty Reward Program
53036,1.0,Loyal Customers,1694.44,2,0,33.0,0,0.084,Low Risk,Priority 4: Standard Loyalty Reward Program
53037,15.0,Loyal Customers,2038.52,4,1,13.0,0,0.08,Low Risk,Priority 4: Standard Loyalty Reward Program
53038,21.0,Loyal Customers,1702.36,3,0,11.0,0,0.088,Low Risk,Priority 4: Standard Loyalty Reward Program
53039,16.0,Loyal Customers,3134.12,2,0,30.0,0,0.002,Low Risk,Priority 4: Standard Loyalty Reward Program
53040,3.0,Loyal Customers,1886.39,3,0,9.0,0,0.031,Low Risk,Priority 4: Standard Loyalty Reward Program
53041,16.0,Loyal Customers,1671.56,3,1,9.0,0,0.082,Low Risk,Priority 4: Standard Loyalty Reward Program
53042,6.0,Lost / Low Value,1635.7,4,0,9.0,0,0.021,Low Risk,Priority 4: Standard Loyalty Reward Program
53043,22.0,Loyal Customers,2750.44,3,0,36.0,0,0.007,Low Risk,Priority 4: Standard Loyalty Reward Program
53044,11.0,At-Risk High-Value,7112.49,5,1,13.0,0,0.071,Low Risk,Priority 4: Standard Loyalty Reward Program
53045,4.0,Champions,2843.94,3,1,32.0,0,0.225,Low Risk,Priority 4: Standard Loyalty Reward Program
53046,1.0,At-Risk High-Value,7830.24,3,0,7.0,0,0.231,Low Risk,Priority 4: Standard Loyalty Reward Program
53047,16.0,Loyal Customers,2120.91,2,0,9.0,0,0.023,Low Risk,Priority 4: Standard Loyalty Reward Program
53048,1.0,Loyal Customers,1614.14,4,1,7.0,1,0.987,High Risk,Priority 2: 25% Comeback Voucher + Free Express Delivery
53049,10.0,Loyal Customers,2106.83,2,0,7.0,0,0.044,Low Risk,Priority 4: Standard Loyalty Reward Program
53050,10.0,Loyal Customers,2441.89,2,0,10.0,0,0.055,Low Risk,Priority 4: Standard Loyalty Reward Program
53051,31.0,Loyal Customers,2118.05,3,0,7.0,0,0.016,Low Risk,Priority 4: Standard Loyalty Reward Program
53052,14.0,Lost / Low Value,1618.43,3,1,17.0,0,0.296,Low Risk,Priority 4: Standard Loyalty Reward Program
53053,1.0,Champions,2493.15,2,0,16.0,0,0.152,Low Risk,Priority 4: Standard Loyalty Reward Program
53054,1.0,Loyal Customers,1688.61,3,1,12.0,1,0.99,High Risk,Priority 2: 25% Comeback Voucher + Free Express Delivery
53055,11.0,Lost / Low Value,1754.72,5,0,17.0,0,0.089,Low Risk,Priority 4: Standard Loyalty Reward Program
53056,20.0,Loyal Customers,1953.38,3,0,14.0,0,0.008,Low Risk,Priority 4: Standard Loyalty Reward Program
53057,5.0,Champions,9616.2,4,0,11.0,1,0.983,High Risk,"Priority 1: Executive Concierge Call + ₹1,000 Credit"
53058,24.0,Loyal Customers,2529.56,2,0,17.0,0,0.04,Low Risk,Priority 4: Standard Loyalty Reward Program
53059,4.0,Loyal Customers,2076.8,3,1,29.0,1,0.978,High Risk,Priority 2: 25% Comeback Voucher + Free Express Delivery
53060,5.0,Champions,2500.9,4,1,16.0,0,0.248,Low Risk,Priority 4: Standard Loyalty Reward Program
53061,1.0,Loyal Customers,1673.76,4,0,19.0,1,0.971,High Risk,Priority 2: 25% Comeback Voucher + Free Express Delivery
53062,3.0,Loyal Customers,1617.11,2,0,30.0,0,0.084,Low Risk,Priority 4: Standard Loyalty Reward Program
53063,9.0,Loyal Customers,2094.4,4,0,16.0,0,0.06,Low Risk,Priority 4: Standard Loyalty Reward Program
53064,1.0,Lost / Low Value,1794.76,4,0,7.0,0,0.068,Low Risk,Priority 4: Standard Loyalty Reward Program
53065,2.0,Hibernating Big Spenders,1952.83,2,0,16.0,0,0.025,Low Risk,Priority 4: Standard Loyalty Reward Program
53066,23.0,Loyal Customers,1870.0,3,0,14.0,0,0.091,Low Risk,Priority 4: Standard Loyalty Reward Program
53067,25.0,Hibernating Big Spenders,1917.96,2,0,21.0,0,0.004,Low Risk,Priority 4: Standard Loyalty Reward Program
53068,10.0,Champions,2482.1,3,0,9.0,0,0.043,Low Risk,Priority 4: Standard Loyalty Reward Program
53069,1.0,Hibernating Big Spenders,1958.44,2,1,26.0,1,0.935,High Risk,Priority 2: 25% Comeback Voucher + Free Express Delivery
53070,29.0,Loyal Customers,3207.49,2,1,9.0,0,0.015,Low Risk,Priority 4: Standard Loyalty Reward Program
53071,1.0,Hibernating Big Spenders,1843.6,3,1,17.0,0,0.137,Low Risk,Priority 4: Standard Loyalty Reward Program
53072,4.0,Loyal Customers,1647.36,4,0,9.0,0,0.161,Low Risk,Priority 4: Standard Loyalty Reward Program
53073,1.0,Lost / Low Value,1716.22,5,0,10.0,1,0.982,High Risk,Priority 2: 25% Comeback Voucher + Free Express Delivery
53074,1.0,Loyal Customers,1621.84,4,0,18.0,0,0.32,Medium Risk,Priority 3: Personalized Recommendation + Free Shipping
53075,10.0,Champions,11052.8,3,0,9.0,0,0.051,Low Risk,Priority 4: Standard Loyalty Reward Program
53076,1.0,Loyal Customers,1626.35,2,1,11.0,1,0.998,High Risk,Priority 2: 25% Comeback Voucher + Free Express Delivery
53077,11.0,At-Risk High-Value,11106.81,5,0,21.0,0,0.017,Low Risk,Priority 4: Standard Loyalty Reward Program
53078,14.0,Hibernating Big Spenders,2003.65,4,0,9.0,0,0.009,Low Risk,Priority 4: Standard Loyalty Reward Program
53079,16.0,Loyal Customers,1658.36,5,0,7.0,0,0.039,Low Risk,Priority 4: Standard Loyalty Reward Program
53080,11.0,Loyal Customers,1836.67,4,1,17.0,0,0.05,Low Risk,Priority 4: Standard Loyalty Reward Program
53081,17.0,At-Risk High-Value,5903.92,4,0,19.0,0,0.005,Low Risk,Priority 4: Standard Loyalty Reward Program
53082,14.0,Loyal Customers,1754.28,3,0,9.0,0,0.025,Low Risk,Priority 4: Standard Loyalty Reward Program
53083,28.0,Loyal Customers,3509.66,5,0,12.0,0,0.012,Low Risk,Priority 4: Standard Loyalty Reward Program
53084,8.0,Loyal Customers,2094.18,3,0,11.0,0,0.109,Low Risk,Priority 4: Standard Loyalty Reward Program
53085,5.0,At-Risk High-Value,3697.32,5,0,14.0,0,0.033,Low Risk,Priority 4: Standard Loyalty Reward Program
53086,17.0,Loyal Customers,1623.38,2,0,28.0,0,0.048,Low Risk,Priority 4: Standard Loyalty Reward Program
53087,17.0,Loyal Customers,1872.42,3,1,15.0,0,0.045,Low Risk,Priority 4: Standard Loyalty Reward Program
53088,1.0,Hibernating Big Spenders,1868.57,2,1,11.0,0,0.126,Low Risk,Priority 4: Standard Loyalty Reward Program
53089,11.0,At-Risk High-Value,10254.14,3,1,32.0,0,0.023,Low Risk,Priority 4: Standard Loyalty Reward Program
53090,5.0,Champions,3237.96,5,0,7.0,0,0.071,Low Risk,Priority 4: Standard Loyalty Reward Program
53091,13.0,Hibernating Big Spenders,3486.67,3,1,7.0,0,0.062,Low Risk,Priority 4: Standard Loyalty Reward Program
53092,30.0,Hibernating Big Spenders,2828.32,5,0,13.0,0,0.064,Low Risk,Priority 4: Standard Loyalty Reward Program
53093,4.0,At-Risk High-Value,5246.18,3,0,19.0,0,0.104,Low Risk,Priority 4: Standard Loyalty Reward Program
53094,15.0,Hibernating Big Spenders,2298.12,5,0,7.0,0,0.017,Low Risk,Priority 4: Standard Loyalty Reward Program
53095,2.0,Hibernating Big Spenders,1876.38,5,0,24.0,0,0.034,Low Risk,Priority 4: Standard Loyalty Reward Program
53096,1.0,Loyal Customers,1818.41,5,0,10.0,1,0.966,High Risk,Priority 2: 25% Comeback Voucher + Free Express Delivery
53097,26.0,Hibernating Big Spenders,2251.59,3,1,10.0,0,0.037,Low Risk,Priority 4: Standard Loyalty Reward Program
53098,19.0,Loyal Customers,1666.94,2,0,17.0,0,0.029,Low Risk,Priority 4: Standard Loyalty Reward Program
53099,26.0,Hibernating Big Spenders,3196.05,2,0,11.0,0,0.002,Low Risk,Priority 4: Standard Loyalty Reward Program
53100,16.0,Loyal Customers,1876.16,3,0,36.0,0,0.032,Low Risk,Priority 4: Standard Loyalty Reward Program
53101,4.0,Loyal Customers,2045.01,2,0,9.0,0,0.091,Low Risk,Priority 4: Standard Loyalty Reward Program
53102,31.0,At-Risk High-Value,21163.56,5,0,14.0,0,0.01,Low Risk,Priority 4: Standard Loyalty Reward Program
53103,20.0,Hibernating Big Spenders,1904.1,3,0,25.0,0,0.03,Low Risk,Priority 4: Standard Loyalty Reward Program
53104,16.0,Hibernating Big Spenders,1872.53,2,0,35.0,0,0.043,Low Risk,Priority 4: Standard Loyalty Reward Program
53105,1.0,Lost / Low Value,1727.22,4,1,7.0,1,0.984,High Risk,Priority 2: 25% Comeback Voucher + Free Express Delivery
53106,1.0,Loyal Customers,1633.61,3,0,13.0,1,0.996,High Risk,Priority 2: 25% Comeback Voucher + Free Express Delivery
53107,12.0,Loyal Customers,1562.22,2,1,9.0,0,0.212,Low Risk,Priority 4: Standard Loyalty Reward Program
53108,14.0,Hibernating Big Spenders,3359.51,3,0,9.0,0,0.051,Low Risk,Priority 4: Standard Loyalty Reward Program
53109,1.0,Loyal Customers,1692.46,2,0,30.0,0,0.116,Low Risk,Priority 4: Standard Loyalty Reward Program
53110,4.0,Lost / Low Value,1605.67,2,0,10.0,0,0.029,Low Risk,Priority 4: Standard Loyalty Reward Program
53111,3.0,Hibernating Big Spenders,2687.85,3,0,10.0,0,0.027,Low Risk,Priority 4: Standard Loyalty Reward Program
53112,1.0,Loyal Customers,1655.06,4,0,32.0,1,0.816,High Risk,Priority 2: 25% Comeback Voucher + Free Express Delivery
53113,1.0,Loyal Customers,1657.04,2,0,9.0,1,0.981,High Risk,Priority 2: 25% Comeback Voucher + Free Express Delivery
53114,4.0,At-Risk High-Value,9201.28,5,0,29.0,0,0.047,Low Risk,Priority 4: Standard Loyalty Reward Program
53115,31.0,Loyal Customers,2927.98,2,0,36.0,0,0.02,Low Risk,Priority 4: Standard Loyalty Reward Program
53116,24.0,At-Risk High-Value,26000.48,3,0,36.0,0,0.075,Low Risk,Priority 4: Standard Loyalty Reward Program
53117,4.0,At-Risk High-Value,5799.64,2,0,9.0,0,0.03,Low Risk,Priority 4: Standard Loyalty Reward Program
53118,31.0,Champions,17529.82,5,0,35.0,0,0.03,Low Risk,Priority 4: Standard Loyalty Reward Program
53119,21.0,Hibernating Big Spenders,1932.7,2,0,9.0,0,0.018,Low Risk,Priority 4: Standard Loyalty Reward Program
53120,20.0,Loyal Customers,3339.71,3,0,9.0,0,0.004,Low Risk,Priority 4: Standard Loyalty Reward Program
53121,9.0,At-Risk High-Value,4600.75,3,0,29.0,0,0.066,Low Risk,Priority 4: Standard Loyalty Reward Program
53122,28.0,Loyal Customers,1790.8,3,0,15.0,0,0.015,Low Risk,Priority 4: Standard Loyalty Reward Program
53123,8.0,At-Risk High-Value,5038.44,3,0,9.0,0,0.062,Low Risk,Priority 4: Standard Loyalty Reward Program
53124,20.0,Loyal Customers,2372.81,2,1,17.0,0,0.063,Low Risk,Priority 4: Standard Loyalty Reward Program
53125,5.0,Hibernating Big Spenders,2546.28,4,0,16.0,0,0.045,Low Risk,Priority 4: Standard Loyalty Reward Program
53126,1.0,At-Risk High-Value,11488.4,3,1,22.0,1,0.929,High Risk,"Priority 1: Executive Concierge Call + ₹1,000 Credit"
53127,1.0,Lost / Low Value,1749.88,2,0,17.0,1,0.974,High Risk,Priority 2: 25% Comeback Voucher + Free Express Delivery
53128,4.0,Loyal Customers,1703.13,4,0,14.0,0,0.064,Low Risk,Priority 4: Standard Loyalty Reward Program
53129,9.0,Loyal Customers,2214.52,3,1,23.0,0,0.141,Low Risk,Priority 4: Standard Loyalty Reward Program
53130,1.0,Loyal Customers,2455.64,3,0,27.0,1,0.988,High Risk,Priority 2: 25% Comeback Voucher + Free Express Delivery
53131,1.0,Loyal Customers,2469.5,5,1,30.0,1,0.987,High Risk,Priority 2: 25% Comeback Voucher + Free Express Delivery
53132,16.0,Champions,2407.85,3,0,12.0,0,0.04,Low Risk,Priority 4: Standard Loyalty Reward Program
53133,10.0,Champions,12364.0,2,0,17.0,0,0.177,Low Risk,Priority 4: Standard Loyalty Reward Program
53134,1.0,Loyal Customers,1803.34,3,0,11.0,1,0.973,High Risk,Priority 2: 25% Comeback Voucher + Free Express Delivery
53135,22.0,At-Risk High-Value,6372.13,2,0,9.0,0,0.107,Low Risk,Priority 4: Standard Loyalty Reward Program
53136,29.0,At-Risk High-Value,12907.4,4,0,25.0,0,0.01,Low Risk,Priority 4: Standard Loyalty Reward Program
53137,15.0,Hibernating Big Spenders,2060.3,2,0,17.0,0,0.012,Low Risk,Priority 4: Standard Loyalty Reward Program
53138,9.0,At-Risk High-Value,6628.54,3,0,7.0,0,0.115,Low Risk,Priority 4: Standard Loyalty Reward Program
53139,14.0,Hibernating Big Spenders,2831.07,3,0,13.0,0,0.011,Low Risk,Priority 4: Standard Loyalty Reward Program
53140,13.0,Lost / Low Value,1788.05,3,0,15.0,0,0.015,Low Risk,Priority 4: Standard Loyalty Reward Program
53141,5.0,Hibernating Big Spenders,2099.02,2,1,9.0,0,0.181,Low Risk,Priority 4: Standard Loyalty Reward Program
53142,16.0,At-Risk High-Value,6568.98,5,1,31.0,0,0.149,Low Risk,Priority 4: Standard Loyalty Reward Program
53143,19.0,At-Risk High-Value,3807.1,4,0,9.0,0,0.022,Low Risk,Priority 4: Standard Loyalty Reward Program
53144,1.0,Loyal Customers,1676.51,3,1,24.0,1,0.984,High Risk,Priority 2: 25% Comeback Voucher + Free Express Delivery
53145,3.0,Loyal Customers,1843.82,2,0,26.0,0,0.052,Low Risk,Priority 4: Standard Loyalty Reward Program
53146,7.0,Hibernating Big Spenders,3155.24,3,0,7.0,0,0.028,Low Risk,Priority 4: Standard Loyalty Reward Program
53147,1.0,Loyal Customers,2646.27,2,0,14.0,0,0.25,Low Risk,Priority 4: Standard Loyalty Reward Program
53148,1.0,Loyal Customers,1581.58,4,1,12.0,1,0.996,High Risk,Priority 2: 25% Comeback Voucher + Free Express Delivery
53149,14.0,Loyal Customers,2577.52,5,0,35.0,0,0.036,Low Risk,Priority 4: Standard Loyalty Reward Program
53150,15.0,Hibernating Big Spenders,2124.21,3,1,9.0,0,0.04,Low Risk,Priority 4: Standard Loyalty Reward Program
53151,1.0,Loyal Customers,1848.66,3,0,36.0,0,0.206,Low Risk,Priority 4: Standard Loyalty Reward Program
53152,9.0,Hibernating Big Spenders,1909.49,3,0,7.0,0,0.027,Low Risk,Priority 4: Standard Loyalty Reward Program
53153,8.0,At-Risk High-Value,5886.21,2,0,28.0,0,0.028,Low Risk,Priority 4: Standard Loyalty Reward Program
53154,1.0,Loyal Customers,1632.4,2,1,31.0,1,0.999,High Risk,Priority 2: 25% Comeback Voucher + Free Express Delivery
53155,11.0,Loyal Customers,2199.01,2,0,7.0,0,0.048,Low Risk,Priority 4: Standard Loyalty Reward Program
53156,20.0,Loyal Customers,2532.97,3,0,25.0,0,0.052,Low Risk,Priority 4: Standard Loyalty Reward Program
53157,15.0,At-Risk High-Value,19202.7,5,0,9.0,0,0.02,Low Risk,Priority 4: Standard Loyalty Reward Program
53158,11.0,Champions,9386.96,4,0,16.0,0,0.105,Low Risk,Priority 4: Standard Loyalty Reward Program
53159,26.0,At-Risk High-Value,6959.64,5,1,13.0,0,0.012,Low Risk,Priority 4: Standard Loyalty Reward Program
53160,1.0,Loyal Customers,1892.77,3,0,18.0,1,0.987,High Risk,Priority 2: 25% Comeback Voucher + Free Express Delivery
53161,1.0,Champions,2458.5,2,0,31.0,0,0.272,Low Risk,Priority 4: Standard Loyalty Reward Program
53162,12.0,Loyal Customers,2455.64,3,0,17.0,0,0.055,Low Risk,Priority 4: Standard Loyalty Reward Program
53163,11.0,At-Risk High-Value,5210.42,4,0,7.0,0,0.035,Low Risk,Priority 4: Standard Loyalty Reward Program
53164,23.0,Hibernating Big Spenders,3520.22,3,1,25.0,0,0.013,Low Risk,Priority 4: Standard Loyalty Reward Program
53165,1.0,Lost / Low Value,1674.75,2,1,30.0,0,0.638,High Risk,Priority 2: 25% Comeback Voucher + Free Express Delivery
53166,1.0,Hibernating Big Spenders,2064.92,4,0,35.0,0,0.198,Low Risk,Priority 4: Standard Loyalty Reward Program
53167,1.0,Loyal Customers,1608.97,4,0,24.0,0,0.38,Medium Risk,Priority 3: Personalized Recommendation + Free Shipping
53168,24.0,At-Risk High-Value,18573.5,4,0,10.0,0,0.018,Low Risk,Priority 4: Standard Loyalty Reward Program
53169,1.0,Lost / Low Value,1605.56,3,0,20.0,0,0.24,Low Risk,Priority 4: Standard Loyalty Reward Program
53170,1.0,Loyal Customers,1692.46,3,1,14.0,1,0.972,High Risk,Priority 2: 25% Comeback Voucher + Free Express Delivery
53171,1.0,Loyal Customers,1598.63,5,0,19.0,1,0.974,High Risk,Priority 2: 25% Comeback Voucher + Free Express Delivery
53172,8.0,Lost / Low Value,1773.42,2,1,7.0,0,0.191,Low Risk,Priority 4: Standard Loyalty Reward Program
53173,1.0,Loyal Customers,1840.63,5,0,20.0,1,0.99,High Risk,Priority 2: 25% Comeback Voucher + Free Express Delivery
53174,9.0,Loyal Customers,1779.91,2,0,32.0,0,0.014,Low Risk,Priority 4: Standard Loyalty Reward Program
53175,5.0,At-Risk High-Value,5926.8,2,0,13.0,0,0.058,Low Risk,Priority 4: Standard Loyalty Reward Program
53176,1.0,Lost / Low Value,1615.57,3,0,13.0,0,0.13,Low Risk,Priority 4: Standard Loyalty Reward Program
53177,11.0,Loyal Customers,2431.22,3,1,9.0,0,0.293,Low Risk,Priority 4: Standard Loyalty Reward Program
53178,1.0,Loyal Customers,1686.96,4,0,7.0,0,0.387,Medium Risk,Priority 3: Personalized Recommendation + Free Shipping
53179,16.0,Champions,2737.18,2,0,9.0,0,0.01,Low Risk,Priority 4: Standard Loyalty Reward Program
53180,17.0,Loyal Customers,3203.97,2,1,13.0,0,0.023,Low Risk,Priority 4: Standard Loyalty Reward Program
53181,12.0,Loyal Customers,1663.09,5,0,7.0,0,0.087,Low Risk,Priority 4: Standard Loyalty Reward Program
53182,17.0,At-Risk High-Value,4999.22,3,1,16.0,0,0.05,Low Risk,Priority 4: Standard Loyalty Reward Program
53183,22.0,Loyal Customers,3069.22,5,0,7.0,0,0.01,Low Risk,Priority 4: Standard Loyalty Reward Program
53184,18.0,Loyal Customers,2033.35,3,0,7.0,0,0.01,Low Risk,Priority 4: Standard Loyalty Reward Program
53185,8.0,Lost / Low Value,1658.69,3,1,21.0,0,0.147,Low Risk,Priority 4: Standard Loyalty Reward Program
53186,1.0,Loyal Customers,1709.51,5,0,9.0,1,0.977,High Risk,Priority 2: 25% Comeback Voucher + Free Express Delivery
53187,1.0,Loyal Customers,1754.17,3,0,29.0,0,0.299,Low Risk,Priority 4: Standard Loyalty Reward Program
53188,18.0,Loyal Customers,3521.43,2,1,10.0,0,0.057,Low Risk,Priority 4: Standard Loyalty Reward Program
53189,1.0,Champions,2520.04,3,0,13.0,0,0.2,Low Risk,Priority 4: Standard Loyalty Reward Program
53190,7.0,Loyal Customers,2156.44,3,0,15.0,0,0.018,Low Risk,Priority 4: Standard Loyalty Reward Program
53191,6.0,Hibernating Big Spenders,2070.42,2,1,16.0,0,0.026,Low Risk,Priority 4: Standard Loyalty Reward Program
53192,4.0,Loyal Customers,1604.13,3,0,10.0,0,0.047,Low Risk,Priority 4: Standard Loyalty Reward Program
53193,27.0,At-Risk High-Value,10336.09,5,0,7.0,0,0.02,Low Risk,Priority 4: Standard Loyalty Reward Program
53194,8.0,At-Risk High-Value,7519.54,2,0,7.0,0,0.076,Low Risk,Priority 4: Standard Loyalty Reward Program
53195,9.0,Loyal Customers,1846.46,5,0,33.0,1,0.943,High Risk,Priority 2: 25% Comeback Voucher + Free Express Delivery
53196,1.0,Loyal Customers,1667.49,2,1,13.0,0,0.619,High Risk,Priority 2: 25% Comeback Voucher + Free Express Delivery
53197,11.0,Champions,9650.96,3,0,10.0,0,0.048,Low Risk,Priority 4: Standard Loyalty Reward Program
53198,3.0,Loyal Customers,1986.71,3,0,10.0,0,0.024,Low Risk,Priority 4: Standard Loyalty Reward Program
53199,9.0,At-Risk High-Value,12636.36,2,0,13.0,0,0.06,Low Risk,Priority 4: Standard Loyalty Reward Program
53200,7.0,At-Risk High-Value,5561.88,2,0,13.0,0,0.025,Low Risk,Priority 4: Standard Loyalty Reward Program
53201,28.0,Loyal Customers,2554.75,4,0,26.0,0,0.002,Low Risk,Priority 4: Standard Loyalty Reward Program
53202,10.0,Loyal Customers,2348.17,4,1,16.0,0,0.05,Low Risk,Priority 4: Standard Loyalty Reward Program
53203,1.0,Loyal Customers,1599.95,2,0,10.0,0,0.239,Low Risk,Priority 4: Standard Loyalty Reward Program
53204,1.0,Loyal Customers,1485.99,3,1,17.0,1,0.988,High Risk,Priority 2: 25% Comeback Voucher + Free Express Delivery
53205,1.0,At-Risk High-Value,8716.4,5,1,10.0,1,0.998,High Risk,"Priority 1: Executive Concierge Call + ₹1,000 Credit"
53206,9.0,Loyal Customers,1515.91,3,0,10.0,0,0.101,Low Risk,Priority 4: Standard Loyalty Reward Program
53207,1.0,Loyal Customers,1685.09,5,0,11.0,0,0.428,Medium Risk,Priority 3: Personalized Recommendation + Free Shipping
53208,1.0,Loyal Customers,1908.61,4,0,15.0,0,0.202,Low Risk,Priority 4: Standard Loyalty Reward Program
53209,12.0,Lost / Low Value,1818.08,2,0,14.0,0,0.034,Low Risk,Priority 4: Standard Loyalty Reward Program
53210,3.0,At-Risk High-Value,2511.3,2,0,7.0,0,0.045,Low Risk,Priority 4: Standard Loyalty Reward Program
53211,22.0,Champions,3402.3,4,0,9.0,0,0.018,Low Risk,Priority 4: Standard Loyalty Reward Program
53212,1.0,Hibernating Big Spenders,1886.17,2,1,10.0,0,0.08,Low Risk,Priority 4: Standard Loyalty Reward Program
53213,11.0,Loyal Customers,1889.8,2,0,17.0,0,0.078,Low Risk,Priority 4: Standard Loyalty Reward Program
53214,24.0,At-Risk High-Value,3458.62,3,1,35.0,0,0.055,Low Risk,Priority 4: Standard Loyalty Reward Program
53215,8.0,Champions,9293.24,4,0,16.0,0,0.047,Low Risk,Priority 4: Standard Loyalty Reward Program
53216,1.0,Champions,2817.7,3,0,10.0,1,0.99,High Risk,"Priority 1: Executive Concierge Call + ₹1,000 Credit"
53217,13.0,At-Risk High-Value,11254.98,3,0,9.0,0,0.02,Low Risk,Priority 4: Standard Loyalty Reward Program
53218,6.0,Hibernating Big Spenders,1968.56,2,0,17.0,0,0.013,Low Risk,Priority 4: Standard Loyalty Reward Program
53219,14.0,Hibernating Big Spenders,2122.56,3,1,15.0,1,0.942,High Risk,Priority 2: 25% Comeback Voucher + Free Express Delivery
53220,12.0,Hibernating Big Spenders,2213.75,2,0,7.0,0,0.002,Low Risk,Priority 4: Standard Loyalty Reward Program
53221,1.0,Hibernating Big Spenders,2190.32,5,0,7.0,0,0.153,Low Risk,Priority 4: Standard Loyalty Reward Program
53222,6.0,Hibernating Big Spenders,2602.49,2,0,10.0,0,0.031,Low Risk,Priority 4: Standard Loyalty Reward Program
53223,21.0,Hibernating Big Spenders,1920.6,5,0,21.0,0,0.006,Low Risk,Priority 4: Standard Loyalty Reward Program
53224,14.0,Loyal Customers,2527.25,5,1,12.0,0,0.178,Low Risk,Priority 4: Standard Loyalty Reward Program
53225,27.0,Hibernating Big Spenders,3004.54,3,0,14.0,0,0.008,Low Risk,Priority 4: Standard Loyalty Reward Program
53226,15.0,At-Risk High-Value,22623.32,2,0,17.0,0,0.07,Low Risk,Priority 4: Standard Loyalty Reward Program
53227,31.0,Champions,2954.32,5,0,23.0,0,0.037,Low Risk,Priority 4: Standard Loyalty Reward Program
53228,1.0,Loyal Customers,2342.23,5,0,17.0,0,0.182,Low Risk,Priority 4: Standard Loyalty Reward Program
53229,15.0,At-Risk High-Value,5228.68,3,0,7.0,0,0.031,Low Risk,Priority 4: Standard Loyalty Reward Program
53230,24.0,Champions,2701.88,4,0,15.0,0,0.023,Low Risk,Priority 4: Standard Loyalty Reward Program
53231,1.0,At-Risk High-Value,3237.52,4,1,7.0,1,0.994,High Risk,"Priority 1: Executive Concierge Call + ₹1,000 Credit"
53232,10.0,Hibernating Big Spenders,2663.43,5,0,15.0,0,0.062,Low Risk,Priority 4: Standard Loyalty Reward Program
53233,12.0,Loyal Customers,2239.71,3,1,7.0,0,0.116,Low Risk,Priority 4: Standard Loyalty Reward Program
53234,18.0,Lost / Low Value,1782.88,3,0,31.0,0,0.076,Low Risk,Priority 4: Standard Loyalty Reward Program
53235,21.0,At-Risk High-Value,17338.2,3,1,10.0,0,0.036,Low Risk,Priority 4: Standard Loyalty Reward Program
53236,4.0,At-Risk High-Value,7833.76,2,0,34.0,0,0.035,Low Risk,Priority 4: Standard Loyalty Reward Program
53237,3.0,Loyal Customers,1665.62,3,0,17.0,0,0.185,Low Risk,Priority 4: Standard Loyalty Reward Program
53238,6.0,Champions,2517.74,3,1,26.0,1,0.961,High Risk,"Priority 1: Executive Concierge Call + ₹1,000 Credit"
53239,17.0,Champions,3185.16,2,0,22.0,0,0.05,Low Risk,Priority 4: Standard Loyalty Reward Program
53240,8.0,At-Risk High-Value,5126.55,3,0,15.0,0,0.037,Low Risk,Priority 4: Standard Loyalty Reward Program
53241,1.0,Loyal Customers,1650.0,5,0,16.0,0,0.37,Medium Risk,Priority 3: Personalized Recommendation + Free Shipping
53242,13.0,At-Risk High-Value,4155.58,4,0,10.0,0,0.054,Low Risk,Priority 4: Standard Loyalty Reward Program
53243,30.0,Loyal Customers,2596.33,2,0,16.0,0,0.017,Low Risk,Priority 4: Standard Loyalty Reward Program
53244,14.0,At-Risk High-Value,2448.93,2,1,9.0,0,0.034,Low Risk,Priority 4: Standard Loyalty Reward Program
53245,1.0,Hibernating Big Spenders,2124.21,5,0,14.0,0,0.183,Low Risk,Priority 4: Standard Loyalty Reward Program
53246,3.0,Champions,2441.5,4,0,17.0,0,0.043,Low Risk,Priority 4: Standard Loyalty Reward Program
53247,27.0,Champions,2466.75,2,0,13.0,0,0.013,Low Risk,Priority 4: Standard Loyalty Reward Program
53248,9.0,Loyal Customers,1935.23,5,0,9.0,0,0.049,Low Risk,Priority 4: Standard Loyalty Reward Program
53249,6.0,At-Risk High-Value,4897.48,2,0,31.0,0,0.01,Low Risk,Priority 4: Standard Loyalty Reward Program
53250,12.0,Loyal Customers,1711.27,3,1,9.0,0,0.349,Medium Risk,Priority 3: Personalized Recommendation + Free Shipping
53251,8.0,Loyal Customers,1938.31,5,0,15.0,0,0.051,Low Risk,Priority 4: Standard Loyalty Reward Program
53252,26.0,Hibernating Big Spenders,3229.16,5,0,10.0,0,0.041,Low Risk,Priority 4: Standard Loyalty Reward Program
53253,1.0,At-Risk High-Value,6681.84,2,1,7.0,1,0.998,High Risk,"Priority 1: Executive Concierge Call + ₹1,000 Credit"
53254,1.0,Hibernating Big Spenders,2054.8,2,0,33.0,0,0.147,Low Risk,Priority 4: Standard Loyalty Reward Program
53255,19.0,Champions,4209.04,3,0,9.0,0,0.069,Low Risk,Priority 4: Standard Loyalty Reward Program
53256,1.0,Loyal Customers,1760.55,3,0,17.0,0,0.322,Medium Risk,Priority 3: Personalized Recommendation + Free Shipping
53257,11.0,Hibernating Big Spenders,2078.67,3,1,34.0,1,0.989,High Risk,Priority 2: 25% Comeback Voucher + Free Express Delivery
53258,8.0,Hibernating Big Spenders,2065.14,2,0,9.0,0,0.013,Low Risk,Priority 4: Standard Loyalty Reward Program
53259,19.0,Hibernating Big Spenders,3559.49,5,1,9.0,1,0.721,High Risk,Priority 2: 25% Comeback Voucher + Free Express Delivery
53260,10.0,Hibernating Big Spenders,2209.57,5,0,15.0,0,0.076,Low Risk,Priority 4: Standard Loyalty Reward Program
53261,26.0,Loyal Customers,1843.38,2,0,26.0,0,0.018,Low Risk,Priority 4: Standard Loyalty Reward Program
53262,1.0,Champions,2782.56,2,0,7.0,0,0.097,Low Risk,Priority 4: Standard Loyalty Reward Program
53263,3.0,Loyal Customers,1851.85,3,0,34.0,0,0.039,Low Risk,Priority 4: Standard Loyalty Reward Program
53264,1.0,Loyal Customers,1960.86,5,0,15.0,1,0.987,High Risk,Priority 2: 25% Comeback Voucher + Free Express Delivery
53265,8.0,Lost / Low Value,1735.8,2,0,7.0,0,0.01,Low Risk,Priority 4: Standard Loyalty Reward Program
53266,28.0,Hibernating Big Spenders,1978.35,5,1,26.0,0,0.033,Low Risk,Priority 4: Standard Loyalty Reward Program
53267,3.0,Loyal Customers,1852.62,2,0,6.0,0,0.038,Low Risk,Priority 4: Standard Loyalty Reward Program
53268,11.0,At-Risk High-Value,4202.55,5,1,17.0,0,0.123,Low Risk,Priority 4: Standard Loyalty Reward Program
53269,12.0,At-Risk High-Value,5082.0,5,1,9.0,0,0.067,Low Risk,Priority 4: Standard Loyalty Reward Program
53270,8.0,Hibernating Big Spenders,1856.91,5,0,9.0,0,0.06,Low Risk,Priority 4: Standard Loyalty Reward Program
53271,9.0,Loyal Customers,1657.92,2,0,15.0,0,0.046,Low Risk,Priority 4: Standard Loyalty Reward Program
53272,4.0,Loyal Customers,1796.63,3,0,7.0,0,0.031,Low Risk,Priority 4: Standard Loyalty Reward Program
53273,14.0,At-Risk High-Value,3683.68,4,0,9.0,0,0.015,Low Risk,Priority 4: Standard Loyalty Reward Program
53274,8.0,Loyal Customers,2090.0,5,0,15.0,0,0.098,Low Risk,Priority 4: Standard Loyalty Reward Program
53275,16.0,At-Risk High-Value,25517.25,2,0,15.0,0,0.069,Low Risk,Priority 4: Standard Loyalty Reward Program
53276,1.0,Loyal Customers,1551.11,5,1,13.0,1,0.594,Medium Risk,Priority 3: Personalized Recommendation + Free Shipping
53277,1.0,Loyal Customers,1671.34,4,0,16.0,0,0.517,Medium Risk,Priority 3: Personalized Recommendation + Free Shipping
53278,26.0,Lost / Low Value,1721.39,3,0,18.0,0,0.022,Low Risk,Priority 4: Standard Loyalty Reward Program
53279,24.0,Hibernating Big Spenders,3315.29,3,0,9.0,0,0.004,Low Risk,Priority 4: Standard Loyalty Reward Program
53280,1.0,Loyal Customers,1630.09,5,1,7.0,1,0.981,High Risk,Priority 2: 25% Comeback Voucher + Free Express Delivery
53281,7.0,Hibernating Big Spenders,2661.01,3,0,14.0,0,0.042,Low Risk,Priority 4: Standard Loyalty Reward Program
53282,1.0,Loyal Customers,1960.64,5,0,23.0,1,0.992,High Risk,Priority 2: 25% Comeback Voucher + Free Express Delivery
53283,21.0,Champions,6435.44,2,1,9.0,0,0.02,Low Risk,Priority 4: Standard Loyalty Reward Program
53284,10.0,Hibernating Big Spenders,1950.08,4,0,7.0,0,0.01,Low Risk,Priority 4: Standard Loyalty Reward Program
53285,3.0,Lost / Low Value,1672.0,3,0,30.0,0,0.052,Low Risk,Priority 4: Standard Loyalty Reward Program
53286,21.0,At-Risk High-Value,24444.42,4,1,9.0,1,0.49,Medium Risk,Priority 3: Personalized Recommendation + Free Shipping
53287,9.0,Champions,2475.99,3,0,7.0,0,0.033,Low Risk,Priority 4: Standard Loyalty Reward Program
53288,16.0,Loyal Customers,2041.82,2,1,7.0,0,0.097,Low Risk,Priority 4: Standard Loyalty Reward Program
53289,1.0,Champions,2785.53,3,0,9.0,1,0.411,Medium Risk,Priority 3: Personalized Recommendation + Free Shipping
53290,10.0,Lost / Low Value,1610.73,4,0,20.0,0,0.028,Low Risk,Priority 4: Standard Loyalty Reward Program
53291,6.0,At-Risk High-Value,7184.87,3,0,11.0,0,0.016,Low Risk,Priority 4: Standard Loyalty Reward Program
53292,14.0,Loyal Customers,1935.34,3,0,23.0,0,0.019,Low Risk,Priority 4: Standard Loyalty Reward Program
53293,4.0,Loyal Customers,2131.47,2,1,9.0,0,0.086,Low Risk,Priority 4: Standard Loyalty Reward Program
53294,19.0,Loyal Customers,1625.14,3,0,9.0,0,0.151,Low Risk,Priority 4: Standard Loyalty Reward Program
53295,16.0,At-Risk High-Value,7450.96,4,0,36.0,0,0.025,Low Risk,Priority 4: Standard Loyalty Reward Program
53296,12.0,Loyal Customers,2066.68,5,0,19.0,0,0.024,Low Risk,Priority 4: Standard Loyalty Reward Program
53297,8.0,Lost / Low Value,1655.83,2,0,23.0,0,0.055,Low Risk,Priority 4: Standard Loyalty Reward Program
53298,13.0,At-Risk High-Value,8867.76,2,0,18.0,1,0.955,High Risk,"Priority 1: Executive Concierge Call + ₹1,000 Credit"
53299,19.0,At-Risk High-Value,7770.4,2,0,9.0,1,0.809,High Risk,"Priority 1: Executive Concierge Call + ₹1,000 Credit"
53300,17.0,Loyal Customers,3262.49,5,0,21.0,0,0.044,Low Risk,Priority 4: Standard Loyalty Reward Program
53301,1.0,Hibernating Big Spenders,2783.88,2,1,12.0,0,0.174,Low Risk,Priority 4: Standard Loyalty Reward Program
53302,9.0,Loyal Customers,2499.31,3,0,14.0,0,0.049,Low Risk,Priority 4: Standard Loyalty Reward Program
53303,2.0,At-Risk High-Value,7602.76,4,1,9.0,0,0.107,Low Risk,Priority 4: Standard Loyalty Reward Program
53304,8.0,Loyal Customers,1786.07,2,0,10.0,0,0.029,Low Risk,Priority 4: Standard Loyalty Reward Program
53305,1.0,Lost / Low Value,1635.26,3,1,12.0,1,0.772,High Risk,Priority 2: 25% Comeback Voucher + Free Express Delivery
53306,1.0,Loyal Customers,1562.66,2,0,10.0,0,0.402,Medium Risk,Priority 3: Personalized Recommendation + Free Shipping
53307,25.0,At-Risk High-Value,7921.92,3,0,33.0,0,0.02,Low Risk,Priority 4: Standard Loyalty Reward Program
53308,18.0,At-Risk High-Value,3041.44,4,0,11.0,0,0.047,Low Risk,Priority 4: Standard Loyalty Reward Program
53309,1.0,Loyal Customers,1751.64,5,0,9.0,0,0.179,Low Risk,Priority 4: Standard Loyalty Reward Program
53310,7.0,Lost / Low Value,1819.07,5,0,7.0,0,0.01,Low Risk,Priority 4: Standard Loyalty Reward Program
53311,9.0,Loyal Customers,1656.49,5,0,34.0,0,0.149,Low Risk,Priority 4: Standard Loyalty Reward Program
53312,10.0,At-Risk High-Value,5142.77,2,1,7.0,0,0.045,Low Risk,Priority 4: Standard Loyalty Reward Program
53313,6.0,Hibernating Big Spenders,1859.33,2,0,20.0,0,0.028,Low Risk,Priority 4: Standard Loyalty Reward Program
53314,4.0,Lost / Low Value,1788.71,2,0,12.0,0,0.059,Low Risk,Priority 4: Standard Loyalty Reward Program
53315,27.0,Hibernating Big Spenders,2577.74,2,1,14.0,0,0.028,Low Risk,Priority 4: Standard Loyalty Reward Program
53316,19.0,Loyal Customers,2558.71,5,1,16.0,0,0.208,Low Risk,Priority 4: Standard Loyalty Reward Program
53317,6.0,Hibernating Big Spenders,1944.25,3,0,15.0,0,0.06,Low Risk,Priority 4: Standard Loyalty Reward Program
53318,26.0,Loyal Customers,2895.86,2,0,32.0,0,0.015,Low Risk,Priority 4: Standard Loyalty Reward Program
53319,11.0,Loyal Customers,2071.74,3,0,23.0,0,0.039,Low Risk,Priority 4: Standard Loyalty Reward Program
53320,2.0,Hibernating Big Spenders,1917.96,2,0,15.0,0,0.044,Low Risk,Priority 4: Standard Loyalty Reward Program
53321,1.0,Champions,2850.38,2,0,7.0,0,0.11,Low Risk,Priority 4: Standard Loyalty Reward Program
53322,18.0,Loyal Customers,1684.98,2,1,15.0,0,0.065,Low Risk,Priority 4: Standard Loyalty Reward Program
53323,16.0,Champions,2477.48,2,1,9.0,0,0.097,Low Risk,Priority 4: Standard Loyalty Reward Program
53324,10.0,Lost / Low Value,1632.62,5,0,15.0,0,0.042,Low Risk,Priority 4: Standard Loyalty Reward Program
53325,1.0,Lost / Low Value,1836.34,5,1,10.0,0,0.243,Low Risk,Priority 4: Standard Loyalty Reward Program
53326,9.0,Hibernating Big Spenders,2550.35,3,1,16.0,0,0.059,Low Risk,Priority 4: Standard Loyalty Reward Program
53327,1.0,At-Risk High-Value,6389.68,4,1,32.0,1,0.989,High Risk,"Priority 1: Executive Concierge Call + ₹1,000 Credit"
53328,6.0,Loyal Customers,1629.54,2,0,7.0,0,0.025,Low Risk,Priority 4: Standard Loyalty Reward Program
53329,1.0,Hibernating Big Spenders,1843.16,5,0,11.0,0,0.247,Low Risk,Priority 4: Standard Loyalty Reward Program
53330,23.0,Loyal Customers,1768.8,5,0,7.0,0,0.017,Low Risk,Priority 4: Standard Loyalty Reward Program
53331,1.0,At-Risk High-Value,3445.64,2,0,11.0,0,0.151,Low Risk,Priority 4: Standard Loyalty Reward Program
53332,6.0,At-Risk High-Value,6277.92,4,0,12.0,0,0.069,Low Risk,Priority 4: Standard Loyalty Reward Program
53333,12.0,Loyal Customers,1693.89,4,0,16.0,0,0.061,Low Risk,Priority 4: Standard Loyalty Reward Program
53334,16.0,Hibernating Big Spenders,1950.41,2,1,10.0,0,0.031,Low Risk,Priority 4: Standard Loyalty Reward Program
53335,5.0,Loyal Customers,1634.16,2,1,18.0,0,0.228,Low Risk,Priority 4: Standard Loyalty Reward Program
53336,1.0,Loyal Customers,1683.0,3,1,7.0,1,0.96,High Risk,Priority 2: 25% Comeback Voucher + Free Express Delivery
53337,27.0,Loyal Customers,2676.96,2,0,15.0,0,0.019,Low Risk,Priority 4: Standard Loyalty Reward Program
53338,9.0,Hibernating Big Spenders,2574.33,4,0,32.0,0,0.035,Low Risk,Priority 4: Standard Loyalty Reward Program
53339,11.0,Loyal Customers,1702.03,2,0,28.0,0,0.024,Low Risk,Priority 4: Standard Loyalty Reward Program
53340,27.0,At-Risk High-Value,5890.5,2,0,30.0,0,0.02,Low Risk,Priority 4: Standard Loyalty Reward Program
53341,17.0,Champions,2980.23,2,0,7.0,0,0.012,Low Risk,Priority 4: Standard Loyalty Reward Program
53342,21.0,At-Risk High-Value,7496.28,2,1,9.0,0,0.052,Low Risk,Priority 4: Standard Loyalty Reward Program
53343,11.0,Hibernating Big Spenders,2215.62,4,1,26.0,0,0.115,Low Risk,Priority 4: Standard Loyalty Reward Program
53344,24.0,At-Risk High-Value,25099.8,5,0,9.0,0,0.015,Low Risk,Priority 4: Standard Loyalty Reward Program
53345,13.0,Hibernating Big Spenders,1947.44,2,0,9.0,0,0.021,Low Risk,Priority 4: Standard Loyalty Reward Program
53346,7.0,Lost / Low Value,1625.47,4,1,10.0,0,0.238,Low Risk,Priority 4: Standard Loyalty Reward Program
53347,1.0,Loyal Customers,1682.45,2,1,32.0,1,0.968,High Risk,Priority 2: 25% Comeback Voucher + Free Express Delivery
53348,3.0,Lost / Low Value,1653.52,2,0,14.0,0,0.061,Low Risk,Priority 4: Standard Loyalty Reward Program
53349,18.0,Champions,6625.96,5,1,16.0,0,0.259,Low Risk,Priority 4: Standard Loyalty Reward Program
53350,2.0,Loyal Customers,1914.88,2,0,12.0,0,0.026,Low Risk,Priority 4: Standard Loyalty Reward Program
53351,21.0,Loyal Customers,1636.8,2,1,9.0,1,0.991,High Risk,Priority 2: 25% Comeback Voucher + Free Express Delivery
53352,17.0,Loyal Customers,1899.15,4,0,15.0,0,0.035,Low Risk,Priority 4: Standard Loyalty Reward Program
53353,1.0,Loyal Customers,1599.84,3,0,9.0,1,0.944,High Risk,Priority 2: 25% Comeback Voucher + Free Express Delivery
53354,1.0,Loyal Customers,1671.23,2,0,25.0,1,0.968,High Risk,Priority 2: 25% Comeback Voucher + Free Express Delivery
53355,10.0,At-Risk High-Value,5248.65,2,1,21.0,0,0.04,Low Risk,Priority 4: Standard Loyalty Reward Program
53356,21.0,Loyal Customers,1737.34,2,1,9.0,0,0.09,Low Risk,Priority 4: Standard Loyalty Reward Program
53357,1.0,Loyal Customers,1833.81,3,1,10.0,1,0.978,High Risk,Priority 2: 25% Comeback Voucher + Free Express Delivery
53358,5.0,Loyal Customers,1680.58,2,1,9.0,1,0.977,High Risk,Priority 2: 25% Comeback Voucher + Free Express Delivery
53359,2.0,Champions,2454.7,3,0,16.0,0,0.081,Low Risk,Priority 4: Standard Loyalty Reward Program
53360,3.0,Champions,2459.16,5,1,13.0,1,0.983,High Risk,"Priority 1: Executive Concierge Call + ₹1,000 Credit"
53361,1.0,Loyal Customers,1629.98,3,0,11.0,0,0.44,Medium Risk,Priority 3: Personalized Recommendation + Free Shipping
53362,8.0,Loyal Customers,1595.88,4,0,17.0,0,0.128,Low Risk,Priority 4: Standard Loyalty Reward Program
53363,16.0,Hibernating Big Spenders,2061.84,3,0,21.0,0,0.074,Low Risk,Priority 4: Standard Loyalty Reward Program
53364,7.0,Loyal Customers,1682.89,5,1,7.0,0,0.319,Medium Risk,Priority 3: Personalized Recommendation + Free Shipping
53365,31.0,Loyal Customers,2535.72,4,1,12.0,0,0.013,Low Risk,Priority 4: Standard Loyalty Reward Program
53366,5.0,Champions,4893.57,3,0,14.0,0,0.037,Low Risk,Priority 4: Standard Loyalty Reward Program
53367,9.0,Lost / Low Value,1816.54,2,1,28.0,0,0.056,Low Risk,Priority 4: Standard Loyalty Reward Program
53368,23.0,Hibernating Big Spenders,2189.33,4,0,15.0,0,0.018,Low Risk,Priority 4: Standard Loyalty Reward Program
53369,22.0,Loyal Customers,1623.49,3,0,27.0,0,0.064,Low Risk,Priority 4: Standard Loyalty Reward Program
53370,5.0,Loyal Customers,2137.52,3,0,27.0,0,0.074,Low Risk,Priority 4: Standard Loyalty Reward Program
53371,10.0,Loyal Customers,1889.58,2,0,14.0,0,0.023,Low Risk,Priority 4: Standard Loyalty Reward Program
53372,12.0,At-Risk High-Value,8607.06,5,0,7.0,0,0.02,Low Risk,Priority 4: Standard Loyalty Reward Program
53373,6.0,Loyal Customers,1631.52,4,0,7.0,0,0.043,Low Risk,Priority 4: Standard Loyalty Reward Program
53374,1.0,Loyal Customers,1640.43,4,1,26.0,1,0.992,High Risk,Priority 2: 25% Comeback Voucher + Free Express Delivery
53375,14.0,Loyal Customers,2442.55,4,0,17.0,0,0.053,Low Risk,Priority 4: Standard Loyalty Reward Program
53376,1.0,Hibernating Big Spenders,1847.34,5,0,7.0,0,0.133,Low Risk,Priority 4: Standard Loyalty Reward Program
53377,15.0,At-Risk High-Value,2841.46,5,1,13.0,0,0.111,Low Risk,Priority 4: Standard Loyalty Reward Program
53378,10.0,At-Risk High-Value,3304.18,3,0,9.0,0,0.051,Low Risk,Priority 4: Standard Loyalty Reward Program
53379,1.0,Loyal Customers,1608.31,4,1,28.0,1,0.999,High Risk,Priority 2: 25% Comeback Voucher + Free Express Delivery
53380,1.0,Loyal Customers,1702.03,5,0,11.0,1,0.965,High Risk,Priority 2: 25% Comeback Voucher + Free Express Delivery
53381,5.0,At-Risk High-Value,9085.72,2,1,19.0,0,0.106,Low Risk,Priority 4: Standard Loyalty Reward Program
53382,14.0,Loyal Customers,1772.87,4,1,16.0,0,0.183,Low Risk,Priority 4: Standard Loyalty Reward Program
53383,6.0,At-Risk High-Value,7401.62,5,0,10.0,0,0.085,Low Risk,Priority 4: Standard Loyalty Reward Program
53384,1.0,Champions,5021.5,2,1,10.0,1,0.843,High Risk,"Priority 1: Executive Concierge Call + ₹1,000 Credit"
53385,7.0,Hibernating Big Spenders,2139.39,2,0,7.0,0,0.006,Low Risk,Priority 4: Standard Loyalty Reward Program
53386,1.0,Champions,15251.94,3,0,7.0,1,0.995,High Risk,"Priority 1: Executive Concierge Call + ₹1,000 Credit"
53387,19.0,Hibernating Big Spenders,1864.17,4,0,11.0,0,0.008,Low Risk,Priority 4: Standard Loyalty Reward Program
53388,3.0,Loyal Customers,1612.27,2,0,27.0,0,0.07,Low Risk,Priority 4: Standard Loyalty Reward Program
53389,9.0,Loyal Customers,1881.11,3,0,25.0,0,0.045,Low Risk,Priority 4: Standard Loyalty Reward Program
53390,26.0,At-Risk High-Value,13023.56,2,0,7.0,0,0.015,Low Risk,Priority 4: Standard Loyalty Reward Program
53391,21.0,Loyal Customers,1647.69,3,0,9.0,1,0.964,High Risk,Priority 2: 25% Comeback Voucher + Free Express Delivery
53392,27.0,Champions,24069.76,3,0,9.0,0,0.014,Low Risk,Priority 4: Standard Loyalty Reward Program
53393,4.0,At-Risk High-Value,8696.16,3,0,15.0,0,0.178,Low Risk,Priority 4: Standard Loyalty Reward Program
53394,12.0,Hibernating Big Spenders,1998.26,2,1,17.0,0,0.114,Low Risk,Priority 4: Standard Loyalty Reward Program
53395,9.0,Hibernating Big Spenders,2235.53,2,0,10.0,0,0.109,Low Risk,Priority 4: Standard Loyalty Reward Program
53396,13.0,Hibernating Big Spenders,2241.8,3,0,9.0,0,0.058,Low Risk,Priority 4: Standard Loyalty Reward Program
53397,4.0,Loyal Customers,2826.34,4,1,31.0,1,0.957,High Risk,Priority 2: 25% Comeback Voucher + Free Express Delivery
53398,21.0,At-Risk High-Value,2898.56,3,1,23.0,0,0.007,Low Risk,Priority 4: Standard Loyalty Reward Program
53399,10.0,Hibernating Big Spenders,1933.69,2,0,15.0,0,0.043,Low Risk,Priority 4: Standard Loyalty Reward Program
53400,1.0,Loyal Customers,1630.31,5,1,16.0,1,0.982,High Risk,Priority 2: 25% Comeback Voucher + Free Express Delivery
53401,7.0,Champions,11528.44,3,0,24.0,0,0.066,Low Risk,Priority 4: Standard Loyalty Reward Program
53402,1.0,Loyal Customers,1639.44,5,1,17.0,1,0.999,High Risk,Priority 2: 25% Comeback Voucher + Free Express Delivery
53403,7.0,Loyal Customers,1754.72,2,0,20.0,0,0.015,Low Risk,Priority 4: Standard Loyalty Reward Program
53404,19.0,Loyal Customers,1624.7,2,0,7.0,0,0.009,Low Risk,Priority 4: Standard Loyalty Reward Program
53405,24.0,Hibernating Big Spenders,3288.89,2,0,7.0,0,0.007,Low Risk,Priority 4: Standard Loyalty Reward Program
53406,7.0,Loyal Customers,1978.68,4,1,7.0,0,0.065,Low Risk,Priority 4: Standard Loyalty Reward Program
53407,15.0,Hibernating Big Spenders,3511.09,3,0,16.0,0,0.01,Low Risk,Priority 4: Standard Loyalty Reward Program
53408,1.0,Champions,2526.32,4,0,23.0,0,0.248,Low Risk,Priority 4: Standard Loyalty Reward Program
53409,19.0,Lost / Low Value,1774.63,5,1,30.0,0,0.055,Low Risk,Priority 4: Standard Loyalty Reward Program
53410,21.0,Lost / Low Value,1832.93,2,1,11.0,0,0.038,Low Risk,Priority 4: Standard Loyalty Reward Program
53411,1.0,Loyal Customers,1609.52,3,1,29.0,1,0.992,High Risk,Priority 2: 25% Comeback Voucher + Free Express Delivery
53412,24.0,Hibernating Big Spenders,2912.03,3,1,31.0,0,0.009,Low Risk,Priority 4: Standard Loyalty Reward Program
53413,12.0,Loyal Customers,1670.24,3,0,17.0,0,0.016,Low Risk,Priority 4: Standard Loyalty Reward Program
53414,20.0,Hibernating Big Spenders,2567.95,3,0,14.0,0,0.028,Low Risk,Priority 4: Standard Loyalty Reward Program
53415,1.0,Champions,3712.94,3,0,24.0,0,0.369,Medium Risk,Priority 3: Personalized Recommendation + Free Shipping
53416,1.0,Loyal Customers,1786.73,4,1,21.0,1,0.978,High Risk,Priority 2: 25% Comeback Voucher + Free Express Delivery
53417,5.0,Lost / Low Value,1831.28,5,0,7.0,0,0.016,Low Risk,Priority 4: Standard Loyalty Reward Program
53418,1.0,Loyal Customers,1490.61,2,0,12.0,0,0.328,Medium Risk,Priority 3: Personalized Recommendation + Free Shipping
53419,28.0,Hibernating Big Spenders,2556.29,3,0,24.0,0,0.021,Low Risk,Priority 4: Standard Loyalty Reward Program
53420,9.0,Champions,13847.24,3,1,32.0,0,0.154,Low Risk,Priority 4: Standard Loyalty Reward Program
53421,4.0,Hibernating Big Spenders,2630.76,5,1,15.0,0,0.082,Low Risk,Priority 4: Standard Loyalty Reward Program
53422,1.0,Loyal Customers,1661.0,5,1,18.0,1,0.994,High Risk,Priority 2: 25% Comeback Voucher + Free Express Delivery
53423,1.0,Loyal Customers,1641.42,4,0,12.0,1,0.913,High Risk,Priority 2: 25% Comeback Voucher + Free Express Delivery
53424,1.0,Hibernating Big Spenders,1976.92,2,0,9.0,0,0.1,Low Risk,Priority 4: Standard Loyalty Reward Program
53425,1.0,Loyal Customers,1644.61,5,0,15.0,0,0.418,Medium Risk,Priority 3: Personalized Recommendation + Free Shipping
53426,22.0,Champions,2762.1,3,0,13.0,0,0.021,Low Risk,Priority 4: Standard Loyalty Reward Program
53427,22.0,Hibernating Big Spenders,2584.89,3,0,11.0,0,0.024,Low Risk,Priority 4: Standard Loyalty Reward Program
53428,15.0,Champions,2888.0,3,0,14.0,0,0.037,Low Risk,Priority 4: Standard Loyalty Reward Program
53429,13.0,Hibernating Big Spenders,2776.62,2,0,7.0,0,0.053,Low Risk,Priority 4: Standard Loyalty Reward Program
53430,1.0,Champions,2759.96,2,0,9.0,0,0.094,Low Risk,Priority 4: Standard Loyalty Reward Program
53431,9.0,Loyal Customers,1805.87,2,0,17.0,0,0.024,Low Risk,Priority 4: Standard Loyalty Reward Program
53432,16.0,Loyal Customers,3388.33,3,0,12.0,0,0.066,Low Risk,Priority 4: Standard Loyalty Reward Program
53433,24.0,Loyal Customers,1636.8,2,0,16.0,0,0.057,Low Risk,Priority 4: Standard Loyalty Reward Program
53434,31.0,At-Risk High-Value,7212.15,2,1,9.0,0,0.045,Low Risk,Priority 4: Standard Loyalty Reward Program
53435,1.0,Loyal Customers,1900.47,4,0,18.0,1,0.992,High Risk,Priority 2: 25% Comeback Voucher + Free Express Delivery
53436,29.0,At-Risk High-Value,7270.72,4,1,25.0,0,0.135,Low Risk,Priority 4: Standard Loyalty Reward Program
53437,15.0,At-Risk High-Value,10716.09,3,0,14.0,0,0.022,Low Risk,Priority 4: Standard Loyalty Reward Program
53438,12.0,Loyal Customers,2129.71,2,1,10.0,0,0.122,Low Risk,Priority 4: Standard Loyalty Reward Program
53439,1.0,Champions,2882.38,5,0,36.0,1,0.999,High Risk,"Priority 1: Executive Concierge Call + ₹1,000 Credit"
53440,16.0,At-Risk High-Value,12452.82,2,0,9.0,1,0.968,High Risk,"Priority 1: Executive Concierge Call + ₹1,000 Credit"
53441,18.0,Hibernating Big Spenders,2840.2,2,1,35.0,0,0.04,Low Risk,Priority 4: Standard Loyalty Reward Program
53442,24.0,Hibernating Big Spenders,2073.17,3,0,7.0,0,0.045,Low Risk,Priority 4: Standard Loyalty Reward Program
53443,1.0,At-Risk High-Value,13413.84,5,0,23.0,1,0.981,High Risk,"Priority 1: Executive Concierge Call + ₹1,000 Credit"
53444,13.0,Hibernating Big Spenders,2571.8,5,1,29.0,0,0.064,Low Risk,Priority 4: Standard Loyalty Reward Program
53445,7.0,Champions,2448.93,2,0,15.0,0,0.038,Low Risk,Priority 4: Standard Loyalty Reward Program
53446,19.0,Loyal Customers,3316.5,2,0,18.0,0,0.025,Low Risk,Priority 4: Standard Loyalty Reward Program
53447,6.0,At-Risk High-Value,7271.0,3,0,36.0,0,0.096,Low Risk,Priority 4: Standard Loyalty Reward Program
53448,8.0,Loyal Customers,2444.75,2,0,7.0,0,0.052,Low Risk,Priority 4: Standard Loyalty Reward Program
53449,31.0,Hibernating Big Spenders,2684.44,2,1,7.0,0,0.049,Low Risk,Priority 4: Standard Loyalty Reward Program
53450,19.0,Lost / Low Value,1614.47,4,0,31.0,0,0.048,Low Risk,Priority 4: Standard Loyalty Reward Program
53451,27.0,At-Risk High-Value,7709.62,4,0,9.0,0,0.099,Low Risk,Priority 4: Standard Loyalty Reward Program
53452,1.0,Loyal Customers,1906.74,3,0,22.0,1,0.991,High Risk,Priority 2: 25% Comeback Voucher + Free Express Delivery
53453,1.0,Loyal Customers,1599.62,5,1,9.0,1,0.984,High Risk,Priority 2: 25% Comeback Voucher + Free Express Delivery
53454,8.0,Loyal Customers,1619.2,3,1,17.0,0,0.237,Low Risk,Priority 4: Standard Loyalty Reward Program
53455,2.0,Loyal Customers,1490.72,4,0,17.0,0,0.064,Low Risk,Priority 4: Standard Loyalty Reward Program
53456,12.0,Champions,2527.96,3,0,10.0,0,0.014,Low Risk,Priority 4: Standard Loyalty Reward Program
53457,24.0,At-Risk High-Value,13964.28,3,1,9.0,0,0.052,Low Risk,Priority 4: Standard Loyalty Reward Program
53458,11.0,Loyal Customers,1826.77,4,0,10.0,0,0.005,Low Risk,Priority 4: Standard Loyalty Reward Program
53459,14.0,At-Risk High-Value,9194.24,5,0,33.0,0,0.152,Low Risk,Priority 4: Standard Loyalty Reward Program
53460,1.0,Lost / Low Value,1595.77,3,0,7.0,0,0.205,Low Risk,Priority 4: Standard Loyalty Reward Program
53461,20.0,Champions,5300.96,2,0,7.0,0,0.035,Low Risk,Priority 4: Standard Loyalty Reward Program
53462,28.0,Loyal Customers,2550.46,3,0,9.0,0,0.018,Low Risk,Priority 4: Standard Loyalty Reward Program
53463,30.0,Lost / Low Value,1698.62,3,0,16.0,0,0.025,Low Risk,Priority 4: Standard Loyalty Reward Program
53464,10.0,Champions,9397.52,2,0,19.0,0,0.133,Low Risk,Priority 4: Standard Loyalty Reward Program
53465,29.0,Champions,11263.56,5,0,9.0,0,0.015,Low Risk,Priority 4: Standard Loyalty Reward Program
53466,17.0,Loyal Customers,2849.0,2,0,32.0,0,0.02,Low Risk,Priority 4: Standard Loyalty Reward Program
53467,1.0,Loyal Customers,1630.53,2,1,16.0,1,0.984,High Risk,Priority 2: 25% Comeback Voucher + Free Express Delivery
53468,1.0,Loyal Customers,1530.76,5,0,17.0,1,0.973,High Risk,Priority 2: 25% Comeback Voucher + Free Express Delivery
53469,20.0,Hibernating Big Spenders,1882.65,5,1,15.0,0,0.057,Low Risk,Priority 4: Standard Loyalty Reward Program
53470,15.0,At-Risk High-Value,2468.56,3,1,11.0,1,0.912,High Risk,"Priority 1: Executive Concierge Call + ₹1,000 Credit"
53471,1.0,Loyal Customers,2334.42,5,0,31.0,1,0.991,High Risk,Priority 2: 25% Comeback Voucher + Free Express Delivery
53472,1.0,Lost / Low Value,1810.05,5,0,7.0,0,0.191,Low Risk,Priority 4: Standard Loyalty Reward Program
53473,4.0,Loyal Customers,2470.27,5,0,27.0,0,0.068,Low Risk,Priority 4: Standard Loyalty Reward Program
53474,15.0,Lost / Low Value,1746.36,3,0,14.0,0,0.013,Low Risk,Priority 4: Standard Loyalty Reward Program
53475,12.0,Loyal Customers,2345.53,3,0,24.0,0,0.07,Low Risk,Priority 4: Standard Loyalty Reward Program
53476,14.0,Champions,15062.52,2,0,27.0,0,0.13,Low Risk,Priority 4: Standard Loyalty Reward Program
53477,1.0,Loyal Customers,1883.31,3,0,15.0,0,0.232,Low Risk,Priority 4: Standard Loyalty Reward Program
53478,29.0,Loyal Customers,2582.36,4,0,9.0,0,0.009,Low Risk,Priority 4: Standard Loyalty Reward Program
53479,2.0,Lost / Low Value,1777.6,3,0,17.0,0,0.03,Low Risk,Priority 4: Standard Loyalty Reward Program
53480,8.0,Champions,5056.04,5,0,7.0,1,0.969,High Risk,"Priority 1: Executive Concierge Call + ₹1,000 Credit"
53481,7.0,Loyal Customers,2158.09,2,0,12.0,0,0.073,Low Risk,Priority 4: Standard Loyalty Reward Program
53482,1.0,Champions,6072.55,5,1,11.0,1,1.0,High Risk,"Priority 1: Executive Concierge Call + ₹1,000 Credit"
53483,1.0,At-Risk High-Value,3741.76,3,0,36.0,1,0.972,High Risk,"Priority 1: Executive Concierge Call + ₹1,000 Credit"
53484,2.0,Champions,2426.65,3,0,22.0,0,0.004,Low Risk,Priority 4: Standard Loyalty Reward Program
53485,8.0,Hibernating Big Spenders,2228.16,2,0,10.0,0,0.026,Low Risk,Priority 4: Standard Loyalty Reward Program
53486,11.0,Loyal Customers,2111.34,2,1,17.0,0,0.04,Low Risk,Priority 4: Standard Loyalty Reward Program
53487,1.0,At-Risk High-Value,5343.03,2,1,11.0,1,0.815,High Risk,"Priority 1: Executive Concierge Call + ₹1,000 Credit"
53488,1.0,Loyal Customers,1636.47,3,0,28.0,1,0.957,High Risk,Priority 2: 25% Comeback Voucher + Free Express Delivery
53489,1.0,Champions,2444.14,4,1,32.0,1,0.998,High Risk,"Priority 1: Executive Concierge Call + ₹1,000 Credit"
53490,16.0,At-Risk High-Value,23227.05,5,0,9.0,0,0.032,Low Risk,Priority 4: Standard Loyalty Reward Program
53491,1.0,Loyal Customers,1660.56,4,0,5.0,1,0.971,High Risk,Priority 2: 25% Comeback Voucher + Free Express Delivery
53492,14.0,Loyal Customers,1895.08,3,1,7.0,1,0.969,High Risk,Priority 2: 25% Comeback Voucher + Free Express Delivery
53493,7.0,Loyal Customers,1848.22,4,0,14.0,0,0.028,Low Risk,Priority 4: Standard Loyalty Reward Program
53494,8.0,Loyal Customers,1702.69,2,0,10.0,0,0.067,Low Risk,Priority 4: Standard Loyalty Reward Program
53495,22.0,Champions,4848.53,2,0,7.0,0,0.011,Low Risk,Priority 4: Standard Loyalty Reward Program
53496,19.0,At-Risk High-Value,4975.58,3,0,16.0,0,0.021,Low Risk,Priority 4: Standard Loyalty Reward Program
53497,26.0,Champions,6309.88,4,0,14.0,0,0.057,Low Risk,Priority 4: Standard Loyalty Reward Program
53498,12.0,Champions,3504.6,3,1,17.0,0,0.089,Low Risk,Priority 4: Standard Loyalty Reward Program
53499,3.0,Lost / Low Value,1651.54,2,0,35.0,0,0.055,Low Risk,Priority 4: Standard Loyalty Reward Program
53500,2.0,Hibernating Big Spenders,2217.05,4,0,10.0,0,0.102,Low Risk,Priority 4: Standard Loyalty Reward Program
53501,20.0,At-Risk High-Value,8240.38,3,0,10.0,0,0.042,Low Risk,Priority 4: Standard Loyalty Reward Program
53502,12.0,Loyal Customers,2183.61,4,0,9.0,0,0.109,Low Risk,Priority 4: Standard Loyalty Reward Program
53503,17.0,Loyal Customers,2565.2,5,0,34.0,0,0.053,Low Risk,Priority 4: Standard Loyalty Reward Program
53504,3.0,Hibernating Big Spenders,2713.59,2,0,9.0,1,0.981,High Risk,Priority 2: 25% Comeback Voucher + Free Express Delivery
53505,14.0,At-Risk High-Value,8834.65,3,0,21.0,0,0.046,Low Risk,Priority 4: Standard Loyalty Reward Program
53506,1.0,Champions,2404.05,4,1,7.0,0,0.372,Medium Risk,Priority 3: Personalized Recommendation + Free Shipping
53507,13.0,Hibernating Big Spenders,2121.02,4,0,16.0,0,0.03,Low Risk,Priority 4: Standard Loyalty Reward Program
53508,10.0,Hibernating Big Spenders,2230.69,2,0,25.0,0,0.045,Low Risk,Priority 4: Standard Loyalty Reward Program
53509,5.0,Champions,2523.02,2,0,27.0,0,0.039,Low Risk,Priority 4: Standard Loyalty Reward Program
53510,2.0,Lost / Low Value,1727.11,4,0,9.0,0,0.027,Low Risk,Priority 4: Standard Loyalty Reward Program
53511,9.0,Loyal Customers,1921.48,2,0,18.0,0,0.043,Low Risk,Priority 4: Standard Loyalty Reward Program
53512,23.0,Hibernating Big Spenders,2818.2,4,0,15.0,0,0.042,Low Risk,Priority 4: Standard Loyalty Reward Program
53513,8.0,Loyal Customers,1818.63,3,0,9.0,0,0.016,Low Risk,Priority 4: Standard Loyalty Reward Program
53514,3.0,Loyal Customers,1737.01,4,0,17.0,0,0.049,Low Risk,Priority 4: Standard Loyalty Reward Program
53515,16.0,Loyal Customers,1844.92,2,0,36.0,0,0.072,Low Risk,Priority 4: Standard Loyalty Reward Program
53516,3.0,Loyal Customers,1931.16,2,1,15.0,0,0.033,Low Risk,Priority 4: Standard Loyalty Reward Program
53517,12.0,Champions,5063.52,3,0,7.0,0,0.043,Low Risk,Priority 4: Standard Loyalty Reward Program
53518,5.0,Loyal Customers,1672.33,3,1,13.0,0,0.252,Low Risk,Priority 4: Standard Loyalty Reward Program
53519,1.0,Loyal Customers,1584.44,3,0,15.0,1,0.954,High Risk,Priority 2: 25% Comeback Voucher + Free Express Delivery
53520,1.0,Hibernating Big Spenders,2279.64,5,1,16.0,1,0.982,High Risk,Priority 2: 25% Comeback Voucher + Free Express Delivery
53521,15.0,Loyal Customers,1899.26,2,1,19.0,0,0.129,Low Risk,Priority 4: Standard Loyalty Reward Program
53522,1.0,Champions,2493.15,3,0,22.0,1,0.951,High Risk,"Priority 1: Executive Concierge Call + ₹1,000 Credit"
53523,11.0,Hibernating Big Spenders,2005.41,2,0,32.0,0,0.03,Low Risk,Priority 4: Standard Loyalty Reward Program
53524,1.0,Champions,2481.44,3,0,13.0,0,0.315,Medium Risk,Priority 3: Personalized Recommendation + Free Shipping
53525,8.0,Hibernating Big Spenders,2003.54,3,0,16.0,0,0.033,Low Risk,Priority 4: Standard Loyalty Reward Program
53526,9.0,Hibernating Big Spenders,1850.53,3,0,15.0,0,0.04,Low Risk,Priority 4: Standard Loyalty Reward Program
53527,1.0,At-Risk High-Value,4363.92,5,0,30.0,1,0.914,High Risk,"Priority 1: Executive Concierge Call + ₹1,000 Credit"
53528,14.0,Hibernating Big Spenders,2859.89,3,0,16.0,0,0.022,Low Risk,Priority 4: Standard Loyalty Reward Program
53529,6.0,At-Risk High-Value,20218.66,5,1,19.0,1,0.992,High Risk,"Priority 1: Executive Concierge Call + ₹1,000 Credit"
53530,16.0,Hibernating Big Spenders,1942.05,5,0,11.0,0,0.043,Low Risk,Priority 4: Standard Loyalty Reward Program
53531,9.0,Lost / Low Value,1623.38,3,0,7.0,0,0.061,Low Risk,Priority 4: Standard Loyalty Reward Program
53532,1.0,Loyal Customers,1770.67,4,0,31.0,0,0.381,Medium Risk,Priority 3: Personalized Recommendation + Free Shipping
53533,1.0,Loyal Customers,1651.65,2,1,19.0,1,0.993,High Risk,Priority 2: 25% Comeback Voucher + Free Express Delivery
53534,1.0,Hibernating Big Spenders,1861.2,2,0,10.0,0,0.088,Low Risk,Priority 4: Standard Loyalty Reward Program
53535,4.0,Hibernating Big Spenders,2098.58,3,0,17.0,0,0.032,Low Risk,Priority 4: Standard Loyalty Reward Program
53536,14.0,Loyal Customers,1861.42,2,1,33.0,0,0.04,Low Risk,Priority 4: Standard Loyalty Reward Program
53537,9.0,Champions,8767.99,4,0,9.0,0,0.058,Low Risk,Priority 4: Standard Loyalty Reward Program
53538,8.0,At-Risk High-Value,4906.82,5,0,7.0,0,0.045,Low Risk,Priority 4: Standard Loyalty Reward Program
53539,9.0,Champions,2454.54,2,0,11.0,0,0.032,Low Risk,Priority 4: Standard Loyalty Reward Program
53540,7.0,Hibernating Big Spenders,1963.06,3,0,16.0,1,0.965,High Risk,Priority 2: 25% Comeback Voucher + Free Express Delivery
53541,6.0,Loyal Customers,1685.97,5,0,9.0,0,0.109,Low Risk,Priority 4: Standard Loyalty Reward Program
53542,30.0,Champions,8921.83,5,0,11.0,0,0.021,Low Risk,Priority 4: Standard Loyalty Reward Program
53543,3.0,Lost / Low Value,1719.41,2,0,13.0,0,0.014,Low Risk,Priority 4: Standard Loyalty Reward Program
53544,1.0,Loyal Customers,1655.72,5,0,16.0,0,0.29,Low Risk,Priority 4: Standard Loyalty Reward Program
53545,19.0,Loyal Customers,1867.47,3,1,14.0,0,0.062,Low Risk,Priority 4: Standard Loyalty Reward Program
53546,11.0,At-Risk High-Value,4174.28,2,0,7.0,0,0.001,Low Risk,Priority 4: Standard Loyalty Reward Program
53547,1.0,Loyal Customers,1708.63,3,0,10.0,0,0.36,Medium Risk,Priority 3: Personalized Recommendation + Free Shipping
53548,8.0,Loyal Customers,1697.96,3,1,17.0,1,0.884,High Risk,Priority 2: 25% Comeback Voucher + Free Express Delivery
53549,27.0,At-Risk High-Value,8554.15,3,0,14.0,0,0.012,Low Risk,Priority 4: Standard Loyalty Reward Program
53550,3.0,Lost / Low Value,1613.48,2,1,22.0,0,0.159,Low Risk,Priority 4: Standard Loyalty Reward Program
53551,1.0,Loyal Customers,1688.83,2,1,10.0,1,0.99,High Risk,Priority 2: 25% Comeback Voucher + Free Express Delivery
53552,20.0,At-Risk High-Value,26002.24,5,0,9.0,0,0.015,Low Risk,Priority 4: Standard Loyalty Reward Program
53553,18.0,Loyal Customers,1626.9,3,0,24.0,0,0.174,Low Risk,Priority 4: Standard Loyalty Reward Program
53554,7.0,Lost / Low Value,1771.0,3,0,9.0,0,0.025,Low Risk,Priority 4: Standard Loyalty Reward Program
53555,5.0,Loyal Customers,1606.77,5,0,12.0,1,0.947,High Risk,Priority 2: 25% Comeback Voucher + Free Express Delivery
53556,4.0,Lost / Low Value,1827.65,5,0,36.0,0,0.124,Low Risk,Priority 4: Standard Loyalty Reward Program
53557,14.0,Loyal Customers,1850.97,4,0,9.0,0,0.058,Low Risk,Priority 4: Standard Loyalty Reward Program
53558,24.0,Champions,5008.74,5,0,9.0,0,0.001,Low Risk,Priority 4: Standard Loyalty Reward Program
53559,2.0,At-Risk High-Value,3453.12,5,0,26.0,0,0.128,Low Risk,Priority 4: Standard Loyalty Reward Program
53560,20.0,Hibernating Big Spenders,3473.91,4,0,22.0,0,0.016,Low Risk,Priority 4: Standard Loyalty Reward Program
53561,9.0,Loyal Customers,2361.26,5,1,24.0,0,0.312,Medium Risk,Priority 3: Personalized Recommendation + Free Shipping
53562,1.0,Loyal Customers,1618.1,4,0,24.0,1,0.904,High Risk,Priority 2: 25% Comeback Voucher + Free Express Delivery
53563,7.0,Loyal Customers,1874.29,3,0,32.0,0,0.028,Low Risk,Priority 4: Standard Loyalty Reward Program
53564,10.0,Lost / Low Value,1676.51,3,0,13.0,0,0.02,Low Risk,Priority 4: Standard Loyalty Reward Program
53565,4.0,At-Risk High-Value,7915.54,3,0,14.0,0,0.034,Low Risk,Priority 4: Standard Loyalty Reward Program
53566,18.0,Hibernating Big Spenders,1874.51,2,0,36.0,0,0.045,Low Risk,Priority 4: Standard Loyalty Reward Program
53567,1.0,Champions,2504.37,2,0,28.0,0,0.144,Low Risk,Priority 4: Standard Loyalty Reward Program
53568,20.0,Hibernating Big Spenders,2186.69,2,0,9.0,0,0.033,Low Risk,Priority 4: Standard Loyalty Reward Program
53569,16.0,Hibernating Big Spenders,2064.92,5,0,9.0,0,0.05,Low Risk,Priority 4: Standard Loyalty Reward Program
53570,31.0,Hibernating Big Spenders,1949.2,2,1,14.0,0,0.028,Low Risk,Priority 4: Standard Loyalty Reward Program
53571,6.0,Champions,2515.1,4,0,20.0,0,0.051,Low Risk,Priority 4: Standard Loyalty Reward Program
53572,6.0,Hibernating Big Spenders,1924.78,3,1,9.0,0,0.051,Low Risk,Priority 4: Standard Loyalty Reward Program
53573,10.0,Champions,10010.88,5,1,7.0,0,0.08,Low Risk,Priority 4: Standard Loyalty Reward Program
53574,7.0,At-Risk High-Value,4202.28,2,0,16.0,0,0.02,Low Risk,Priority 4: Standard Loyalty Reward Program
53575,14.0,Hibernating Big Spenders,2128.72,4,0,17.0,0,0.09,Low Risk,Priority 4: Standard Loyalty Reward Program
53576,1.0,Loyal Customers,1919.5,2,0,17.0,0,0.126,Low Risk,Priority 4: Standard Loyalty Reward Program
53577,4.0,At-Risk High-Value,5306.07,4,1,7.0,0,0.138,Low Risk,Priority 4: Standard Loyalty Reward Program
53578,16.0,Loyal Customers,2826.01,5,1,33.0,0,0.069,Low Risk,Priority 4: Standard Loyalty Reward Program
53579,9.0,Champions,6291.18,2,1,15.0,0,0.131,Low Risk,Priority 4: Standard Loyalty Reward Program
53580,1.0,At-Risk High-Value,5672.98,5,1,21.0,0,0.682,High Risk,"Priority 1: Executive Concierge Call + ₹1,000 Credit"
53581,28.0,Loyal Customers,2530.22,3,0,7.0,0,0.024,Low Risk,Priority 4: Standard Loyalty Reward Program
53582,18.0,At-Risk High-Value,6384.84,2,0,9.0,0,0.082,Low Risk,Priority 4: Standard Loyalty Reward Program
53583,1.0,Loyal Customers,1579.49,4,1,17.0,1,0.999,High Risk,Priority 2: 25% Comeback Voucher + Free Express Delivery
53584,3.0,Loyal Customers,1788.6,2,0,7.0,0,0.01,Low Risk,Priority 4: Standard Loyalty Reward Program
53585,28.0,Hibernating Big Spenders,3330.69,2,0,10.0,0,0.005,Low Risk,Priority 4: Standard Loyalty Reward Program
53586,5.0,Loyal Customers,2126.63,5,1,18.0,0,0.122,Low Risk,Priority 4: Standard Loyalty Reward Program
53587,5.0,Hibernating Big Spenders,2124.32,5,0,31.0,0,0.026,Low Risk,Priority 4: Standard Loyalty Reward Program
53588,31.0,Hibernating Big Spenders,1943.81,2,0,10.0,0,0.009,Low Risk,Priority 4: Standard Loyalty Reward Program
53589,17.0,Hibernating Big Spenders,3546.4,2,0,10.0,0,0.082,Low Risk,Priority 4: Standard Loyalty Reward Program
53590,23.0,Loyal Customers,3433.21,3,0,11.0,0,0.01,Low Risk,Priority 4: Standard Loyalty Reward Program
53591,10.0,Lost / Low Value,1781.12,4,0,10.0,0,0.041,Low Risk,Priority 4: Standard Loyalty Reward Program
53592,22.0,Loyal Customers,1656.49,4,0,9.0,0,0.16,Low Risk,Priority 4: Standard Loyalty Reward Program
53593,1.0,Lost / Low Value,1651.87,3,0,11.0,0,0.141,Low Risk,Priority 4: Standard Loyalty Reward Program
53594,3.0,Loyal Customers,2103.53,2,1,14.0,0,0.057,Low Risk,Priority 4: Standard Loyalty Reward Program
53595,22.0,Loyal Customers,3384.15,2,0,7.0,0,0.011,Low Risk,Priority 4: Standard Loyalty Reward Program
53596,3.0,Hibernating Big Spenders,3148.64,2,0,7.0,0,0.044,Low Risk,Priority 4: Standard Loyalty Reward Program
53597,8.0,Loyal Customers,1659.35,3,0,27.0,0,0.087,Low Risk,Priority 4: Standard Loyalty Reward Program
53598,18.0,At-Risk High-Value,6756.86,4,0,12.0,0,0.052,Low Risk,Priority 4: Standard Loyalty Reward Program
53599,7.0,Hibernating Big Spenders,2296.8,3,1,17.0,0,0.032,Low Risk,Priority 4: Standard Loyalty Reward Program
53600,1.0,Loyal Customers,1704.34,2,1,32.0,0,0.325,Medium Risk,Priority 3: Personalized Recommendation + Free Shipping
53601,1.0,Loyal Customers,1509.53,3,0,7.0,0,0.295,Low Risk,Priority 4: Standard Loyalty Reward Program
53602,1.0,Loyal Customers,1497.98,2,1,31.0,1,0.998,High Risk,Priority 2: 25% Comeback Voucher + Free Express Delivery
53603,1.0,Champions,2536.88,2,1,11.0,0,0.339,Medium Risk,Priority 3: Personalized Recommendation + Free Shipping
53604,9.0,Hibernating Big Spenders,3445.64,4,1,9.0,1,0.996,High Risk,Priority 2: 25% Comeback Voucher + Free Express Delivery
53605,29.0,Champions,22947.76,4,1,15.0,0,0.025,Low Risk,Priority 4: Standard Loyalty Reward Program
53606,1.0,Champions,2495.62,3,0,17.0,1,0.974,High Risk,"Priority 1: Executive Concierge Call + ₹1,000 Credit"
53607,20.0,Hibernating Big Spenders,3441.79,4,0,11.0,0,0.059,Low Risk,Priority 4: Standard Loyalty Reward Program
53608,8.0,Loyal Customers,1874.18,5,1,9.0,0,0.119,Low Risk,Priority 4: Standard Loyalty Reward Program
53609,25.0,At-Risk High-Value,21349.02,4,1,16.0,0,0.029,Low Risk,Priority 4: Standard Loyalty Reward Program
53610,31.0,Champions,7593.96,2,0,25.0,0,0.058,Low Risk,Priority 4: Standard Loyalty Reward Program
53611,8.0,At-Risk High-Value,5591.52,4,0,26.0,0,0.041,Low Risk,Priority 4: Standard Loyalty Reward Program
53612,2.0,Loyal Customers,1611.94,3,1,7.0,0,0.315,Medium Risk,Priority 3: Personalized Recommendation + Free Shipping
53613,18.0,At-Risk High-Value,26144.25,5,0,11.0,0,0.071,Low Risk,Priority 4: Standard Loyalty Reward Program
53614,8.0,Hibernating Big Spenders,1868.9,4,0,18.0,0,0.044,Low Risk,Priority 4: Standard Loyalty Reward Program
53615,9.0,Champions,2640.99,3,1,13.0,0,0.149,Low Risk,Priority 4: Standard Loyalty Reward Program
53616,16.0,Loyal Customers,1635.92,4,1,14.0,0,0.07,Low Risk,Priority 4: Standard Loyalty Reward Program
53617,17.0,Champions,20003.28,2,0,11.0,0,0.138,Low Risk,Priority 4: Standard Loyalty Reward Program
53618,10.0,At-Risk High-Value,5910.3,4,1,9.0,0,0.044,Low Risk,Priority 4: Standard Loyalty Reward Program
53619,8.0,Hibernating Big Spenders,2252.58,2,0,22.0,1,0.562,Medium Risk,Priority 3: Personalized Recommendation + Free Shipping
53620,2.0,Champions,2700.56,2,1,9.0,0,0.225,Low Risk,Priority 4: Standard Loyalty Reward Program
53621,25.0,At-Risk High-Value,6748.72,3,0,13.0,0,0.03,Low Risk,Priority 4: Standard Loyalty Reward Program
53622,4.0,Hibernating Big Spenders,1891.45,3,1,16.0,0,0.04,Low Risk,Priority 4: Standard Loyalty Reward Program
53623,1.0,At-Risk High-Value,6969.16,3,1,14.0,1,0.994,High Risk,"Priority 1: Executive Concierge Call + ₹1,000 Credit"
53624,2.0,Loyal Customers,1603.8,5,0,7.0,0,0.166,Low Risk,Priority 4: Standard Loyalty Reward Program
53625,1.0,Champions,2408.34,4,0,7.0,0,0.19,Low Risk,Priority 4: Standard Loyalty Reward Program
53626,6.0,Hibernating Big Spenders,2057.99,2,0,15.0,0,0.031,Low Risk,Priority 4: Standard Loyalty Reward Program
53627,19.0,Loyal Customers,3361.71,4,0,32.0,0,0.012,Low Risk,Priority 4: Standard Loyalty Reward Program
53628,13.0,Champions,26068.24,4,1,20.0,0,0.046,Low Risk,Priority 4: Standard Loyalty Reward Program
53629,31.0,Champions,2453.88,3,0,30.0,0,0.026,Low Risk,Priority 4: Standard Loyalty Reward Program
53630,1.0,Loyal Customers,1912.13,3,0,14.0,1,0.934,High Risk,Priority 2: 25% Comeback Voucher + Free Express Delivery
53631,3.0,Lost / Low Value,1804.44,5,0,30.0,1,0.849,High Risk,Priority 2: 25% Comeback Voucher + Free Express Delivery
53632,4.0,At-Risk High-Value,6593.9,2,0,13.0,0,0.017,Low Risk,Priority 4: Standard Loyalty Reward Program
53633,10.0,Hibernating Big Spenders,2155.34,3,0,17.0,0,0.091,Low Risk,Priority 4: Standard Loyalty Reward Program
53634,20.0,At-Risk High-Value,5254.59,5,0,7.0,0,0.063,Low Risk,Priority 4: Standard Loyalty Reward Program
53635,2.0,At-Risk High-Value,8436.56,2,0,7.0,0,0.065,Low Risk,Priority 4: Standard Loyalty Reward Program
53636,24.0,Loyal Customers,3231.8,5,1,35.0,0,0.01,Low Risk,Priority 4: Standard Loyalty Reward Program
53637,4.0,Loyal Customers,2375.34,4,1,32.0,1,0.988,High Risk,Priority 2: 25% Comeback Voucher + Free Express Delivery
53638,16.0,Champions,9216.24,4,1,12.0,1,0.99,High Risk,"Priority 1: Executive Concierge Call + ₹1,000 Credit"
53639,4.0,Hibernating Big Spenders,2685.76,5,1,24.0,0,0.08,Low Risk,Priority 4: Standard Loyalty Reward Program
53640,13.0,Hibernating Big Spenders,1873.74,3,0,25.0,0,0.007,Low Risk,Priority 4: Standard Loyalty Reward Program
53641,5.0,Champions,12293.6,3,1,9.0,0,0.078,Low Risk,Priority 4: Standard Loyalty Reward Program
53642,15.0,At-Risk High-Value,12309.66,4,0,17.0,0,0.065,Low Risk,Priority 4: Standard Loyalty Reward Program
53643,1.0,Champions,2442.33,4,1,7.0,1,0.983,High Risk,"Priority 1: Executive Concierge Call + ₹1,000 Credit"
53644,8.0,Loyal Customers,1634.82,5,0,10.0,1,0.84,High Risk,Priority 2: 25% Comeback Voucher + Free Express Delivery
53645,16.0,At-Risk High-Value,5009.57,3,1,9.0,0,0.064,Low Risk,Priority 4: Standard Loyalty Reward Program
53646,29.0,At-Risk High-Value,17427.85,3,0,9.0,0,0.065,Low Risk,Priority 4: Standard Loyalty Reward Program
53647,30.0,At-Risk High-Value,14175.48,4,0,15.0,0,0.007,Low Risk,Priority 4: Standard Loyalty Reward Program
53648,14.0,Loyal Customers,1764.84,3,0,23.0,0,0.041,Low Risk,Priority 4: Standard Loyalty Reward Program
53649,8.0,Loyal Customers,2310.0,2,0,16.0,0,0.105,Low Risk,Priority 4: Standard Loyalty Reward Program
53650,14.0,At-Risk High-Value,8494.7,2,0,9.0,0,0.005,Low Risk,Priority 4: Standard Loyalty Reward Program
53651,15.0,Lost / Low Value,1826.33,5,0,7.0,0,0.009,Low Risk,Priority 4: Standard Loyalty Reward Program
53652,9.0,Loyal Customers,1842.39,3,1,11.0,0,0.081,Low Risk,Priority 4: Standard Loyalty Reward Program
53653,25.0,Hibernating Big Spenders,2917.86,4,1,12.0,0,0.006,Low Risk,Priority 4: Standard Loyalty Reward Program
53654,12.0,Hibernating Big Spenders,2133.23,5,0,9.0,0,0.04,Low Risk,Priority 4: Standard Loyalty Reward Program
53655,8.0,At-Risk High-Value,10243.75,5,0,22.0,0,0.058,Low Risk,Priority 4: Standard Loyalty Reward Program
53656,1.0,Loyal Customers,1778.59,2,0,26.0,0,0.274,Low Risk,Priority 4: Standard Loyalty Reward Program
53657,21.0,Champions,7427.64,5,1,14.0,1,0.962,High Risk,"Priority 1: Executive Concierge Call + ₹1,000 Credit"
53658,14.0,Lost / Low Value,1637.57,4,0,7.0,0,0.043,Low Risk,Priority 4: Standard Loyalty Reward Program
53659,10.0,At-Risk High-Value,6598.52,5,0,14.0,0,0.082,Low Risk,Priority 4: Standard Loyalty Reward Program
53660,22.0,Hibernating Big Spenders,2243.78,2,0,11.0,0,0.014,Low Risk,Priority 4: Standard Loyalty Reward Program
53661,1.0,Loyal Customers,1653.74,2,0,18.0,0,0.163,Low Risk,Priority 4: Standard Loyalty Reward Program
53662,25.0,Hibernating Big Spenders,2820.62,4,0,18.0,0,0.01,Low Risk,Priority 4: Standard Loyalty Reward Program
53663,1.0,Loyal Customers,1552.21,2,0,7.0,0,0.286,Low Risk,Priority 4: Standard Loyalty Reward Program
53664,9.0,Loyal Customers,1964.93,2,0,7.0,0,0.012,Low Risk,Priority 4: Standard Loyalty Reward Program
53665,1.0,Loyal Customers,1932.81,2,0,9.0,0,0.157,Low Risk,Priority 4: Standard Loyalty Reward Program
53666,19.0,At-Risk High-Value,5762.9,3,1,20.0,1,0.984,High Risk,"Priority 1: Executive Concierge Call + ₹1,000 Credit"
53667,30.0,Hibernating Big Spenders,2849.22,4,1,30.0,0,0.061,Low Risk,Priority 4: Standard Loyalty Reward Program
53668,8.0,Loyal Customers,1598.19,3,0,33.0,0,0.069,Low Risk,Priority 4: Standard Loyalty Reward Program
53669,14.0,At-Risk High-Value,12458.82,3,0,9.0,0,0.06,Low Risk,Priority 4: Standard Loyalty Reward Program
53670,8.0,At-Risk High-Value,7888.76,3,0,36.0,0,0.059,Low Risk,Priority 4: Standard Loyalty Reward Program
53671,1.0,Loyal Customers,1681.35,2,0,9.0,1,0.974,High Risk,Priority 2: 25% Comeback Voucher + Free Express Delivery
53672,1.0,Champions,3765.08,3,1,25.0,1,0.99,High Risk,"Priority 1: Executive Concierge Call + ₹1,000 Credit"
53673,12.0,Lost / Low Value,1662.1,3,0,14.0,0,0.019,Low Risk,Priority 4: Standard Loyalty Reward Program
53674,8.0,At-Risk High-Value,5276.42,2,0,9.0,0,0.008,Low Risk,Priority 4: Standard Loyalty Reward Program
53675,2.0,Hibernating Big Spenders,1894.64,5,0,33.0,0,0.074,Low Risk,Priority 4: Standard Loyalty Reward Program
53676,1.0,At-Risk High-Value,7191.42,3,1,29.0,1,0.836,High Risk,"Priority 1: Executive Concierge Call + ₹1,000 Credit"
53677,13.0,Hibernating Big Spenders,2048.2,2,1,28.0,0,0.143,Low Risk,Priority 4: Standard Loyalty Reward Program
53678,25.0,Champions,5081.12,4,0,9.0,0,0.051,Low Risk,Priority 4: Standard Loyalty Reward Program
53679,15.0,At-Risk High-Value,3952.74,2,1,29.0,0,0.034,Low Risk,Priority 4: Standard Loyalty Reward Program
53680,11.0,Lost / Low Value,1704.56,3,1,11.0,0,0.217,Low Risk,Priority 4: Standard Loyalty Reward Program
53681,7.0,Loyal Customers,2474.78,2,0,12.0,0,0.037,Low Risk,Priority 4: Standard Loyalty Reward Program
53682,6.0,Loyal Customers,1823.58,4,1,9.0,0,0.137,Low Risk,Priority 4: Standard Loyalty Reward Program
53683,13.0,Hibernating Big Spenders,2576.2,3,0,32.0,0,0.028,Low Risk,Priority 4: Standard Loyalty Reward Program
53684,1.0,Loyal Customers,2060.52,3,0,25.0,0,0.329,Medium Risk,Priority 3: Personalized Recommendation + Free Shipping
53685,26.0,Loyal Customers,2832.17,3,1,35.0,0,0.025,Low Risk,Priority 4: Standard Loyalty Reward Program
53686,17.0,Lost / Low Value,1823.91,3,1,13.0,0,0.015,Low Risk,Priority 4: Standard Loyalty Reward Program
53687,1.0,At-Risk High-Value,5023.97,2,1,17.0,0,0.27,Low Risk,Priority 4: Standard Loyalty Reward Program
53688,1.0,At-Risk High-Value,6553.36,3,1,24.0,1,0.997,High Risk,"Priority 1: Executive Concierge Call + ₹1,000 Credit"
53689,1.0,Loyal Customers,1804.44,2,0,9.0,0,0.133,Low Risk,Priority 4: Standard Loyalty Reward Program
53690,16.0,Hibernating Big Spenders,3222.89,5,0,17.0,0,0.015,Low Risk,Priority 4: Standard Loyalty Reward Program
53691,26.0,Lost / Low Value,1699.5,5,0,15.0,0,0.051,Low Risk,Priority 4: Standard Loyalty Reward Program
53692,11.0,Loyal Customers,1774.19,3,0,18.0,0,0.017,Low Risk,Priority 4: Standard Loyalty Reward Program
53693,9.0,Champions,3607.23,2,0,25.0,0,0.114,Low Risk,Priority 4: Standard Loyalty Reward Program
53694,1.0,Loyal Customers,1730.19,2,0,7.0,0,0.319,Medium Risk,Priority 3: Personalized Recommendation + Free Shipping
53695,1.0,Lost / Low Value,1768.58,5,0,14.0,0,0.203,Low Risk,Priority 4: Standard Loyalty Reward Program
53696,3.0,Hibernating Big Spenders,2253.68,5,0,24.0,0,0.046,Low Risk,Priority 4: Standard Loyalty Reward Program
53697,1.0,Hibernating Big Spenders,1846.24,5,0,35.0,1,0.838,High Risk,Priority 2: 25% Comeback Voucher + Free Express Delivery
53698,1.0,At-Risk High-Value,8823.32,2,1,21.0,1,0.958,High Risk,"Priority 1: Executive Concierge Call + ₹1,000 Credit"
53699,28.0,At-Risk High-Value,21327.02,2,0,7.0,0,0.02,Low Risk,Priority 4: Standard Loyalty Reward Program
53700,31.0,Hibernating Big Spenders,3542.11,5,1,7.0,0,0.058,Low Risk,Priority 4: Standard Loyalty Reward Program
53701,29.0,Loyal Customers,2995.52,2,0,7.0,0,0.001,Low Risk,Priority 4: Standard Loyalty Reward Program
53702,10.0,Loyal Customers,2395.58,4,1,10.0,0,0.212,Low Risk,Priority 4: Standard Loyalty Reward Program
53703,1.0,Loyal Customers,1524.49,3,0,7.0,1,0.948,High Risk,Priority 2: 25% Comeback Voucher + Free Express Delivery
53704,4.0,Loyal Customers,1900.69,5,0,14.0,0,0.069,Low Risk,Priority 4: Standard Loyalty Reward Program
53705,5.0,Loyal Customers,3181.42,4,0,15.0,0,0.022,Low Risk,Priority 4: Standard Loyalty Reward Program
53706,8.0,Lost / Low Value,1704.56,5,0,7.0,0,0.112,Low Risk,Priority 4: Standard Loyalty Reward Program
53707,1.0,Loyal Customers,1513.71,4,0,15.0,1,0.844,High Risk,Priority 2: 25% Comeback Voucher + Free Express Delivery
53708,1.0,Lost / Low Value,1605.89,5,0,18.0,0,0.255,Low Risk,Priority 4: Standard Loyalty Reward Program
53709,10.0,Hibernating Big Spenders,2014.1,2,0,11.0,0,0.012,Low Risk,Priority 4: Standard Loyalty Reward Program
53710,10.0,Loyal Customers,1996.17,5,0,23.0,0,0.075,Low Risk,Priority 4: Standard Loyalty Reward Program
53711,21.0,Loyal Customers,1751.2,2,0,7.0,0,0.039,Low Risk,Priority 4: Standard Loyalty Reward Program
53712,1.0,Champions,2788.5,5,0,16.0,1,0.98,High Risk,"Priority 1: Executive Concierge Call + ₹1,000 Credit"
53713,11.0,Lost / Low Value,1760.0,3,0,12.0,0,0.015,Low Risk,Priority 4: Standard Loyalty Reward Program
53714,30.0,Loyal Customers,1602.26,5,0,7.0,0,0.119,Low Risk,Priority 4: Standard Loyalty Reward Program
53715,21.0,At-Risk High-Value,9790.77,3,0,9.0,0,0.007,Low Risk,Priority 4: Standard Loyalty Reward Program
53716,1.0,Lost / Low Value,1832.82,3,1,11.0,0,0.292,Low Risk,Priority 4: Standard Loyalty Reward Program
53717,6.0,Loyal Customers,2387.44,2,0,14.0,0,0.038,Low Risk,Priority 4: Standard Loyalty Reward Program
53718,8.0,Loyal Customers,1737.34,4,0,7.0,0,0.053,Low Risk,Priority 4: Standard Loyalty Reward Program
53719,15.0,Lost / Low Value,1608.97,3,1,12.0,0,0.206,Low Risk,Priority 4: Standard Loyalty Reward Program
53720,14.0,Lost / Low Value,1812.25,3,0,16.0,0,0.022,Low Risk,Priority 4: Standard Loyalty Reward Program
53721,5.0,Hibernating Big Spenders,2562.23,2,0,15.0,0,0.068,Low Risk,Priority 4: Standard Loyalty Reward Program
53722,10.0,Champions,6213.9,1,0,16.0,1,0.948,High Risk,"Priority 1: Executive Concierge Call + ₹1,000 Credit"
53723,3.0,Loyal Customers,1776.06,5,1,9.0,1,0.99,High Risk,Priority 2: 25% Comeback Voucher + Free Express Delivery
53724,1.0,At-Risk High-Value,5485.15,4,0,7.0,1,0.993,High Risk,"Priority 1: Executive Concierge Call + ₹1,000 Credit"
53725,19.0,Hibernating Big Spenders,2568.61,5,1,27.0,0,0.029,Low Risk,Priority 4: Standard Loyalty Reward Program
53726,5.0,Loyal Customers,1606.99,4,0,15.0,0,0.04,Low Risk,Priority 4: Standard Loyalty Reward Program
53727,1.0,Champions,2676.63,1,1,9.0,1,0.832,High Risk,"Priority 1: Executive Concierge Call + ₹1,000 Credit"
53728,19.0,Loyal Customers,2406.8,1,1,36.0,0,0.06,Low Risk,Priority 4: Standard Loyalty Reward Program
53729,22.0,Champions,2967.69,5,0,14.0,0,0.031,Low Risk,Priority 4: Standard Loyalty Reward Program
53730,1.0,Champions,2514.93,3,0,16.0,1,0.911,High Risk,"Priority 1: Executive Concierge Call + ₹1,000 Credit"
53731,14.0,At-Risk High-Value,7220.68,4,0,15.0,0,0.02,Low Risk,Priority 4: Standard Loyalty Reward Program
53732,2.0,Loyal Customers,2305.93,5,0,12.0,0,0.084,Low Risk,Priority 4: Standard Loyalty Reward Program
53733,18.0,Lost / Low Value,1722.82,3,0,12.0,0,0.05,Low Risk,Priority 4: Standard Loyalty Reward Program
53734,27.0,At-Risk High-Value,14403.51,4,0,9.0,0,0.005,Low Risk,Priority 4: Standard Loyalty Reward Program
53735,23.0,Loyal Customers,2106.61,3,0,12.0,0,0.018,Low Risk,Priority 4: Standard Loyalty Reward Program
53736,14.0,Loyal Customers,1632.95,3,0,9.0,0,0.025,Low Risk,Priority 4: Standard Loyalty Reward Program
53737,18.0,Lost / Low Value,1751.2,4,0,27.0,0,0.03,Low Risk,Priority 4: Standard Loyalty Reward Program
53738,7.0,Hibernating Big Spenders,1856.03,5,0,14.0,0,0.075,Low Risk,Priority 4: Standard Loyalty Reward Program
53739,8.0,At-Risk High-Value,3796.98,5,0,10.0,0,0.121,Low Risk,Priority 4: Standard Loyalty Reward Program
53740,4.0,Champions,2937.16,3,0,23.0,0,0.041,Low Risk,Priority 4: Standard Loyalty Reward Program
53741,16.0,At-Risk High-Value,5337.09,1,0,16.0,0,0.033,Low Risk,Priority 4: Standard Loyalty Reward Program
53742,18.0,Loyal Customers,1899.48,3,0,7.0,0,0.066,Low Risk,Priority 4: Standard Loyalty Reward Program
53743,4.0,Loyal Customers,1515.14,3,0,14.0,0,0.076,Low Risk,Priority 4: Standard Loyalty Reward Program
53744,51.0,At-Risk High-Value,2871.0,3,0,7.0,0,0.017,Low Risk,Priority 4: Standard Loyalty Reward Program
53745,23.0,Loyal Customers,2526.26,4,0,14.0,0,0.023,Low Risk,Priority 4: Standard Loyalty Reward Program
53746,8.0,At-Risk High-Value,11360.2,5,0,22.0,0,0.054,Low Risk,Priority 4: Standard Loyalty Reward Program
53747,1.0,Loyal Customers,1694.99,3,0,7.0,1,0.956,High Risk,Priority 2: 25% Comeback Voucher + Free Express Delivery
53748,1.0,Loyal Customers,2009.15,4,0,20.0,1,0.995,High Risk,Priority 2: 25% Comeback Voucher + Free Express Delivery
53749,1.0,At-Risk High-Value,10344.9,4,1,31.0,1,0.968,High Risk,"Priority 1: Executive Concierge Call + ₹1,000 Credit"
53750,9.0,Loyal Customers,1639.44,3,0,14.0,0,0.096,Low Risk,Priority 4: Standard Loyalty Reward Program
53751,1.0,Loyal Customers,1723.92,5,1,16.0,1,0.982,High Risk,Priority 2: 25% Comeback Voucher + Free Express Delivery
53752,1.0,Loyal Customers,1598.63,4,0,20.0,0,0.601,High Risk,Priority 2: 25% Comeback Voucher + Free Express Delivery
53753,18.0,Champions,3746.99,3,1,9.0,0,0.14,Low Risk,Priority 4: Standard Loyalty Reward Program
53754,3.0,Loyal Customers,2323.2,3,0,26.0,0,0.033,Low Risk,Priority 4: Standard Loyalty Reward Program
53755,4.0,Lost / Low Value,1602.04,3,0,7.0,0,0.003,Low Risk,Priority 4: Standard Loyalty Reward Program
53756,29.0,Loyal Customers,1818.85,3,1,11.0,0,0.012,Low Risk,Priority 4: Standard Loyalty Reward Program
53757,7.0,Loyal Customers,1797.18,4,0,11.0,0,0.041,Low Risk,Priority 4: Standard Loyalty Reward Program
53758,21.0,Loyal Customers,1880.01,3,1,21.0,0,0.157,Low Risk,Priority 4: Standard Loyalty Reward Program
53759,1.0,Loyal Customers,1656.71,5,0,9.0,1,0.979,High Risk,Priority 2: 25% Comeback Voucher + Free Express Delivery
53760,2.0,Loyal Customers,1546.93,3,0,7.0,0,0.065,Low Risk,Priority 4: Standard Loyalty Reward Program
53761,2.0,Hibernating Big Spenders,1913.78,5,0,14.0,0,0.07,Low Risk,Priority 4: Standard Loyalty Reward Program
53762,23.0,Loyal Customers,1901.79,5,0,10.0,0,0.018,Low Risk,Priority 4: Standard Loyalty Reward Program
53763,3.0,Loyal Customers,1724.8,4,0,9.0,0,0.024,Low Risk,Priority 4: Standard Loyalty Reward Program
53764,2.0,Hibernating Big Spenders,2095.39,4,0,36.0,0,0.065,Low Risk,Priority 4: Standard Loyalty Reward Program
53765,7.0,Loyal Customers,2077.68,3,1,15.0,0,0.189,Low Risk,Priority 4: Standard Loyalty Reward Program
53766,6.0,Loyal Customers,2611.84,1,0,17.0,0,0.035,Low Risk,Priority 4: Standard Loyalty Reward Program
53767,28.0,Hibernating Big Spenders,3138.52,1,0,18.0,0,0.001,Low Risk,Priority 4: Standard Loyalty Reward Program
53768,1.0,Lost / Low Value,1634.82,5,0,7.0,1,0.967,High Risk,Priority 2: 25% Comeback Voucher + Free Express Delivery
53769,18.0,At-Risk High-Value,23783.1,5,0,35.0,0,0.065,Low Risk,Priority 4: Standard Loyalty Reward Program
53770,13.0,Champions,3444.54,4,0,13.0,0,0.027,Low Risk,Priority 4: Standard Loyalty Reward Program
53771,20.0,Champions,9604.98,4,0,10.0,0,0.039,Low Risk,Priority 4: Standard Loyalty Reward Program
53772,9.0,Champions,4643.32,4,0,23.0,0,0.048,Low Risk,Priority 4: Standard Loyalty Reward Program
53773,1.0,Loyal Customers,1624.92,3,0,27.0,0,0.195,Low Risk,Priority 4: Standard Loyalty Reward Program
53774,4.0,Loyal Customers,1596.98,5,0,16.0,1,0.863,High Risk,Priority 2: 25% Comeback Voucher + Free Express Delivery
53775,8.0,At-Risk High-Value,9693.59,3,1,7.0,0,0.161,Low Risk,Priority 4: Standard Loyalty Reward Program
53776,1.0,At-Risk High-Value,7296.96,3,0,10.0,1,0.992,High Risk,"Priority 1: Executive Concierge Call + ₹1,000 Credit"
53777,24.0,At-Risk High-Value,20721.47,1,1,29.0,0,0.025,Low Risk,Priority 4: Standard Loyalty Reward Program
53778,8.0,At-Risk High-Value,4886.64,3,1,14.0,0,0.199,Low Risk,Priority 4: Standard Loyalty Reward Program
53779,16.0,Loyal Customers,1907.51,4,0,9.0,0,0.042,Low Risk,Priority 4: Standard Loyalty Reward Program
53780,11.0,At-Risk High-Value,3692.7,1,0,20.0,0,0.027,Low Risk,Priority 4: Standard Loyalty Reward Program
53781,3.0,Loyal Customers,2443.65,5,0,15.0,0,0.035,Low Risk,Priority 4: Standard Loyalty Reward Program
53782,7.0,Loyal Customers,1850.2,4,0,32.0,0,0.06,Low Risk,Priority 4: Standard Loyalty Reward Program
53783,19.0,Lost / Low Value,1609.52,1,0,35.0,0,0.026,Low Risk,Priority 4: Standard Loyalty Reward Program
53784,16.0,Champions,17420.48,1,1,9.0,0,0.05,Low Risk,Priority 4: Standard Loyalty Reward Program
53785,14.0,Champions,7908.12,5,0,16.0,0,0.039,Low Risk,Priority 4: Standard Loyalty Reward Program
53786,7.0,At-Risk High-Value,5843.31,3,1,35.0,0,0.058,Low Risk,Priority 4: Standard Loyalty Reward Program
53787,14.0,At-Risk High-Value,12732.28,1,1,13.0,0,0.008,Low Risk,Priority 4: Standard Loyalty Reward Program
53788,1.0,Loyal Customers,1627.56,5,0,28.0,0,0.315,Medium Risk,Priority 3: Personalized Recommendation + Free Shipping
53789,14.0,Champions,2733.88,1,1,15.0,0,0.026,Low Risk,Priority 4: Standard Loyalty Reward Program
53790,19.0,At-Risk High-Value,8774.04,4,0,7.0,0,0.058,Low Risk,Priority 4: Standard Loyalty Reward Program
53791,9.0,Champions,4105.75,3,0,7.0,0,0.028,Low Risk,Priority 4: Standard Loyalty Reward Program
53792,6.0,At-Risk High-Value,3032.37,4,0,12.0,0,0.012,Low Risk,Priority 4: Standard Loyalty Reward Program
53793,10.0,Loyal Customers,1665.84,1,1,9.0,0,0.126,Low Risk,Priority 4: Standard Loyalty Reward Program
53794,22.0,At-Risk High-Value,8333.16,3,0,23.0,0,0.031,Low Risk,Priority 4: Standard Loyalty Reward Program
53795,3.0,Loyal Customers,1644.61,3,0,16.0,0,0.111,Low Risk,Priority 4: Standard Loyalty Reward Program
53796,7.0,Champions,3117.18,5,0,15.0,0,0.058,Low Risk,Priority 4: Standard Loyalty Reward Program
53797,1.0,Champions,8552.39,5,0,7.0,1,0.921,High Risk,"Priority 1: Executive Concierge Call + ₹1,000 Credit"
53798,12.0,Loyal Customers,2043.47,3,0,17.0,0,0.056,Low Risk,Priority 4: Standard Loyalty Reward Program
53799,9.0,Loyal Customers,1644.5,5,0,7.0,0,0.064,Low Risk,Priority 4: Standard Loyalty Reward Program
53800,4.0,Loyal Customers,2392.5,4,0,36.0,0,0.055,Low Risk,Priority 4: Standard Loyalty Reward Program
53801,1.0,Loyal Customers,1603.14,5,1,9.0,1,0.974,High Risk,Priority 2: 25% Comeback Voucher + Free Express Delivery
53802,17.0,Loyal Customers,2493.59,1,0,9.0,1,0.759,High Risk,Priority 2: 25% Comeback Voucher + Free Express Delivery
53803,2.0,Hibernating Big Spenders,1909.05,4,0,9.0,1,0.832,High Risk,Priority 2: 25% Comeback Voucher + Free Express Delivery
53804,6.0,Loyal Customers,1824.57,5,0,7.0,0,0.086,Low Risk,Priority 4: Standard Loyalty Reward Program
53805,22.0,At-Risk High-Value,6541.48,5,0,22.0,0,0.118,Low Risk,Priority 4: Standard Loyalty Reward Program
53806,8.0,Loyal Customers,1701.92,1,0,14.0,0,0.053,Low Risk,Priority 4: Standard Loyalty Reward Program
53807,29.0,At-Risk High-Value,5294.19,1,0,33.0,0,0.038,Low Risk,Priority 4: Standard Loyalty Reward Program
53808,8.0,Champions,2967.36,1,0,7.0,0,0.069,Low Risk,Priority 4: Standard Loyalty Reward Program
53809,1.0,Loyal Customers,1601.71,1,0,10.0,0,0.196,Low Risk,Priority 4: Standard Loyalty Reward Program
53810,12.0,Champions,9866.56,4,0,21.0,0,0.15,Low Risk,Priority 4: Standard Loyalty Reward Program
53811,12.0,Loyal Customers,1836.78,4,0,23.0,0,0.052,Low Risk,Priority 4: Standard Loyalty Reward Program
53812,10.0,Loyal Customers,2124.65,3,0,7.0,0,0.067,Low Risk,Priority 4: Standard Loyalty Reward Program
53813,3.0,At-Risk High-Value,1894.53,5,1,10.0,0,0.111,Low Risk,Priority 4: Standard Loyalty Reward Program
53814,9.0,At-Risk High-Value,2050.62,3,1,17.0,0,0.051,Low Risk,Priority 4: Standard Loyalty Reward Program
53815,13.0,At-Risk High-Value,9124.28,3,0,13.0,0,0.056,Low Risk,Priority 4: Standard Loyalty Reward Program
53816,3.0,Champions,2348.83,1,0,9.0,0,0.038,Low Risk,Priority 4: Standard Loyalty Reward Program
53817,24.0,Champions,3501.41,3,1,6.0,0,0.051,Low Risk,Priority 4: Standard Loyalty Reward Program
53818,1.0,Champions,2404.54,3,0,17.0,0,0.07,Low Risk,Priority 4: Standard Loyalty Reward Program
53819,10.0,Champions,1986.82,5,1,13.0,0,0.033,Low Risk,Priority 4: Standard Loyalty Reward Program
53820,16.0,Champions,3532.43,1,0,16.0,0,0.052,Low Risk,Priority 4: Standard Loyalty Reward Program
53821,9.0,At-Risk High-Value,6124.2,3,0,35.0,0,0.005,Low Risk,Priority 4: Standard Loyalty Reward Program
53822,8.0,At-Risk High-Value,7727.72,3,0,17.0,0,0.017,Low Risk,Priority 4: Standard Loyalty Reward Program
53823,14.0,Champions,1885.29,5,0,21.0,0,0.026,Low Risk,Priority 4: Standard Loyalty Reward Program
53824,17.0,Champions,1911.36,4,0,34.0,0,0.029,Low Risk,Priority 4: Standard Loyalty Reward Program
53825,9.0,Loyal Customers,1670.9,1,0,14.0,0,0.03,Low Risk,Priority 4: Standard Loyalty Reward Program
53826,20.0,At-Risk High-Value,3307.37,5,0,7.0,0,0.016,Low Risk,Priority 4: Standard Loyalty Reward Program
53827,1.0,Loyal Customers,1639.88,4,1,31.0,1,0.991,High Risk,Priority 2: 25% Comeback Voucher + Free Express Delivery
53828,1.0,At-Risk High-Value,1684.54,3,1,33.0,0,0.266,Low Risk,Priority 4: Standard Loyalty Reward Program
53829,24.0,At-Risk High-Value,2611.95,3,1,27.0,0,0.016,Low Risk,Priority 4: Standard Loyalty Reward Program
53830,6.0,Loyal Customers,1739.32,1,0,12.0,0,0.011,Low Risk,Priority 4: Standard Loyalty Reward Program
53831,18.0,At-Risk High-Value,3470.39,1,1,14.0,0,0.059,Low Risk,Priority 4: Standard Loyalty Reward Program
53832,4.0,Loyal Customers,1610.51,4,0,14.0,0,0.043,Low Risk,Priority 4: Standard Loyalty Reward Program
53833,19.0,At-Risk High-Value,2009.59,5,1,12.0,0,0.02,Low Risk,Priority 4: Standard Loyalty Reward Program
53834,19.0,At-Risk High-Value,4643.38,5,0,33.0,0,0.034,Low Risk,Priority 4: Standard Loyalty Reward Program
53835,5.0,At-Risk High-Value,1961.52,5,0,9.0,0,0.111,Low Risk,Priority 4: Standard Loyalty Reward Program
53836,10.0,Champions,1887.93,3,1,19.0,0,0.073,Low Risk,Priority 4: Standard Loyalty Reward Program
53837,8.0,Champions,7578.56,1,0,17.0,0,0.017,Low Risk,Priority 4: Standard Loyalty Reward Program
53838,23.0,At-Risk High-Value,1728.21,5,0,32.0,0,0.019,Low Risk,Priority 4: Standard Loyalty Reward Program
53839,13.0,At-Risk High-Value,7865.88,5,0,17.0,0,0.024,Low Risk,Priority 4: Standard Loyalty Reward Program
53840,1.0,At-Risk High-Value,1822.26,5,0,26.0,0,0.212,Low Risk,Priority 4: Standard Loyalty Reward Program
53841,9.0,At-Risk High-Value,1947.88,5,0,25.0,0,0.012,Low Risk,Priority 4: Standard Loyalty Reward Program
53842,2.0,Loyal Customers,275.0,5,0,34.0,0,0.198,Low Risk,Priority 4: Standard Loyalty Reward Program
53843,1.0,Champions,2576.8,1,0,12.0,0,0.076,Low Risk,Priority 4: Standard Loyalty Reward Program
53844,1.0,Loyal Customers,1547.59,1,1,10.0,1,0.984,High Risk,Priority 2: 25% Comeback Voucher + Free Express Delivery
53845,21.0,Champions,3537.38,3,0,33.0,0,0.017,Low Risk,Priority 4: Standard Loyalty Reward Program
53846,13.0,At-Risk High-Value,1712.59,3,0,10.0,0,0.02,Low Risk,Priority 4: Standard Loyalty Reward Program
53847,14.0,Champions,18921.38,3,0,22.0,0,0.096,Low Risk,Priority 4: Standard Loyalty Reward Program
53848,9.0,At-Risk High-Value,2746.92,3,0,15.0,0,0.017,Low Risk,Priority 4: Standard Loyalty Reward Program
53849,11.0,Champions,2009.48,3,0,26.0,0,0.012,Low Risk,Priority 4: Standard Loyalty Reward Program
53850,13.0,At-Risk High-Value,3859.24,3,0,11.0,0,0.006,Low Risk,Priority 4: Standard Loyalty Reward Program
53851,19.0,At-Risk High-Value,4019.4,1,0,9.0,0,0.02,Low Risk,Priority 4: Standard Loyalty Reward Program
53852,12.0,Champions,2228.16,3,1,9.0,0,0.045,Low Risk,Priority 4: Standard Loyalty Reward Program
53853,1.0,Champions,8780.31,5,0,17.0,1,0.985,High Risk,"Priority 1: Executive Concierge Call + ₹1,000 Credit"
53854,11.0,At-Risk High-Value,7231.84,4,0,17.0,0,0.064,Low Risk,Priority 4: Standard Loyalty Reward Program
53855,14.0,At-Risk High-Value,4497.9,1,1,23.0,0,0.081,Low Risk,Priority 4: Standard Loyalty Reward Program
53856,18.0,Champions,2006.73,1,1,7.0,0,0.037,Low Risk,Priority 4: Standard Loyalty Reward Program
53857,22.0,Champions,4570.83,1,0,11.0,0,0.006,Low Risk,Priority 4: Standard Loyalty Reward Program
53858,1.0,Champions,2960.1,1,1,22.0,1,0.996,High Risk,"Priority 1: Executive Concierge Call + ₹1,000 Credit"
53859,1.0,At-Risk High-Value,1788.6,1,1,9.0,0,0.362,Medium Risk,Priority 3: Personalized Recommendation + Free Shipping
53860,1.0,Loyal Customers,1761.87,3,0,15.0,0,0.098,Low Risk,Priority 4: Standard Loyalty Reward Program
53861,1.0,Loyal Customers,1658.8,1,0,9.0,0,0.3,Medium Risk,Priority 3: Personalized Recommendation + Free Shipping
53862,4.0,At-Risk High-Value,1613.26,5,1,14.0,1,0.907,High Risk,"Priority 1: Executive Concierge Call + ₹1,000 Credit"
53863,3.0,At-Risk High-Value,2020.59,3,0,17.0,0,0.082,Low Risk,Priority 4: Standard Loyalty Reward Program
53864,10.0,Champions,2255.88,5,0,12.0,0,0.062,Low Risk,Priority 4: Standard Loyalty Reward Program
53865,1.0,At-Risk High-Value,1947.66,3,0,9.0,0,0.079,Low Risk,Priority 4: Standard Loyalty Reward Program
53866,13.0,Champions,1957.45,4,0,19.0,0,0.039,Low Risk,Priority 4: Standard Loyalty Reward Program
53867,23.0,Champions,3180.43,4,0,29.0,0,0.012,Low Risk,Priority 4: Standard Loyalty Reward Program
53868,24.0,At-Risk High-Value,2834.59,5,0,24.0,0,0.007,Low Risk,Priority 4: Standard Loyalty Reward Program
53869,1.0,Champions,2521.7,3,0,9.0,0,0.322,Medium Risk,Priority 3: Personalized Recommendation + Free Shipping
53870,8.0,At-Risk High-Value,7890.52,4,0,10.0,0,0.03,Low Risk,Priority 4: Standard Loyalty Reward Program
53871,10.0,At-Risk High-Value,1596.43,4,0,14.0,0,0.083,Low Risk,Priority 4: Standard Loyalty Reward Program
53872,23.0,At-Risk High-Value,4366.89,3,1,13.0,0,0.0,Low Risk,Priority 4: Standard Loyalty Reward Program
53873,10.0,Champions,1856.14,3,0,7.0,0,0.019,Low Risk,Priority 4: Standard Loyalty Reward Program
53874,10.0,At-Risk High-Value,2127.62,5,0,10.0,0,0.033,Low Risk,Priority 4: Standard Loyalty Reward Program
53875,28.0,At-Risk High-Value,8229.65,3,0,29.0,0,0.008,Low Risk,Priority 4: Standard Loyalty Reward Program
53876,17.0,At-Risk High-Value,11589.66,3,0,22.0,0,0.007,Low Risk,Priority 4: Standard Loyalty Reward Program
53877,1.0,At-Risk High-Value,6576.18,1,1,19.0,1,0.995,High Risk,"Priority 1: Executive Concierge Call + ₹1,000 Credit"
53878,12.0,At-Risk High-Value,2843.77,1,0,7.0,0,0.025,Low Risk,Priority 4: Standard Loyalty Reward Program
53879,3.0,At-Risk High-Value,1835.57,4,1,12.0,0,0.028,Low Risk,Priority 4: Standard Loyalty Reward Program
53880,7.0,At-Risk High-Value,1980.55,1,0,9.0,0,0.019,Low Risk,Priority 4: Standard Loyalty Reward Program
53881,6.0,At-Risk High-Value,1976.7,4,0,9.0,0,0.045,Low Risk,Priority 4: Standard Loyalty Reward Program
53882,5.0,Champions,1977.36,1,0,12.0,0,0.01,Low Risk,Priority 4: Standard Loyalty Reward Program
53883,23.0,Champions,2489.36,5,1,23.0,0,0.075,Low Risk,Priority 4: Standard Loyalty Reward Program
53884,12.0,At-Risk High-Value,3286.8,4,0,9.0,0,0.034,Low Risk,Priority 4: Standard Loyalty Reward Program
53885,21.0,Champions,3131.92,4,0,9.0,0,0.01,Low Risk,Priority 4: Standard Loyalty Reward Program
53886,23.0,Champions,3066.69,3,0,7.0,0,0.004,Low Risk,Priority 4: Standard Loyalty Reward Program
53887,15.0,Champions,2154.02,3,1,30.0,0,0.24,Low Risk,Priority 4: Standard Loyalty Reward Program
53888,1.0,Loyal Customers,1675.08,5,0,16.0,0,0.352,Medium Risk,Priority 3: Personalized Recommendation + Free Shipping
53889,7.0,Champions,1965.48,1,1,23.0,0,0.055,Low Risk,Priority 4: Standard Loyalty Reward Program
53890,10.0,Champions,1963.17,3,0,33.0,0,0.014,Low Risk,Priority 4: Standard Loyalty Reward Program
53891,18.0,Champions,2589.67,1,1,7.0,0,0.064,Low Risk,Priority 4: Standard Loyalty Reward Program
53892,1.0,Loyal Customers,1813.79,3,1,15.0,1,0.981,High Risk,Priority 2: 25% Comeback Voucher + Free Express Delivery
53893,12.0,Loyal Customers,1738.66,3,0,11.0,0,0.032,Low Risk,Priority 4: Standard Loyalty Reward Program
53894,27.0,Champions,2145.55,1,0,31.0,0,0.031,Low Risk,Priority 4: Standard Loyalty Reward Program
53895,12.0,At-Risk High-Value,6668.2,3,1,14.0,1,0.966,High Risk,"Priority 1: Executive Concierge Call + ₹1,000 Credit"
53896,1.0,Loyal Customers,1528.23,4,0,9.0,1,0.95,High Risk,Priority 2: 25% Comeback Voucher + Free Express Delivery
53897,1.0,At-Risk High-Value,4973.1,1,0,14.0,0,0.137,Low Risk,Priority 4: Standard Loyalty Reward Program
53898,29.0,Loyal Customers,1764.07,4,0,29.0,0,0.026,Low Risk,Priority 4: Standard Loyalty Reward Program
53899,8.0,At-Risk High-Value,4533.65,1,0,12.0,0,0.01,Low Risk,Priority 4: Standard Loyalty Reward Program
53900,31.0,Champions,2572.13,1,0,7.0,0,0.031,Low Risk,Priority 4: Standard Loyalty Reward Program
53901,7.0,At-Risk High-Value,2397.12,4,0,28.0,0,0.006,Low Risk,Priority 4: Standard Loyalty Reward Program
53902,11.0,Champions,2422.75,1,0,7.0,0,0.031,Low Risk,Priority 4: Standard Loyalty Reward Program
53903,8.0,At-Risk High-Value,7637.36,1,0,26.0,0,0.04,Low Risk,Priority 4: Standard Loyalty Reward Program
53904,1.0,Loyal Customers,1625.25,1,1,14.0,1,0.989,High Risk,Priority 2: 25% Comeback Voucher + Free Express Delivery
53905,18.0,At-Risk High-Value,7845.92,1,1,9.0,0,0.01,Low Risk,Priority 4: Standard Loyalty Reward Program
53906,9.0,At-Risk High-Value,1917.3,1,1,9.0,0,0.046,Low Risk,Priority 4: Standard Loyalty Reward Program
53907,17.0,At-Risk High-Value,10071.76,1,1,9.0,0,0.022,Low Risk,Priority 4: Standard Loyalty Reward Program
53908,1.0,At-Risk High-Value,1859.11,3,0,16.0,0,0.082,Low Risk,Priority 4: Standard Loyalty Reward Program
53909,15.0,Champions,10761.79,3,0,13.0,0,0.099,Low Risk,Priority 4: Standard Loyalty Reward Program
53910,3.0,Loyal Customers,1702.14,3,0,16.0,0,0.056,Low Risk,Priority 4: Standard Loyalty Reward Program
53911,10.0,At-Risk High-Value,6545.77,1,0,9.0,0,0.089,Low Risk,Priority 4: Standard Loyalty Reward Program
53912,19.0,At-Risk High-Value,2557.28,3,0,7.0,0,0.011,Low Risk,Priority 4: Standard Loyalty Reward Program
53913,1.0,Loyal Customers,1546.05,3,0,29.0,1,0.979,High Risk,Priority 2: 25% Comeback Voucher + Free Express Delivery
53914,11.0,At-Risk High-Value,2797.96,3,0,16.0,1,0.964,High Risk,"Priority 1: Executive Concierge Call + ₹1,000 Credit"
53915,1.0,Loyal Customers,1628.55,3,0,24.0,0,0.2,Low Risk,Priority 4: Standard Loyalty Reward Program
53916,19.0,At-Risk High-Value,14455.98,4,0,35.0,0,0.013,Low Risk,Priority 4: Standard Loyalty Reward Program
53917,6.0,At-Risk High-Value,1752.63,3,0,17.0,0,0.03,Low Risk,Priority 4: Standard Loyalty Reward Program
53918,5.0,At-Risk High-Value,1757.47,3,0,9.0,0,0.006,Low Risk,Priority 4: Standard Loyalty Reward Program
53919,15.0,Champions,2082.3,4,0,11.0,0,0.054,Low Risk,Priority 4: Standard Loyalty Reward Program
53920,14.0,Champions,2091.76,5,1,15.0,0,0.039,Low Risk,Priority 4: Standard Loyalty Reward Program
53921,1.0,Loyal Customers,1804.77,5,0,36.0,0,0.174,Low Risk,Priority 4: Standard Loyalty Reward Program
53922,20.0,At-Risk High-Value,1986.82,4,0,20.0,0,0.004,Low Risk,Priority 4: Standard Loyalty Reward Program
53923,9.0,At-Risk High-Value,2132.13,3,0,34.0,0,0.025,Low Risk,Priority 4: Standard Loyalty Reward Program
53924,4.0,At-Risk High-Value,1689.82,1,0,23.0,0,0.015,Low Risk,Priority 4: Standard Loyalty Reward Program
53925,21.0,Champions,1922.58,4,0,9.0,0,0.047,Low Risk,Priority 4: Standard Loyalty Reward Program
53926,20.0,Champions,2515.48,1,1,9.0,0,0.053,Low Risk,Priority 4: Standard Loyalty Reward Program
53927,1.0,Champions,3074.61,5,1,20.0,1,0.999,High Risk,"Priority 1: Executive Concierge Call + ₹1,000 Credit"
53928,1.0,Champions,2115.85,4,0,7.0,1,0.978,High Risk,"Priority 1: Executive Concierge Call + ₹1,000 Credit"
53929,1.0,Loyal Customers,1737.45,4,0,11.0,0,0.408,Medium Risk,Priority 3: Personalized Recommendation + Free Shipping
53930,5.0,At-Risk High-Value,1951.18,1,0,31.0,0,0.025,Low Risk,Priority 4: Standard Loyalty Reward Program
53931,13.0,At-Risk High-Value,6260.76,1,1,7.0,0,0.012,Low Risk,Priority 4: Standard Loyalty Reward Program
53932,6.0,Champions,2432.1,3,0,26.0,0,0.067,Low Risk,Priority 4: Standard Loyalty Reward Program
53933,14.0,At-Risk High-Value,23118.09,4,0,14.0,0,0.105,Low Risk,Priority 4: Standard Loyalty Reward Program
53934,19.0,Champions,2448.16,3,0,11.0,0,0.036,Low Risk,Priority 4: Standard Loyalty Reward Program
53935,4.0,At-Risk High-Value,1921.48,5,0,9.0,0,0.03,Low Risk,Priority 4: Standard Loyalty Reward Program
53936,1.0,Champions,2416.42,1,0,17.0,0,0.143,Low Risk,Priority 4: Standard Loyalty Reward Program
53937,1.0,Loyal Customers,1614.8,1,0,15.0,1,0.565,Medium Risk,Priority 3: Personalized Recommendation + Free Shipping
53938,5.0,Champions,2293.06,3,0,12.0,0,0.016,Low Risk,Priority 4: Standard Loyalty Reward Program
53939,1.0,At-Risk High-Value,1753.95,1,0,15.0,0,0.153,Low Risk,Priority 4: Standard Loyalty Reward Program
53940,1.0,Champions,2517.9,4,0,16.0,1,0.99,High Risk,"Priority 1: Executive Concierge Call + ₹1,000 Credit"
53941,3.0,Champions,2067.34,3,1,7.0,0,0.155,Low Risk,Priority 4: Standard Loyalty Reward Program
53942,4.0,At-Risk High-Value,2160.4,5,0,22.0,0,0.025,Low Risk,Priority 4: Standard Loyalty Reward Program
53943,8.0,Loyal Customers,1697.52,1,1,9.0,0,0.074,Low Risk,Priority 4: Standard Loyalty Reward Program
53944,7.0,At-Risk High-Value,1941.17,4,0,9.0,0,0.061,Low Risk,Priority 4: Standard Loyalty Reward Program
53945,23.0,At-Risk High-Value,1870.77,1,0,18.0,0,0.017,Low Risk,Priority 4: Standard Loyalty Reward Program
53946,1.0,Champions,2317.04,5,1,23.0,1,0.994,High Risk,"Priority 1: Executive Concierge Call + ₹1,000 Credit"
53947,12.0,At-Risk High-Value,1646.48,4,0,9.0,0,0.027,Low Risk,Priority 4: Standard Loyalty Reward Program
53948,1.0,Champions,2272.71,3,0,23.0,1,0.995,High Risk,"Priority 1: Executive Concierge Call + ₹1,000 Credit"
53949,3.0,Loyal Customers,1606.99,5,0,11.0,0,0.202,Low Risk,Priority 4: Standard Loyalty Reward Program
53950,1.0,At-Risk High-Value,1957.34,3,0,23.0,0,0.232,Low Risk,Priority 4: Standard Loyalty Reward Program
53951,6.0,At-Risk High-Value,1673.98,4,0,12.0,0,0.028,Low Risk,Priority 4: Standard Loyalty Reward Program
53952,12.0,Champions,2014.21,1,1,25.0,0,0.054,Low Risk,Priority 4: Standard Loyalty Reward Program
53953,7.0,Loyal Customers,1643.07,3,1,24.0,1,0.989,High Risk,Priority 2: 25% Comeback Voucher + Free Express Delivery
53954,16.0,At-Risk High-Value,1679.26,4,0,19.0,0,0.016,Low Risk,Priority 4: Standard Loyalty Reward Program
53955,29.0,Champions,3469.18,5,0,9.0,0,0.045,Low Risk,Priority 4: Standard Loyalty Reward Program
53956,7.0,At-Risk High-Value,1711.05,4,0,11.0,0,0.009,Low Risk,Priority 4: Standard Loyalty Reward Program
53957,15.0,At-Risk High-Value,1626.79,5,0,16.0,0,0.009,Low Risk,Priority 4: Standard Loyalty Reward Program
53958,8.0,At-Risk High-Value,1815.11,3,1,17.0,0,0.045,Low Risk,Priority 4: Standard Loyalty Reward Program
53959,27.0,Champions,2801.15,3,1,7.0,0,0.0,Low Risk,Priority 4: Standard Loyalty Reward Program
53960,17.0,At-Risk High-Value,1764.29,1,0,9.0,0,0.017,Low Risk,Priority 4: Standard Loyalty Reward Program
53961,8.0,Champions,3057.28,1,0,10.0,0,0.222,Low Risk,Priority 4: Standard Loyalty Reward Program
53962,1.0,Loyal Customers,1669.69,4,0,14.0,1,0.987,High Risk,Priority 2: 25% Comeback Voucher + Free Express Delivery
53963,12.0,At-Risk High-Value,1782.22,3,0,13.0,0,0.012,Low Risk,Priority 4: Standard Loyalty Reward Program
53964,1.0,Loyal Customers,1638.78,5,1,15.0,1,0.995,High Risk,Priority 2: 25% Comeback Voucher + Free Express Delivery
53965,5.0,At-Risk High-Value,5929.44,1,0,36.0,0,0.023,Low Risk,Priority 4: Standard Loyalty Reward Program
53966,25.0,Champions,2817.76,3,0,10.0,0,0.025,Low Risk,Priority 4: Standard Loyalty Reward Program
53967,11.0,At-Risk High-Value,1835.79,4,0,16.0,0,0.007,Low Risk,Priority 4: Standard Loyalty Reward Program
53968,20.0,Champions,5251.62,1,1,9.0,0,0.118,Low Risk,Priority 4: Standard Loyalty Reward Program
53969,10.0,At-Risk High-Value,6870.93,5,1,17.0,0,0.256,Low Risk,Priority 4: Standard Loyalty Reward Program
53970,8.0,At-Risk High-Value,2448.93,4,1,7.0,1,0.915,High Risk,"Priority 1: Executive Concierge Call + ₹1,000 Credit"
53971,11.0,At-Risk High-Value,4557.03,4,0,15.0,0,0.015,Low Risk,Priority 4: Standard Loyalty Reward Program
53972,1.0,At-Risk High-Value,8057.72,1,1,34.0,1,0.995,High Risk,"Priority 1: Executive Concierge Call + ₹1,000 Credit"
53973,7.0,At-Risk High-Value,6882.92,5,0,15.0,0,0.075,Low Risk,Priority 4: Standard Loyalty Reward Program
53974,2.0,At-Risk High-Value,1599.84,1,0,7.0,0,0.03,Low Risk,Priority 4: Standard Loyalty Reward Program
53975,13.0,Champions,2856.04,3,0,17.0,0,0.029,Low Risk,Priority 4: Standard Loyalty Reward Program
53976,20.0,Champions,3381.01,4,0,33.0,0,0.074,Low Risk,Priority 4: Standard Loyalty Reward Program
53977,14.0,Loyal Customers,1746.47,5,0,9.0,0,0.066,Low Risk,Priority 4: Standard Loyalty Reward Program
53978,16.0,Champions,1984.18,5,0,20.0,0,0.024,Low Risk,Priority 4: Standard Loyalty Reward Program
53979,9.0,At-Risk High-Value,2008.82,1,0,9.0,0,0.015,Low Risk,Priority 4: Standard Loyalty Reward Program
53980,12.0,At-Risk High-Value,3320.24,4,0,9.0,0,0.03,Low Risk,Priority 4: Standard Loyalty Reward Program
53981,1.0,At-Risk High-Value,1963.06,5,0,16.0,1,0.98,High Risk,"Priority 1: Executive Concierge Call + ₹1,000 Credit"
53982,1.0,At-Risk High-Value,1838.43,5,0,17.0,1,0.982,High Risk,"Priority 1: Executive Concierge Call + ₹1,000 Credit"
53983,13.0,Champions,2743.46,1,0,27.0,0,0.03,Low Risk,Priority 4: Standard Loyalty Reward Program
53984,17.0,Loyal Customers,1643.18,3,0,16.0,0,0.067,Low Risk,Priority 4: Standard Loyalty Reward Program
53985,15.0,Champions,2130.7,4,0,12.0,0,0.017,Low Risk,Priority 4: Standard Loyalty Reward Program
53986,15.0,Champions,17669.19,3,1,11.0,0,0.095,Low Risk,Priority 4: Standard Loyalty Reward Program
53987,4.0,Champions,2438.37,3,0,17.0,0,0.054,Low Risk,Priority 4: Standard Loyalty Reward Program
53988,1.0,At-Risk High-Value,1611.28,4,1,27.0,1,0.979,High Risk,"Priority 1: Executive Concierge Call + ₹1,000 Credit"
53989,10.0,Champions,4713.72,4,0,28.0,1,0.935,High Risk,"Priority 1: Executive Concierge Call + ₹1,000 Credit"
53990,14.0,At-Risk High-Value,2091.43,1,0,7.0,0,0.017,Low Risk,Priority 4: Standard Loyalty Reward Program
53991,8.0,At-Risk High-Value,5307.22,3,0,15.0,0,0.033,Low Risk,Priority 4: Standard Loyalty Reward Program
53992,31.0,At-Risk High-Value,2062.5,4,0,9.0,0,0.17,Low Risk,Priority 4: Standard Loyalty Reward Program
53993,9.0,At-Risk High-Value,1672.55,3,0,30.0,0,0.053,Low Risk,Priority 4: Standard Loyalty Reward Program
53994,21.0,Champions,18837.23,4,1,11.0,0,0.132,Low Risk,Priority 4: Standard Loyalty Reward Program
53995,14.0,At-Risk High-Value,7457.12,5,0,19.0,0,0.113,Low Risk,Priority 4: Standard Loyalty Reward Program
53996,28.0,At-Risk High-Value,2128.94,1,0,14.0,0,0.03,Low Risk,Priority 4: Standard Loyalty Reward Program
53997,5.0,Champions,3652.61,5,0,14.0,0,0.038,Low Risk,Priority 4: Standard Loyalty Reward Program
53998,2.0,Loyal Customers,1770.01,5,0,7.0,0,0.028,Low Risk,Priority 4: Standard Loyalty Reward Program
53999,12.0,At-Risk High-Value,1969.55,1,1,9.0,0,0.041,Low Risk,Priority 4: Standard Loyalty Reward Program
54000,1.0,Champions,1890.24,1,0,17.0,0,0.062,Low Risk,Priority 4: Standard Loyalty Reward Program
54001,31.0,Champions,4667.36,3,1,22.0,0,0.014,Low Risk,Priority 4: Standard Loyalty Reward Program
54002,1.0,Loyal Customers,1541.54,3,0,21.0,0,0.356,Medium Risk,Priority 3: Personalized Recommendation + Free Shipping
54003,1.0,Loyal Customers,1700.16,5,0,25.0,1,0.964,High Risk,Priority 2: 25% Comeback Voucher + Free Express Delivery
54004,1.0,Champions,2447.77,5,1,20.0,1,0.999,High Risk,"Priority 1: Executive Concierge Call + ₹1,000 Credit"
54005,19.0,At-Risk High-Value,5825.82,3,0,9.0,0,0.018,Low Risk,Priority 4: Standard Loyalty Reward Program
54006,10.0,Champions,2140.82,4,1,9.0,0,0.032,Low Risk,Priority 4: Standard Loyalty Reward Program
54007,17.0,At-Risk High-Value,7997.0,1,0,9.0,0,0.044,Low Risk,Priority 4: Standard Loyalty Reward Program
54008,1.0,Loyal Customers,1636.69,1,1,12.0,0,0.342,Medium Risk,Priority 3: Personalized Recommendation + Free Shipping
54009,3.0,At-Risk High-Value,3588.64,1,0,27.0,0,0.028,Low Risk,Priority 4: Standard Loyalty Reward Program
54010,6.0,Champions,1886.28,1,0,17.0,0,0.04,Low Risk,Priority 4: Standard Loyalty Reward Program
54011,16.0,At-Risk High-Value,3395.92,3,0,17.0,0,0.034,Low Risk,Priority 4: Standard Loyalty Reward Program
54012,21.0,Champions,2409.83,3,0,16.0,0,0.07,Low Risk,Priority 4: Standard Loyalty Reward Program
54013,20.0,Champions,5796.45,1,0,9.0,0,0.03,Low Risk,Priority 4: Standard Loyalty Reward Program
54014,2.0,Champions,2508.99,1,0,7.0,0,0.011,Low Risk,Priority 4: Standard Loyalty Reward Program
54015,3.0,At-Risk High-Value,2077.24,3,0,36.0,0,0.059,Low Risk,Priority 4: Standard Loyalty Reward Program
54016,16.0,Loyal Customers,1811.48,3,0,15.0,0,0.054,Low Risk,Priority 4: Standard Loyalty Reward Program
54017,1.0,Champions,3697.16,4,1,9.0,1,0.999,High Risk,"Priority 1: Executive Concierge Call + ₹1,000 Credit"
54018,20.0,At-Risk High-Value,2829.75,5,0,10.0,0,0.0,Low Risk,Priority 4: Standard Loyalty Reward Program
54019,1.0,At-Risk High-Value,5293.2,3,0,30.0,0,0.155,Low Risk,Priority 4: Standard Loyalty Reward Program
54020,3.0,Loyal Customers,1683.44,4,0,13.0,0,0.044,Low Risk,Priority 4: Standard Loyalty Reward Program
54021,17.0,At-Risk High-Value,12278.42,3,0,13.0,0,0.08,Low Risk,Priority 4: Standard Loyalty Reward Program
54022,22.0,At-Risk High-Value,22997.98,4,0,17.0,0,0.0,Low Risk,Priority 4: Standard Loyalty Reward Program
54023,1.0,Loyal Customers,1643.29,1,1,31.0,1,0.997,High Risk,Priority 2: 25% Comeback Voucher + Free Express Delivery
54024,10.0,At-Risk High-Value,2179.54,4,0,17.0,1,0.906,High Risk,"Priority 1: Executive Concierge Call + ₹1,000 Credit"
54025,1.0,At-Risk High-Value,7600.56,5,0,22.0,0,0.169,Low Risk,Priority 4: Standard Loyalty Reward Program
54026,13.0,Champions,2706.33,1,0,26.0,0,0.013,Low Risk,Priority 4: Standard Loyalty Reward Program
54027,29.0,At-Risk High-Value,1667.82,1,0,9.0,0,0.013,Low Risk,Priority 4: Standard Loyalty Reward Program
54028,2.0,Loyal Customers,1689.16,4,0,10.0,0,0.032,Low Risk,Priority 4: Standard Loyalty Reward Program
54029,1.0,Loyal Customers,1493.91,1,0,16.0,1,0.927,High Risk,Priority 2: 25% Comeback Voucher + Free Express Delivery
54030,1.0,Loyal Customers,1646.92,4,1,14.0,1,0.994,High Risk,Priority 2: 25% Comeback Voucher + Free Express Delivery
54031,10.0,At-Risk High-Value,1999.03,3,1,17.0,0,0.022,Low Risk,Priority 4: Standard Loyalty Reward Program
54032,5.0,Loyal Customers,1836.67,3,0,27.0,0,0.016,Low Risk,Priority 4: Standard Loyalty Reward Program
54033,8.0,Champions,2443.43,1,1,11.0,0,0.058,Low Risk,Priority 4: Standard Loyalty Reward Program
54034,3.0,Loyal Customers,1601.82,5,0,14.0,0,0.199,Low Risk,Priority 4: Standard Loyalty Reward Program
54035,11.0,At-Risk High-Value,1846.24,5,1,14.0,0,0.043,Low Risk,Priority 4: Standard Loyalty Reward Program
54036,9.0,Champions,1901.68,4,1,23.0,0,0.031,Low Risk,Priority 4: Standard Loyalty Reward Program
54037,19.0,At-Risk High-Value,4049.32,1,0,32.0,0,0.02,Low Risk,Priority 4: Standard Loyalty Reward Program
54038,10.0,At-Risk High-Value,1802.46,1,0,9.0,0,0.021,Low Risk,Priority 4: Standard Loyalty Reward Program
54039,14.0,At-Risk High-Value,19353.18,5,0,7.0,0,0.018,Low Risk,Priority 4: Standard Loyalty Reward Program
54040,1.0,Loyal Customers,1697.63,3,1,7.0,0,0.514,Medium Risk,Priority 3: Personalized Recommendation + Free Shipping
54041,1.0,At-Risk High-Value,2090.0,3,0,9.0,0,0.134,Low Risk,Priority 4: Standard Loyalty Reward Program
54042,22.0,At-Risk High-Value,8160.35,1,0,29.0,0,0.013,Low Risk,Priority 4: Standard Loyalty Reward Program
54043,18.0,Champions,2892.94,5,0,7.0,0,0.008,Low Risk,Priority 4: Standard Loyalty Reward Program
54044,1.0,Champions,3257.54,5,1,23.0,1,0.993,High Risk,"Priority 1: Executive Concierge Call + ₹1,000 Credit"
54045,20.0,Loyal Customers,1659.57,1,0,31.0,1,0.944,High Risk,Priority 2: 25% Comeback Voucher + Free Express Delivery
54046,10.0,At-Risk High-Value,1980.77,4,0,24.0,0,0.013,Low Risk,Priority 4: Standard Loyalty Reward Program
54047,15.0,At-Risk High-Value,1858.23,4,0,15.0,0,0.026,Low Risk,Priority 4: Standard Loyalty Reward Program
54048,16.0,At-Risk High-Value,2843.28,5,0,13.0,0,0.071,Low Risk,Priority 4: Standard Loyalty Reward Program
54049,5.0,At-Risk High-Value,2099.13,1,1,17.0,0,0.031,Low Risk,Priority 4: Standard Loyalty Reward Program
54050,8.0,Champions,2266.33,1,1,10.0,0,0.044,Low Risk,Priority 4: Standard Loyalty Reward Program
54051,5.0,Champions,2718.87,3,0,11.0,0,0.038,Low Risk,Priority 4: Standard Loyalty Reward Program
54052,1.0,At-Risk High-Value,6619.36,1,0,13.0,0,0.05,Low Risk,Priority 4: Standard Loyalty Reward Program
54053,19.0,At-Risk High-Value,1968.89,3,0,7.0,0,0.018,Low Risk,Priority 4: Standard Loyalty Reward Program
54054,7.0,At-Risk High-Value,1978.57,3,0,17.0,0,0.051,Low Risk,Priority 4: Standard Loyalty Reward Program
54055,2.0,At-Risk High-Value,2126.74,1,1,7.0,0,0.069,Low Risk,Priority 4: Standard Loyalty Reward Program
54056,1.0,Loyal Customers,1495.01,5,0,31.0,1,0.991,High Risk,Priority 2: 25% Comeback Voucher + Free Express Delivery
54057,13.0,Champions,2005.96,3,0,28.0,0,0.121,Low Risk,Priority 4: Standard Loyalty Reward Program
54058,1.0,Loyal Customers,1619.86,4,0,9.0,0,0.164,Low Risk,Priority 4: Standard Loyalty Reward Program
54059,8.0,At-Risk High-Value,7025.1,1,1,29.0,0,0.012,Low Risk,Priority 4: Standard Loyalty Reward Program
54060,1.0,Champions,3688.41,3,1,20.0,1,0.997,High Risk,"Priority 1: Executive Concierge Call + ₹1,000 Credit"
54061,21.0,At-Risk High-Value,1976.37,4,0,21.0,0,0.037,Low Risk,Priority 4: Standard Loyalty Reward Program
54062,30.0,Champions,1966.8,5,0,18.0,0,0.016,Low Risk,Priority 4: Standard Loyalty Reward Program
54063,13.0,At-Risk High-Value,7766.44,5,0,16.0,0,0.044,Low Risk,Priority 4: Standard Loyalty Reward Program
54064,12.0,At-Risk High-Value,1609.63,4,1,15.0,0,0.018,Low Risk,Priority 4: Standard Loyalty Reward Program
54065,31.0,Champions,3341.25,1,1,28.0,0,0.02,Low Risk,Priority 4: Standard Loyalty Reward Program
54066,1.0,At-Risk High-Value,1642.52,3,1,12.0,1,0.994,High Risk,"Priority 1: Executive Concierge Call + ₹1,000 Credit"
54067,12.0,At-Risk High-Value,1899.81,1,0,16.0,0,0.017,Low Risk,Priority 4: Standard Loyalty Reward Program
54068,23.0,At-Risk High-Value,8706.78,1,0,9.0,0,0.017,Low Risk,Priority 4: Standard Loyalty Reward Program
54069,16.0,Champions,1934.57,1,1,19.0,0,0.075,Low Risk,Priority 4: Standard Loyalty Reward Program
54070,1.0,Loyal Customers,1689.93,4,0,29.0,1,0.979,High Risk,Priority 2: 25% Comeback Voucher + Free Express Delivery
54071,9.0,At-Risk High-Value,275.0,5,0,25.0,0,0.105,Low Risk,Priority 4: Standard Loyalty Reward Program
54072,2.0,At-Risk High-Value,1610.84,3,0,23.0,0,0.083,Low Risk,Priority 4: Standard Loyalty Reward Program
54073,5.0,At-Risk High-Value,2568.23,5,1,10.0,0,0.243,Low Risk,Priority 4: Standard Loyalty Reward Program
54074,10.0,Loyal Customers,1684.1,4,0,16.0,0,0.021,Low Risk,Priority 4: Standard Loyalty Reward Program
54075,8.0,Champions,3694.02,1,0,7.0,0,0.037,Low Risk,Priority 4: Standard Loyalty Reward Program
54076,8.0,Champions,2324.08,3,0,20.0,0,0.033,Low Risk,Priority 4: Standard Loyalty Reward Program
54077,1.0,At-Risk High-Value,6761.48,5,0,7.0,0,0.357,Medium Risk,Priority 3: Personalized Recommendation + Free Shipping
54078,3.0,Champions,1966.03,5,0,7.0,0,0.03,Low Risk,Priority 4: Standard Loyalty Reward Program
54079,6.0,Champions,2108.37,1,0,22.0,0,0.043,Low Risk,Priority 4: Standard Loyalty Reward Program
54080,5.0,At-Risk High-Value,8663.98,5,0,7.0,0,0.028,Low Risk,Priority 4: Standard Loyalty Reward Program
54081,1.0,At-Risk High-Value,1635.37,1,0,24.0,1,0.973,High Risk,"Priority 1: Executive Concierge Call + ₹1,000 Credit"
54082,12.0,Loyal Customers,1689.38,5,0,7.0,0,0.081,Low Risk,Priority 4: Standard Loyalty Reward Program
54083,9.0,At-Risk High-Value,1947.44,1,1,14.0,0,0.006,Low Risk,Priority 4: Standard Loyalty Reward Program
54084,1.0,At-Risk High-Value,1826.55,1,0,16.0,0,0.084,Low Risk,Priority 4: Standard Loyalty Reward Program
54085,6.0,Champions,2439.69,1,0,12.0,0,0.044,Low Risk,Priority 4: Standard Loyalty Reward Program
54086,1.0,At-Risk High-Value,1992.87,1,1,33.0,1,0.991,High Risk,"Priority 1: Executive Concierge Call + ₹1,000 Credit"
54087,17.0,Champions,3786.42,5,1,31.0,1,0.992,High Risk,"Priority 1: Executive Concierge Call + ₹1,000 Credit"
54088,28.0,At-Risk High-Value,2540.5,3,0,16.0,0,0.003,Low Risk,Priority 4: Standard Loyalty Reward Program
54089,7.0,At-Risk High-Value,3047.22,3,0,14.0,0,0.008,Low Risk,Priority 4: Standard Loyalty Reward Program
54090,17.0,At-Risk High-Value,2201.1,3,0,18.0,0,0.042,Low Risk,Priority 4: Standard Loyalty Reward Program
54091,12.0,Loyal Customers,1704.01,4,1,7.0,0,0.094,Low Risk,Priority 4: Standard Loyalty Reward Program
54092,29.0,At-Risk High-Value,3534.96,4,1,33.0,0,0.047,Low Risk,Priority 4: Standard Loyalty Reward Program
54093,5.0,Loyal Customers,1499.19,1,1,9.0,0,0.336,Medium Risk,Priority 3: Personalized Recommendation + Free Shipping
54094,13.0,At-Risk High-Value,2842.51,5,0,22.0,0,0.016,Low Risk,Priority 4: Standard Loyalty Reward Program
54095,16.0,At-Risk High-Value,3703.04,3,0,30.0,0,0.026,Low Risk,Priority 4: Standard Loyalty Reward Program
54096,5.0,At-Risk High-Value,2588.41,3,0,17.0,0,0.032,Low Risk,Priority 4: Standard Loyalty Reward Program
54097,28.0,At-Risk High-Value,1863.4,5,1,17.0,0,0.02,Low Risk,Priority 4: Standard Loyalty Reward Program
54098,1.0,Champions,1882.87,3,0,7.0,0,0.175,Low Risk,Priority 4: Standard Loyalty Reward Program
54099,1.0,At-Risk High-Value,1666.17,1,0,19.0,0,0.125,Low Risk,Priority 4: Standard Loyalty Reward Program
54100,14.0,At-Risk High-Value,10352.65,3,0,18.0,0,0.032,Low Risk,Priority 4: Standard Loyalty Reward Program
54101,14.0,At-Risk High-Value,5998.41,4,0,9.0,0,0.02,Low Risk,Priority 4: Standard Loyalty Reward Program
54102,1.0,Loyal Customers,1615.57,4,0,9.0,0,0.175,Low Risk,Priority 4: Standard Loyalty Reward Program
54103,4.0,At-Risk High-Value,1787.28,4,0,7.0,0,0.012,Low Risk,Priority 4: Standard Loyalty Reward Program
54104,1.0,Loyal Customers,1812.47,3,1,9.0,0,0.366,Medium Risk,Priority 3: Personalized Recommendation + Free Shipping
54105,21.0,Champions,15110.1,3,0,32.0,0,0.096,Low Risk,Priority 4: Standard Loyalty Reward Program
54106,7.0,Loyal Customers,1595.88,3,0,7.0,0,0.052,Low Risk,Priority 4: Standard Loyalty Reward Program
54107,12.0,At-Risk High-Value,5590.2,4,0,7.0,0,0.001,Low Risk,Priority 4: Standard Loyalty Reward Program
54108,5.0,Loyal Customers,1712.37,3,0,9.0,0,0.003,Low Risk,Priority 4: Standard Loyalty Reward Program
54109,12.0,At-Risk High-Value,7841.24,3,0,13.0,0,0.004,Low Risk,Priority 4: Standard Loyalty Reward Program
54110,16.0,Champions,1970.1,5,1,25.0,0,0.025,Low Risk,Priority 4: Standard Loyalty Reward Program
54111,15.0,Loyal Customers,1681.02,1,0,7.0,0,0.056,Low Risk,Priority 4: Standard Loyalty Reward Program
54112,21.0,At-Risk High-Value,2690.27,4,0,7.0,0,0.012,Low Risk,Priority 4: Standard Loyalty Reward Program
54113,9.0,Champions,2501.4,3,1,18.0,0,0.43,Medium Risk,Priority 3: Personalized Recommendation + Free Shipping
54114,1.0,Loyal Customers,1746.25,3,0,7.0,0,0.184,Low Risk,Priority 4: Standard Loyalty Reward Program
54115,9.0,At-Risk High-Value,1935.78,3,0,16.0,0,0.023,Low Risk,Priority 4: Standard Loyalty Reward Program
54116,7.0,Loyal Customers,1831.5,1,1,22.0,0,0.094,Low Risk,Priority 4: Standard Loyalty Reward Program
54117,6.0,Champions,4217.68,4,0,36.0,0,0.037,Low Risk,Priority 4: Standard Loyalty Reward Program
54118,14.0,Loyal Customers,1639.66,1,0,7.0,0,0.087,Low Risk,Priority 4: Standard Loyalty Reward Program
54119,6.0,Champions,2436.88,4,0,7.0,0,0.029,Low Risk,Priority 4: Standard Loyalty Reward Program
54120,13.0,At-Risk High-Value,1826.88,1,0,31.0,0,0.004,Low Risk,Priority 4: Standard Loyalty Reward Program
54121,12.0,At-Risk High-Value,2827.66,3,0,17.0,0,0.033,Low Risk,Priority 4: Standard Loyalty Reward Program
54122,6.0,Champions,7564.26,1,0,7.0,0,0.088,Low Risk,Priority 4: Standard Loyalty Reward Program
54123,11.0,At-Risk High-Value,10103.94,1,1,17.0,0,0.013,Low Risk,Priority 4: Standard Loyalty Reward Program
54124,1.0,At-Risk High-Value,1914.77,3,1,15.0,0,0.132,Low Risk,Priority 4: Standard Loyalty Reward Program
54125,26.0,Loyal Customers,1758.02,1,0,127.0,0,0.049,Low Risk,Priority 4: Standard Loyalty Reward Program
54126,18.0,Loyal Customers,1642.96,1,1,7.0,0,0.135,Low Risk,Priority 4: Standard Loyalty Reward Program
54127,1.0,Loyal Customers,1636.8,5,1,12.0,0,0.545,Medium Risk,Priority 3: Personalized Recommendation + Free Shipping
54128,13.0,At-Risk High-Value,3512.41,1,0,16.0,0,0.092,Low Risk,Priority 4: Standard Loyalty Reward Program
54129,1.0,Loyal Customers,1571.9,5,0,16.0,1,0.994,High Risk,Priority 2: 25% Comeback Voucher + Free Express Delivery
54130,10.0,At-Risk High-Value,4431.68,1,0,10.0,0,0.122,Low Risk,Priority 4: Standard Loyalty Reward Program
54131,10.0,Champions,1939.41,4,0,11.0,0,0.021,Low Risk,Priority 4: Standard Loyalty Reward Program
54132,30.0,At-Risk High-Value,2068.66,3,0,7.0,0,0.007,Low Risk,Priority 4: Standard Loyalty Reward Program
54133,1.0,Champions,2852.36,1,1,7.0,1,0.997,High Risk,"Priority 1: Executive Concierge Call + ₹1,000 Credit"
54134,16.0,At-Risk High-Value,8629.5,3,0,9.0,0,0.013,Low Risk,Priority 4: Standard Loyalty Reward Program
54135,20.0,At-Risk High-Value,8161.45,3,0,14.0,1,0.986,High Risk,"Priority 1: Executive Concierge Call + ₹1,000 Credit"
54136,15.0,At-Risk High-Value,2867.7,4,0,35.0,0,0.035,Low Risk,Priority 4: Standard Loyalty Reward Program
54137,8.0,At-Risk High-Value,2113.32,3,0,35.0,0,0.032,Low Risk,Priority 4: Standard Loyalty Reward Program
54138,10.0,At-Risk High-Value,11817.96,1,0,22.0,0,0.035,Low Risk,Priority 4: Standard Loyalty Reward Program
54139,15.0,Champions,2358.18,4,0,10.0,0,0.017,Low Risk,Priority 4: Standard Loyalty Reward Program
54140,6.0,Loyal Customers,1643.29,5,0,9.0,0,0.063,Low Risk,Priority 4: Standard Loyalty Reward Program
54141,9.0,Champions,2347.07,1,1,33.0,0,0.034,Low Risk,Priority 4: Standard Loyalty Reward Program
54142,12.0,At-Risk High-Value,1962.73,1,0,17.0,0,0.027,Low Risk,Priority 4: Standard Loyalty Reward Program
54143,14.0,Champions,2115.08,3,0,7.0,1,0.939,High Risk,"Priority 1: Executive Concierge Call + ₹1,000 Credit"
54144,10.0,Champions,2106.72,1,0,18.0,0,0.031,Low Risk,Priority 4: Standard Loyalty Reward Program
54145,19.0,Champions,1908.5,3,0,27.0,0,0.066,Low Risk,Priority 4: Standard Loyalty Reward Program
54146,14.0,Champions,2525.98,3,0,9.0,0,0.038,Low Risk,Priority 4: Standard Loyalty Reward Program
54147,9.0,Champions,2000.79,3,1,25.0,0,0.033,Low Risk,Priority 4: Standard Loyalty Reward Program
54148,14.0,Loyal Customers,1595.11,3,0,9.0,0,0.013,Low Risk,Priority 4: Standard Loyalty Reward Program
54149,9.0,Loyal Customers,1702.47,1,0,7.0,0,0.008,Low Risk,Priority 4: Standard Loyalty Reward Program
54150,3.0,At-Risk High-Value,1817.75,4,1,20.0,0,0.058,Low Risk,Priority 4: Standard Loyalty Reward Program
54151,3.0,At-Risk High-Value,1791.35,5,0,35.0,0,0.211,Low Risk,Priority 4: Standard Loyalty Reward Program
54152,14.0,Champions,2568.94,5,1,35.0,1,0.973,High Risk,"Priority 1: Executive Concierge Call + ₹1,000 Credit"
54153,13.0,At-Risk High-Value,2698.41,1,0,31.0,0,0.087,Low Risk,Priority 4: Standard Loyalty Reward Program
54154,5.0,Champions,2467.96,5,0,12.0,0,0.01,Low Risk,Priority 4: Standard Loyalty Reward Program
54155,1.0,Loyal Customers,1701.26,3,0,12.0,0,0.38,Medium Risk,Priority 3: Personalized Recommendation + Free Shipping
54156,10.0,At-Risk High-Value,1657.81,1,0,30.0,0,0.037,Low Risk,Priority 4: Standard Loyalty Reward Program
54157,13.0,Champions,2474.01,5,0,13.0,0,0.09,Low Risk,Priority 4: Standard Loyalty Reward Program
54158,1.0,At-Risk High-Value,2050.62,4,1,11.0,0,0.192,Low Risk,Priority 4: Standard Loyalty Reward Program
54159,23.0,At-Risk High-Value,1967.9,4,0,9.0,0,0.004,Low Risk,Priority 4: Standard Loyalty Reward Program
54160,8.0,Champions,1859.44,3,0,15.0,0,0.024,Low Risk,Priority 4: Standard Loyalty Reward Program
54161,5.0,At-Risk High-Value,2034.23,1,1,7.0,1,0.982,High Risk,"Priority 1: Executive Concierge Call + ₹1,000 Credit"
54162,23.0,At-Risk High-Value,1939.3,4,0,15.0,0,0.031,Low Risk,Priority 4: Standard Loyalty Reward Program
54163,1.0,Loyal Customers,1604.9,3,1,9.0,1,0.998,High Risk,Priority 2: 25% Comeback Voucher + Free Express Delivery
54164,7.0,Champions,3389.98,3,1,10.0,0,0.359,Medium Risk,Priority 3: Personalized Recommendation + Free Shipping
54165,1.0,Champions,2634.72,4,0,9.0,0,0.317,Medium Risk,Priority 3: Personalized Recommendation + Free Shipping
54166,6.0,At-Risk High-Value,3424.96,1,0,9.0,0,0.017,Low Risk,Priority 4: Standard Loyalty Reward Program
54167,31.0,Loyal Customers,1668.7,5,1,10.0,0,0.099,Low Risk,Priority 4: Standard Loyalty Reward Program
54168,4.0,Loyal Customers,1671.23,3,0,31.0,0,0.133,Low Risk,Priority 4: Standard Loyalty Reward Program
54169,12.0,Champions,2422.86,3,0,30.0,0,0.099,Low Risk,Priority 4: Standard Loyalty Reward Program
54170,10.0,At-Risk High-Value,7804.28,3,0,34.0,0,0.061,Low Risk,Priority 4: Standard Loyalty Reward Program
54171,9.0,At-Risk High-Value,1641.86,4,0,23.0,0,0.041,Low Risk,Priority 4: Standard Loyalty Reward Program
54172,3.0,At-Risk High-Value,1836.23,3,1,22.0,0,0.083,Low Risk,Priority 4: Standard Loyalty Reward Program
54173,5.0,At-Risk High-Value,4238.02,3,0,33.0,0,0.025,Low Risk,Priority 4: Standard Loyalty Reward Program
54174,8.0,Loyal Customers,1667.71,1,0,26.0,0,0.098,Low Risk,Priority 4: Standard Loyalty Reward Program
54175,1.0,At-Risk High-Value,1598.08,3,1,31.0,1,0.997,High Risk,"Priority 1: Executive Concierge Call + ₹1,000 Credit"
54176,3.0,Champions,11127.6,5,0,28.0,0,0.166,Low Risk,Priority 4: Standard Loyalty Reward Program
54177,6.0,At-Risk High-Value,1737.78,4,1,12.0,0,0.073,Low Risk,Priority 4: Standard Loyalty Reward Program
54178,1.0,Loyal Customers,1697.85,1,1,23.0,0,0.28,Low Risk,Priority 4: Standard Loyalty Reward Program
54179,27.0,At-Risk High-Value,6143.94,1,0,9.0,0,0.055,Low Risk,Priority 4: Standard Loyalty Reward Program
54180,12.0,Loyal Customers,1808.84,1,1,9.0,0,0.149,Low Risk,Priority 4: Standard Loyalty Reward Program
54181,1.0,At-Risk High-Value,1816.21,3,0,18.0,0,0.097,Low Risk,Priority 4: Standard Loyalty Reward Program
54182,1.0,At-Risk High-Value,1749.77,5,0,16.0,1,0.815,High Risk,"Priority 1: Executive Concierge Call + ₹1,000 Credit"
54183,8.0,At-Risk High-Value,2694.34,4,0,14.0,0,0.049,Low Risk,Priority 4: Standard Loyalty Reward Program
54184,1.0,Loyal Customers,1510.52,1,0,22.0,0,0.454,Medium Risk,Priority 3: Personalized Recommendation + Free Shipping
54185,1.0,At-Risk High-Value,1700.6,5,0,13.0,1,0.969,High Risk,"Priority 1: Executive Concierge Call + ₹1,000 Credit"
54186,27.0,At-Risk High-Value,8688.35,3,0,12.0,0,0.006,Low Risk,Priority 4: Standard Loyalty Reward Program
54187,1.0,At-Risk High-Value,6321.32,5,1,23.0,1,0.998,High Risk,"Priority 1: Executive Concierge Call + ₹1,000 Credit"
54188,16.0,Champions,5314.38,4,0,15.0,0,0.054,Low Risk,Priority 4: Standard Loyalty Reward Program
54189,18.0,Champions,7506.84,1,0,14.0,0,0.133,Low Risk,Priority 4: Standard Loyalty Reward Program
54190,20.0,Champions,5188.76,5,0,9.0,0,0.102,Low Risk,Priority 4: Standard Loyalty Reward Program
54191,7.0,Loyal Customers,1649.56,1,0,9.0,0,0.145,Low Risk,Priority 4: Standard Loyalty Reward Program
54192,18.0,At-Risk High-Value,2086.15,1,1,17.0,0,0.07,Low Risk,Priority 4: Standard Loyalty Reward Program
54193,4.0,At-Risk High-Value,1617.66,3,0,16.0,0,0.032,Low Risk,Priority 4: Standard Loyalty Reward Program
54194,3.0,Loyal Customers,1604.46,1,0,12.0,1,0.928,High Risk,Priority 2: 25% Comeback Voucher + Free Express Delivery
54195,1.0,Champions,2440.85,1,1,7.0,1,0.992,High Risk,"Priority 1: Executive Concierge Call + ₹1,000 Credit"
54196,17.0,At-Risk High-Value,1665.95,3,0,9.0,0,0.023,Low Risk,Priority 4: Standard Loyalty Reward Program
54197,14.0,Loyal Customers,1670.13,3,1,10.0,1,0.934,High Risk,Priority 2: 25% Comeback Voucher + Free Express Delivery
54198,9.0,Champions,2394.81,1,0,9.0,0,0.028,Low Risk,Priority 4: Standard Loyalty Reward Program
54199,10.0,Loyal Customers,1751.09,5,1,12.0,0,0.29,Low Risk,Priority 4: Standard Loyalty Reward Program
54200,7.0,At-Risk High-Value,1966.36,5,0,7.0,0,0.049,Low Risk,Priority 4: Standard Loyalty Reward Program
54201,9.0,Loyal Customers,1589.61,1,0,11.0,0,0.066,Low Risk,Priority 4: Standard Loyalty Reward Program
54202,1.0,Loyal Customers,1632.51,5,0,9.0,0,0.608,High Risk,Priority 2: 25% Comeback Voucher + Free Express Delivery
54203,1.0,Loyal Customers,1627.23,3,0,32.0,1,0.875,High Risk,Priority 2: 25% Comeback Voucher + Free Express Delivery
54204,1.0,Champions,2334.86,3,0,15.0,0,0.309,Medium Risk,Priority 3: Personalized Recommendation + Free Shipping
54205,4.0,At-Risk High-Value,3632.42,1,0,7.0,0,0.009,Low Risk,Priority 4: Standard Loyalty Reward Program
54206,5.0,At-Risk High-Value,28199.6,3,0,19.0,1,0.398,Medium Risk,Priority 3: Personalized Recommendation + Free Shipping
54207,8.0,At-Risk High-Value,8448.66,3,0,30.0,0,0.099,Low Risk,Priority 4: Standard Loyalty Reward Program
54208,11.0,Loyal Customers,1707.42,4,0,26.0,0,0.051,Low Risk,Priority 4: Standard Loyalty Reward Program
54209,20.0,At-Risk High-Value,2009.92,1,1,12.0,0,0.215,Low Risk,Priority 4: Standard Loyalty Reward Program
54210,9.0,Loyal Customers,1624.59,1,0,15.0,0,0.01,Low Risk,Priority 4: Standard Loyalty Reward Program
54211,12.0,Champions,1966.91,3,1,7.0,1,0.939,High Risk,"Priority 1: Executive Concierge Call + ₹1,000 Credit"
54212,1.0,Champions,2630.26,3,1,12.0,1,0.98,High Risk,"Priority 1: Executive Concierge Call + ₹1,000 Credit"
54213,18.0,At-Risk High-Value,1974.94,5,1,7.0,0,0.071,Low Risk,Priority 4: Standard Loyalty Reward Program
54214,9.0,Champions,3693.36,5,1,18.0,0,0.13,Low Risk,Priority 4: Standard Loyalty Reward Program
54215,1.0,Loyal Customers,1832.27,1,1,30.0,0,0.53,Medium Risk,Priority 3: Personalized Recommendation + Free Shipping
54216,7.0,At-Risk High-Value,2855.38,1,1,30.0,0,0.106,Low Risk,Priority 4: Standard Loyalty Reward Program
54217,9.0,Champions,2372.59,5,0,6.0,0,0.074,Low Risk,Priority 4: Standard Loyalty Reward Program
54218,9.0,Champions,2724.81,5,1,30.0,0,0.147,Low Risk,Priority 4: Standard Loyalty Reward Program
54219,5.0,At-Risk High-Value,2025.65,1,0,14.0,0,0.019,Low Risk,Priority 4: Standard Loyalty Reward Program
54220,11.0,At-Risk High-Value,2034.23,3,0,7.0,0,0.01,Low Risk,Priority 4: Standard Loyalty Reward Program
54221,6.0,At-Risk High-Value,8211.28,1,1,7.0,0,0.024,Low Risk,Priority 4: Standard Loyalty Reward Program
54222,12.0,At-Risk High-Value,8198.3,1,0,36.0,0,0.1,Low Risk,Priority 4: Standard Loyalty Reward Program
54223,24.0,At-Risk High-Value,24054.8,3,1,14.0,0,0.1,Low Risk,Priority 4: Standard Loyalty Reward Program
54224,31.0,At-Risk High-Value,8860.28,5,0,32.0,0,0.05,Low Risk,Priority 4: Standard Loyalty Reward Program
54225,10.0,Champions,16156.14,3,0,15.0,0,0.113,Low Risk,Priority 4: Standard Loyalty Reward Program
54226,29.0,Champions,2998.16,3,1,15.0,0,0.004,Low Risk,Priority 4: Standard Loyalty Reward Program
54227,10.0,At-Risk High-Value,2089.89,4,0,18.0,0,0.02,Low Risk,Priority 4: Standard Loyalty Reward Program
54228,19.0,Champions,2444.64,5,0,14.0,0,0.026,Low Risk,Priority 4: Standard Loyalty Reward Program
54229,9.0,Loyal Customers,1616.34,5,0,7.0,0,0.125,Low Risk,Priority 4: Standard Loyalty Reward Program
54230,1.0,Loyal Customers,1747.68,3,1,16.0,1,0.976,High Risk,Priority 2: 25% Comeback Voucher + Free Express Delivery
54231,31.0,At-Risk High-Value,1977.03,3,0,7.0,0,0.063,Low Risk,Priority 4: Standard Loyalty Reward Program
54232,3.0,At-Risk High-Value,1672.33,4,0,9.0,0,0.011,Low Risk,Priority 4: Standard Loyalty Reward Program
54233,5.0,Loyal Customers,1650.11,4,0,7.0,0,0.123,Low Risk,Priority 4: Standard Loyalty Reward Program
54234,6.0,At-Risk High-Value,2059.2,4,0,7.0,0,0.01,Low Risk,Priority 4: Standard Loyalty Reward Program
54235,10.0,Loyal Customers,1709.18,1,0,13.0,0,0.021,Low Risk,Priority 4: Standard Loyalty Reward Program
54236,5.0,At-Risk High-Value,1861.64,1,0,15.0,0,0.044,Low Risk,Priority 4: Standard Loyalty Reward Program
54237,9.0,At-Risk High-Value,2773.98,5,0,7.0,0,0.03,Low Risk,Priority 4: Standard Loyalty Reward Program
54238,19.0,Champions,2831.95,5,1,13.0,0,0.137,Low Risk,Priority 4: Standard Loyalty Reward Program
54239,11.0,Champions,2878.04,3,0,14.0,0,0.027,Low Risk,Priority 4: Standard Loyalty Reward Program
54240,20.0,Champions,1927.31,4,1,12.0,0,0.051,Low Risk,Priority 4: Standard Loyalty Reward Program
54241,4.0,Champions,3877.72,1,1,7.0,0,0.047,Low Risk,Priority 4: Standard Loyalty Reward Program
54242,9.0,At-Risk High-Value,1689.49,3,0,7.0,0,0.029,Low Risk,Priority 4: Standard Loyalty Reward Program
54243,29.0,Champions,2501.29,1,0,7.0,0,0.055,Low Risk,Priority 4: Standard Loyalty Reward Program
54244,12.0,At-Risk High-Value,1961.19,1,1,13.0,0,0.047,Low Risk,Priority 4: Standard Loyalty Reward Program
54245,8.0,At-Risk High-Value,1850.75,4,0,7.0,0,0.021,Low Risk,Priority 4: Standard Loyalty Reward Program
54246,30.0,Champions,2173.6,1,0,14.0,0,0.089,Low Risk,Priority 4: Standard Loyalty Reward Program
54247,1.0,Loyal Customers,1630.42,5,0,9.0,0,0.489,Medium Risk,Priority 3: Personalized Recommendation + Free Shipping
54248,25.0,At-Risk High-Value,1603.25,1,0,16.0,0,0.012,Low Risk,Priority 4: Standard Loyalty Reward Program
54249,4.0,At-Risk High-Value,10074.46,1,0,9.0,0,0.007,Low Risk,Priority 4: Standard Loyalty Reward Program
54250,10.0,Champions,6082.72,1,0,16.0,1,0.758,High Risk,"Priority 1: Executive Concierge Call + ₹1,000 Credit"
54251,14.0,At-Risk High-Value,2860.33,4,0,7.0,0,0.015,Low Risk,Priority 4: Standard Loyalty Reward Program
54252,25.0,Champions,1973.51,1,1,28.0,0,0.095,Low Risk,Priority 4: Standard Loyalty Reward Program
54253,4.0,At-Risk High-Value,2921.98,4,1,11.0,0,0.041,Low Risk,Priority 4: Standard Loyalty Reward Program
54254,20.0,At-Risk High-Value,2549.03,5,1,7.0,0,0.099,Low Risk,Priority 4: Standard Loyalty Reward Program
54255,6.0,At-Risk High-Value,5778.3,3,0,13.0,0,0.083,Low Risk,Priority 4: Standard Loyalty Reward Program
54256,28.0,At-Risk High-Value,2865.39,3,0,9.0,0,0.001,Low Risk,Priority 4: Standard Loyalty Reward Program
54257,1.0,Champions,1924.89,3,0,10.0,0,0.202,Low Risk,Priority 4: Standard Loyalty Reward Program
54258,2.0,At-Risk High-Value,1839.31,3,0,11.0,0,0.015,Low Risk,Priority 4: Standard Loyalty Reward Program
54259,31.0,At-Risk High-Value,2900.92,3,0,17.0,0,0.015,Low Risk,Priority 4: Standard Loyalty Reward Program
54260,18.0,Loyal Customers,1599.62,4,0,30.0,0,0.019,Low Risk,Priority 4: Standard Loyalty Reward Program
54261,1.0,Loyal Customers,1603.03,5,1,13.0,1,0.982,High Risk,Priority 2: 25% Comeback Voucher + Free Express Delivery
54262,6.0,Loyal Customers,1700.16,5,0,7.0,0,0.141,Low Risk,Priority 4: Standard Loyalty Reward Program
54263,1.0,Loyal Customers,1696.86,1,1,13.0,1,0.945,High Risk,Priority 2: 25% Comeback Voucher + Free Express Delivery
54264,8.0,At-Risk High-Value,2855.98,3,0,13.0,0,0.003,Low Risk,Priority 4: Standard Loyalty Reward Program
54265,11.0,Champions,1942.93,1,0,9.0,0,0.024,Low Risk,Priority 4: Standard Loyalty Reward Program
54266,31.0,Champions,5171.76,1,0,9.0,0,0.017,Low Risk,Priority 4: Standard Loyalty Reward Program
54267,24.0,At-Risk High-Value,3373.92,4,1,7.0,0,0.016,Low Risk,Priority 4: Standard Loyalty Reward Program
54268,1.0,At-Risk High-Value,2006.84,3,1,12.0,1,0.987,High Risk,"Priority 1: Executive Concierge Call + ₹1,000 Credit"
54269,1.0,Champions,2539.18,1,0,14.0,0,0.215,Low Risk,Priority 4: Standard Loyalty Reward Program
54270,1.0,Loyal Customers,1690.81,1,0,22.0,0,0.278,Low Risk,Priority 4: Standard Loyalty Reward Program
54271,25.0,At-Risk High-Value,14288.56,5,0,7.0,0,0.047,Low Risk,Priority 4: Standard Loyalty Reward Program
54272,1.0,At-Risk High-Value,2043.14,3,1,14.0,1,1.0,High Risk,"Priority 1: Executive Concierge Call + ₹1,000 Credit"
54273,28.0,At-Risk High-Value,8202.7,1,1,33.0,0,0.04,Low Risk,Priority 4: Standard Loyalty Reward Program
54274,1.0,Loyal Customers,1680.14,3,0,25.0,0,0.219,Low Risk,Priority 4: Standard Loyalty Reward Program
54275,8.0,Champions,1870.55,4,0,13.0,0,0.065,Low Risk,Priority 4: Standard Loyalty Reward Program
54276,11.0,At-Risk High-Value,2192.08,1,0,10.0,0,0.099,Low Risk,Priority 4: Standard Loyalty Reward Program
54277,8.0,At-Risk High-Value,2654.41,5,0,12.0,0,0.046,Low Risk,Priority 4: Standard Loyalty Reward Program
54278,10.0,Champions,3669.27,1,0,18.0,0,0.164,Low Risk,Priority 4: Standard Loyalty Reward Program
54279,10.0,Loyal Customers,1686.85,1,0,10.0,0,0.065,Low Risk,Priority 4: Standard Loyalty Reward Program
54280,17.0,At-Risk High-Value,8101.22,1,1,33.0,0,0.029,Low Risk,Priority 4: Standard Loyalty Reward Program
54281,4.0,At-Risk High-Value,1662.43,3,0,30.0,0,0.033,Low Risk,Priority 4: Standard Loyalty Reward Program
54282,7.0,At-Risk High-Value,2051.06,4,0,29.0,0,0.019,Low Risk,Priority 4: Standard Loyalty Reward Program
54283,20.0,At-Risk High-Value,4802.32,4,1,21.0,1,0.962,High Risk,"Priority 1: Executive Concierge Call + ₹1,000 Credit"
54284,25.0,At-Risk High-Value,28192.56,3,0,13.0,0,0.025,Low Risk,Priority 4: Standard Loyalty Reward Program
54285,1.0,At-Risk High-Value,8215.68,3,1,13.0,1,0.985,High Risk,"Priority 1: Executive Concierge Call + ₹1,000 Credit"
54286,1.0,At-Risk High-Value,4088.7,4,0,13.0,0,0.117,Low Risk,Priority 4: Standard Loyalty Reward Program
54287,21.0,Champions,20074.56,1,0,30.0,1,0.971,High Risk,"Priority 1: Executive Concierge Call + ₹1,000 Credit"
54288,1.0,Loyal Customers,1559.25,3,1,29.0,1,0.998,High Risk,Priority 2: 25% Comeback Voucher + Free Express Delivery
54289,1.0,Champions,2478.8,1,0,9.0,0,0.118,Low Risk,Priority 4: Standard Loyalty Reward Program
54290,23.0,At-Risk High-Value,6292.11,5,0,27.0,0,0.076,Low Risk,Priority 4: Standard Loyalty Reward Program
54291,17.0,Champions,1896.29,3,0,35.0,0,0.093,Low Risk,Priority 4: Standard Loyalty Reward Program
54292,24.0,Champions,3581.82,1,0,19.0,0,0.055,Low Risk,Priority 4: Standard Loyalty Reward Program
54293,1.0,Champions,2814.74,3,1,27.0,1,0.898,High Risk,"Priority 1: Executive Concierge Call + ₹1,000 Credit"
54294,15.0,At-Risk High-Value,2275.79,3,1,16.0,0,0.124,Low Risk,Priority 4: Standard Loyalty Reward Program
54295,1.0,At-Risk High-Value,5095.86,3,0,32.0,0,0.277,Low Risk,Priority 4: Standard Loyalty Reward Program
54296,10.0,Champions,1918.51,4,0,13.0,0,0.079,Low Risk,Priority 4: Standard Loyalty Reward Program
54297,15.0,At-Risk High-Value,2546.5,1,0,15.0,1,0.913,High Risk,"Priority 1: Executive Concierge Call + ₹1,000 Credit"
54298,13.0,At-Risk High-Value,6072.66,3,0,11.0,0,0.055,Low Risk,Priority 4: Standard Loyalty Reward Program
54299,1.0,Champions,3487.94,3,0,35.0,0,0.286,Low Risk,Priority 4: Standard Loyalty Reward Program
54300,4.0,At-Risk High-Value,5182.92,1,1,16.0,0,0.019,Low Risk,Priority 4: Standard Loyalty Reward Program
54301,1.0,At-Risk High-Value,1837.0,5,0,16.0,1,0.988,High Risk,"Priority 1: Executive Concierge Call + ₹1,000 Credit"
54302,19.0,At-Risk High-Value,1754.72,1,0,36.0,0,0.05,Low Risk,Priority 4: Standard Loyalty Reward Program
54303,12.0,Champions,2774.8,3,1,10.0,0,0.034,Low Risk,Priority 4: Standard Loyalty Reward Program
54304,4.0,At-Risk High-Value,1664.52,3,0,25.0,0,0.034,Low Risk,Priority 4: Standard Loyalty Reward Program
54305,6.0,At-Risk High-Value,1888.48,1,0,16.0,0,0.049,Low Risk,Priority 4: Standard Loyalty Reward Program
54306,4.0,At-Risk High-Value,2591.16,5,0,12.0,0,0.06,Low Risk,Priority 4: Standard Loyalty Reward Program
54307,4.0,Loyal Customers,1674.2,1,0,9.0,0,0.034,Low Risk,Priority 4: Standard Loyalty Reward Program
54308,15.0,At-Risk High-Value,13059.64,5,0,17.0,0,0.021,Low Risk,Priority 4: Standard Loyalty Reward Program
54309,15.0,At-Risk High-Value,1621.18,5,0,16.0,0,0.015,Low Risk,Priority 4: Standard Loyalty Reward Program
54310,1.0,Loyal Customers,1538.13,4,0,10.0,0,0.393,Medium Risk,Priority 3: Personalized Recommendation + Free Shipping
54311,14.0,At-Risk High-Value,2987.32,4,0,33.0,0,0.039,Low Risk,Priority 4: Standard Loyalty Reward Program
54312,9.0,At-Risk High-Value,2177.45,4,0,7.0,0,0.032,Low Risk,Priority 4: Standard Loyalty Reward Program
54313,27.0,At-Risk High-Value,4071.65,3,1,13.0,0,0.05,Low Risk,Priority 4: Standard Loyalty Reward Program
54314,19.0,At-Risk High-Value,1633.28,4,0,16.0,0,0.017,Low Risk,Priority 4: Standard Loyalty Reward Program
54315,6.0,Champions,4729.56,1,0,15.0,0,0.187,Low Risk,Priority 4: Standard Loyalty Reward Program
54316,3.0,At-Risk High-Value,1850.09,3,0,7.0,0,0.006,Low Risk,Priority 4: Standard Loyalty Reward Program
54317,25.0,Champions,2049.52,3,0,14.0,0,0.021,Low Risk,Priority 4: Standard Loyalty Reward Program
54318,31.0,Loyal Customers,1743.06,4,1,16.0,0,0.069,Low Risk,Priority 4: Standard Loyalty Reward Program
54319,14.0,At-Risk High-Value,2569.05,1,0,11.0,0,0.126,Low Risk,Priority 4: Standard Loyalty Reward Program
54320,8.0,Loyal Customers,1620.41,3,0,9.0,0,0.061,Low Risk,Priority 4: Standard Loyalty Reward Program
54321,1.0,Champions,2445.8,1,0,26.0,0,0.089,Low Risk,Priority 4: Standard Loyalty Reward Program
54322,1.0,Champions,2396.46,4,0,16.0,0,0.275,Low Risk,Priority 4: Standard Loyalty Reward Program
54323,2.0,Loyal Customers,1673.43,1,0,28.0,0,0.075,Low Risk,Priority 4: Standard Loyalty Reward Program
54324,31.0,Champions,2413.29,1,1,31.0,0,0.018,Low Risk,Priority 4: Standard Loyalty Reward Program
54325,1.0,Loyal Customers,1657.26,3,1,10.0,0,0.328,Medium Risk,Priority 3: Personalized Recommendation + Free Shipping
54326,24.0,At-Risk High-Value,8917.15,4,0,18.0,0,0.005,Low Risk,Priority 4: Standard Loyalty Reward Program
54327,15.0,At-Risk High-Value,1644.61,3,0,21.0,0,0.051,Low Risk,Priority 4: Standard Loyalty Reward Program
54328,4.0,Champions,9644.36,1,0,12.0,0,0.066,Low Risk,Priority 4: Standard Loyalty Reward Program
54329,12.0,Champions,2330.46,1,0,7.0,0,0.038,Low Risk,Priority 4: Standard Loyalty Reward Program
54330,6.0,At-Risk High-Value,1709.18,3,0,13.0,0,0.023,Low Risk,Priority 4: Standard Loyalty Reward Program
54331,1.0,Loyal Customers,1711.38,4,1,24.0,0,0.416,Medium Risk,Priority 3: Personalized Recommendation + Free Shipping
54332,1.0,Loyal Customers,1630.75,5,0,7.0,1,0.992,High Risk,Priority 2: 25% Comeback Voucher + Free Express Delivery
54333,10.0,Champions,6418.72,4,0,10.0,0,0.047,Low Risk,Priority 4: Standard Loyalty Reward Program
54334,4.0,At-Risk High-Value,5995.22,5,0,16.0,0,0.043,Low Risk,Priority 4: Standard Loyalty Reward Program
54335,19.0,At-Risk High-Value,1925.66,5,1,11.0,0,0.115,Low Risk,Priority 4: Standard Loyalty Reward Program
54336,30.0,Champions,2764.9,5,1,15.0,0,0.079,Low Risk,Priority 4: Standard Loyalty Reward Program
54337,7.0,Loyal Customers,1650.0,1,0,9.0,0,0.027,Low Risk,Priority 4: Standard Loyalty Reward Program
54338,1.0,Loyal Customers,1496.22,1,0,9.0,1,0.968,High Risk,Priority 2: 25% Comeback Voucher + Free Express Delivery
54339,20.0,Champions,20198.64,5,0,7.0,0,0.02,Low Risk,Priority 4: Standard Loyalty Reward Program
54340,12.0,Champions,2440.02,1,0,16.0,0,0.023,Low Risk,Priority 4: Standard Loyalty Reward Program
54341,5.0,Loyal Customers,1807.19,1,1,19.0,0,0.151,Low Risk,Priority 4: Standard Loyalty Reward Program
54342,8.0,Loyal Customers,1629.21,4,0,34.0,0,0.067,Low Risk,Priority 4: Standard Loyalty Reward Program
54343,5.0,Loyal Customers,1720.4,4,1,27.0,1,0.99,High Risk,Priority 2: 25% Comeback Voucher + Free Express Delivery
54344,24.0,Loyal Customers,1780.9,3,0,7.0,0,0.013,Low Risk,Priority 4: Standard Loyalty Reward Program
54345,27.0,At-Risk High-Value,1864.5,5,0,20.0,0,0.011,Low Risk,Priority 4: Standard Loyalty Reward Program
54346,7.0,At-Risk High-Value,1678.16,4,0,21.0,0,0.019,Low Risk,Priority 4: Standard Loyalty Reward Program
54347,14.0,At-Risk High-Value,17343.15,3,0,11.0,0,0.026,Low Risk,Priority 4: Standard Loyalty Reward Program
54348,29.0,At-Risk High-Value,5151.63,4,0,21.0,0,0.009,Low Risk,Priority 4: Standard Loyalty Reward Program
54349,8.0,Champions,2425.17,3,0,9.0,0,0.023,Low Risk,Priority 4: Standard Loyalty Reward Program
54350,25.0,Champions,2885.74,4,0,10.0,0,0.005,Low Risk,Priority 4: Standard Loyalty Reward Program
54351,26.0,At-Risk High-Value,21449.34,3,0,7.0,0,0.015,Low Risk,Priority 4: Standard Loyalty Reward Program
54352,1.0,At-Risk High-Value,1625.69,4,0,16.0,0,0.344,Medium Risk,Priority 3: Personalized Recommendation + Free Shipping
54353,1.0,Champions,2025.76,3,1,30.0,1,0.991,High Risk,"Priority 1: Executive Concierge Call + ₹1,000 Credit"
54354,17.0,Champions,2407.18,1,0,14.0,0,0.037,Low Risk,Priority 4: Standard Loyalty Reward Program
54355,19.0,At-Risk High-Value,19332.72,1,0,9.0,0,0.021,Low Risk,Priority 4: Standard Loyalty Reward Program
54356,11.0,At-Risk High-Value,1767.04,5,1,28.0,0,0.072,Low Risk,Priority 4: Standard Loyalty Reward Program
54357,9.0,Champions,1861.75,4,0,9.0,0,0.017,Low Risk,Priority 4: Standard Loyalty Reward Program
54358,16.0,Champions,1954.15,3,0,28.0,0,0.032,Low Risk,Priority 4: Standard Loyalty Reward Program
54359,12.0,Champions,2095.83,3,0,9.0,0,0.037,Low Risk,Priority 4: Standard Loyalty Reward Program
54360,12.0,At-Risk High-Value,2063.71,1,0,36.0,0,0.013,Low Risk,Priority 4: Standard Loyalty Reward Program
54361,1.0,Champions,2771.67,5,0,7.0,0,0.163,Low Risk,Priority 4: Standard Loyalty Reward Program
54362,23.0,At-Risk High-Value,2123.44,1,1,25.0,0,0.009,Low Risk,Priority 4: Standard Loyalty Reward Program
54363,8.0,Champions,2691.98,3,1,17.0,0,0.252,Low Risk,Priority 4: Standard Loyalty Reward Program
54364,14.0,At-Risk High-Value,3353.02,1,1,26.0,0,0.029,Low Risk,Priority 4: Standard Loyalty Reward Program
54365,2.0,Champions,2109.03,5,1,36.0,1,0.713,High Risk,"Priority 1: Executive Concierge Call + ₹1,000 Credit"
54366,1.0,At-Risk High-Value,2215.29,1,0,34.0,1,0.797,High Risk,"Priority 1: Executive Concierge Call + ₹1,000 Credit"
54367,1.0,Champions,2446.62,4,1,12.0,0,0.178,Low Risk,Priority 4: Standard Loyalty Reward Program
54368,10.0,At-Risk High-Value,1611.83,1,0,25.0,0,0.018,Low Risk,Priority 4: Standard Loyalty Reward Program
54369,14.0,Champions,1911.36,1,0,16.0,0,0.052,Low Risk,Priority 4: Standard Loyalty Reward Program
54370,20.0,Champions,2408.56,5,0,7.0,0,0.087,Low Risk,Priority 4: Standard Loyalty Reward Program
54371,1.0,Champions,12595.0,1,0,11.0,1,0.994,High Risk,"Priority 1: Executive Concierge Call + ₹1,000 Credit"
54372,4.0,Champions,6921.42,3,0,7.0,0,0.099,Low Risk,Priority 4: Standard Loyalty Reward Program
54373,1.0,Champions,2472.91,3,0,27.0,0,0.138,Low Risk,Priority 4: Standard Loyalty Reward Program
54374,25.0,At-Risk High-Value,2748.9,4,0,15.0,0,0.006,Low Risk,Priority 4: Standard Loyalty Reward Program
54375,1.0,At-Risk High-Value,1667.27,5,1,10.0,1,0.987,High Risk,"Priority 1: Executive Concierge Call + ₹1,000 Credit"
54376,15.0,Champions,2870.01,1,1,13.0,0,0.081,Low Risk,Priority 4: Standard Loyalty Reward Program
54377,1.0,Champions,2111.56,5,0,33.0,1,0.997,High Risk,"Priority 1: Executive Concierge Call + ₹1,000 Credit"
54378,1.0,At-Risk High-Value,1601.38,3,0,7.0,1,0.865,High Risk,"Priority 1: Executive Concierge Call + ₹1,000 Credit"
54379,19.0,Champions,15275.98,1,0,13.0,0,0.081,Low Risk,Priority 4: Standard Loyalty Reward Program
54380,28.0,At-Risk High-Value,2028.4,5,0,10.0,0,0.002,Low Risk,Priority 4: Standard Loyalty Reward Program
54381,10.0,At-Risk High-Value,4051.08,4,0,12.0,0,0.023,Low Risk,Priority 4: Standard Loyalty Reward Program
54382,7.0,Loyal Customers,1663.42,4,0,11.0,0,0.052,Low Risk,Priority 4: Standard Loyalty Reward Program
54383,11.0,At-Risk High-Value,2715.35,1,1,18.0,0,0.017,Low Risk,Priority 4: Standard Loyalty Reward Program
54384,12.0,Champions,7625.97,3,0,10.0,0,0.077,Low Risk,Priority 4: Standard Loyalty Reward Program
54385,5.0,At-Risk High-Value,1852.95,3,0,7.0,0,0.011,Low Risk,Priority 4: Standard Loyalty Reward Program
54386,31.0,Loyal Customers,1614.47,1,0,10.0,0,0.061,Low Risk,Priority 4: Standard Loyalty Reward Program
54387,11.0,At-Risk High-Value,5046.69,1,0,11.0,0,0.069,Low Risk,Priority 4: Standard Loyalty Reward Program
54388,3.0,Champions,5614.95,1,0,7.0,0,0.053,Low Risk,Priority 4: Standard Loyalty Reward Program
54389,9.0,Champions,2341.79,3,0,7.0,0,0.026,Low Risk,Priority 4: Standard Loyalty Reward Program
54390,1.0,Loyal Customers,1637.79,1,1,25.0,1,0.977,High Risk,Priority 2: 25% Comeback Voucher + Free Express Delivery
54391,26.0,Champions,2592.48,1,0,9.0,0,0.014,Low Risk,Priority 4: Standard Loyalty Reward Program
54392,16.0,At-Risk High-Value,20943.12,1,0,11.0,0,0.032,Low Risk,Priority 4: Standard Loyalty Reward Program
54393,31.0,Champions,2436.55,3,0,13.0,0,0.041,Low Risk,Priority 4: Standard Loyalty Reward Program
54394,24.0,At-Risk High-Value,3521.87,1,0,7.0,0,0.037,Low Risk,Priority 4: Standard Loyalty Reward Program
54395,1.0,At-Risk High-Value,1642.96,1,1,21.0,1,0.994,High Risk,"Priority 1: Executive Concierge Call + ₹1,000 Credit"
54396,17.0,At-Risk High-Value,3142.04,1,1,23.0,0,0.032,Low Risk,Priority 4: Standard Loyalty Reward Program
54397,1.0,At-Risk High-Value,1672.77,5,0,9.0,1,0.96,High Risk,"Priority 1: Executive Concierge Call + ₹1,000 Credit"
54398,26.0,At-Risk High-Value,27779.84,3,1,9.0,0,0.06,Low Risk,Priority 4: Standard Loyalty Reward Program
54399,6.0,Loyal Customers,1807.41,4,0,11.0,0,0.018,Low Risk,Priority 4: Standard Loyalty Reward Program
54400,1.0,Loyal Customers,1785.3,3,1,7.0,1,0.893,High Risk,Priority 2: 25% Comeback Voucher + Free Express Delivery
54401,13.0,Loyal Customers,1620.52,3,0,7.0,0,0.021,Low Risk,Priority 4: Standard Loyalty Reward Program
54402,6.0,Champions,2799.23,1,0,33.0,0,0.017,Low Risk,Priority 4: Standard Loyalty Reward Program
54403,15.0,Loyal Customers,1712.92,5,0,26.0,0,0.04,Low Risk,Priority 4: Standard Loyalty Reward Program
54404,14.0,At-Risk High-Value,4350.22,1,0,31.0,0,0.011,Low Risk,Priority 4: Standard Loyalty Reward Program
54405,19.0,At-Risk High-Value,3487.22,1,0,7.0,0,0.037,Low Risk,Priority 4: Standard Loyalty Reward Program
54406,5.0,Champions,4318.88,3,0,10.0,0,0.059,Low Risk,Priority 4: Standard Loyalty Reward Program
54407,7.0,Loyal Customers,1695.21,1,0,12.0,0,0.026,Low Risk,Priority 4: Standard Loyalty Reward Program
54408,8.0,At-Risk High-Value,6090.81,5,0,9.0,0,0.056,Low Risk,Priority 4: Standard Loyalty Reward Program
54409,11.0,Loyal Customers,1806.2,5,0,7.0,0,0.033,Low Risk,Priority 4: Standard Loyalty Reward Program
54410,19.0,Champions,2082.74,3,0,14.0,0,0.031,Low Risk,Priority 4: Standard Loyalty Reward Program
54411,1.0,Champions,2480.28,3,0,17.0,1,0.988,High Risk,"Priority 1: Executive Concierge Call + ₹1,000 Credit"
54412,13.0,At-Risk High-Value,2578.18,3,0,9.0,0,0.023,Low Risk,Priority 4: Standard Loyalty Reward Program
54413,3.0,At-Risk High-Value,1632.4,1,0,22.0,0,0.042,Low Risk,Priority 4: Standard Loyalty Reward Program
54414,16.0,Champions,2094.95,5,1,24.0,0,0.053,Low Risk,Priority 4: Standard Loyalty Reward Program
54415,3.0,Champions,2137.41,1,0,27.0,0,0.03,Low Risk,Priority 4: Standard Loyalty Reward Program
54416,1.0,Champions,1913.78,3,0,7.0,0,0.127,Low Risk,Priority 4: Standard Loyalty Reward Program
54417,16.0,At-Risk High-Value,6640.92,5,1,9.0,0,0.094,Low Risk,Priority 4: Standard Loyalty Reward Program
54418,14.0,At-Risk High-Value,7025.92,3,0,9.0,0,0.024,Low Risk,Priority 4: Standard Loyalty Reward Program
54419,25.0,Loyal Customers,1674.53,1,0,7.0,0,0.036,Low Risk,Priority 4: Standard Loyalty Reward Program
54420,1.0,At-Risk High-Value,1757.69,4,0,36.0,1,0.958,High Risk,"Priority 1: Executive Concierge Call + ₹1,000 Credit"
54421,6.0,At-Risk High-Value,1682.34,4,0,14.0,0,0.016,Low Risk,Priority 4: Standard Loyalty Reward Program
54422,12.0,At-Risk High-Value,7809.56,1,0,9.0,0,0.053,Low Risk,Priority 4: Standard Loyalty Reward Program
54423,6.0,At-Risk High-Value,1614.36,5,0,9.0,0,0.069,Low Risk,Priority 4: Standard Loyalty Reward Program
54424,20.0,At-Risk High-Value,12923.68,4,1,9.0,0,0.05,Low Risk,Priority 4: Standard Loyalty Reward Program
54425,1.0,Loyal Customers,1758.35,3,0,9.0,1,0.875,High Risk,Priority 2: 25% Comeback Voucher + Free Express Delivery
54426,3.0,Champions,2105.84,4,0,9.0,0,0.082,Low Risk,Priority 4: Standard Loyalty Reward Program
54427,5.0,At-Risk High-Value,7956.08,1,0,30.0,0,0.076,Low Risk,Priority 4: Standard Loyalty Reward Program
54428,1.0,At-Risk High-Value,1815.0,5,0,12.0,0,0.047,Low Risk,Priority 4: Standard Loyalty Reward Program
54429,19.0,At-Risk High-Value,2859.56,1,1,27.0,0,0.004,Low Risk,Priority 4: Standard Loyalty Reward Program
54430,10.0,At-Risk High-Value,9504.55,1,0,13.0,0,0.032,Low Risk,Priority 4: Standard Loyalty Reward Program
54431,29.0,At-Risk High-Value,8674.88,5,1,7.0,0,0.036,Low Risk,Priority 4: Standard Loyalty Reward Program
54432,11.0,At-Risk High-Value,2678.39,4,1,36.0,1,0.964,High Risk,"Priority 1: Executive Concierge Call + ₹1,000 Credit"
54433,2.0,At-Risk High-Value,1602.7,1,0,16.0,0,0.025,Low Risk,Priority 4: Standard Loyalty Reward Program
54434,11.0,Champions,2090.22,1,0,13.0,0,0.086,Low Risk,Priority 4: Standard Loyalty Reward Program
54435,1.0,Loyal Customers,1730.3,3,0,10.0,0,0.275,Low Risk,Priority 4: Standard Loyalty Reward Program
54436,11.0,Champions,2871.33,1,1,7.0,0,0.034,Low Risk,Priority 4: Standard Loyalty Reward Program
54437,9.0,Champions,2694.56,4,0,29.0,0,0.054,Low Risk,Priority 4: Standard Loyalty Reward Program
54438,12.0,At-Risk High-Value,7966.2,5,1,14.0,0,0.038,Low Risk,Priority 4: Standard Loyalty Reward Program
54439,1.0,At-Risk High-Value,2078.67,4,0,7.0,0,0.06,Low Risk,Priority 4: Standard Loyalty Reward Program
54440,24.0,At-Risk High-Value,3480.84,4,0,11.0,0,0.01,Low Risk,Priority 4: Standard Loyalty Reward Program
54441,27.0,At-Risk High-Value,3309.24,3,1,10.0,0,0.019,Low Risk,Priority 4: Standard Loyalty Reward Program
54442,16.0,At-Risk High-Value,11488.62,3,0,7.0,0,0.045,Low Risk,Priority 4: Standard Loyalty Reward Program
54443,3.0,At-Risk High-Value,1875.94,1,0,9.0,0,0.019,Low Risk,Priority 4: Standard Loyalty Reward Program
54444,29.0,At-Risk High-Value,1970.65,1,1,27.0,0,0.022,Low Risk,Priority 4: Standard Loyalty Reward Program
54445,1.0,At-Risk High-Value,3793.02,5,1,18.0,0,0.251,Low Risk,Priority 4: Standard Loyalty Reward Program
54446,11.0,At-Risk High-Value,4822.95,1,0,7.0,0,0.018,Low Risk,Priority 4: Standard Loyalty Reward Program
54447,8.0,Loyal Customers,1722.71,3,1,31.0,1,0.919,High Risk,Priority 2: 25% Comeback Voucher + Free Express Delivery
54448,12.0,Champions,2006.95,1,0,30.0,0,0.004,Low Risk,Priority 4: Standard Loyalty Reward Program
54449,1.0,Loyal Customers,1636.03,4,1,23.0,1,0.988,High Risk,Priority 2: 25% Comeback Voucher + Free Express Delivery
54450,2.0,Loyal Customers,1739.1,1,0,15.0,0,0.037,Low Risk,Priority 4: Standard Loyalty Reward Program
54451,23.0,Champions,3428.15,5,1,17.0,0,0.04,Low Risk,Priority 4: Standard Loyalty Reward Program
54452,10.0,At-Risk High-Value,7473.4,4,0,10.0,0,0.014,Low Risk,Priority 4: Standard Loyalty Reward Program
54453,5.0,Champions,2522.68,4,0,12.0,0,0.019,Low Risk,Priority 4: Standard Loyalty Reward Program
54454,1.0,At-Risk High-Value,8064.32,1,1,11.0,1,0.98,High Risk,"Priority 1: Executive Concierge Call + ₹1,000 Credit"
54455,11.0,Loyal Customers,1630.86,1,1,16.0,0,0.262,Low Risk,Priority 4: Standard Loyalty Reward Program
54456,16.0,At-Risk High-Value,2862.75,4,0,33.0,0,0.037,Low Risk,Priority 4: Standard Loyalty Reward Program
54457,1.0,Loyal Customers,1531.2,3,0,10.0,1,0.945,High Risk,Priority 2: 25% Comeback Voucher + Free Express Delivery
54458,9.0,At-Risk High-Value,7900.2,4,0,23.0,0,0.085,Low Risk,Priority 4: Standard Loyalty Reward Program
54459,10.0,Loyal Customers,1780.68,1,0,25.0,0,0.025,Low Risk,Priority 4: Standard Loyalty Reward Program
54460,25.0,Champions,1978.02,4,0,9.0,0,0.015,Low Risk,Priority 4: Standard Loyalty Reward Program
54461,15.0,At-Risk High-Value,3136.65,4,0,9.0,0,0.018,Low Risk,Priority 4: Standard Loyalty Reward Program
54462,1.0,Loyal Customers,1507.0,3,0,17.0,0,0.368,Medium Risk,Priority 3: Personalized Recommendation + Free Shipping
54463,2.0,At-Risk High-Value,1997.71,5,0,23.0,0,0.049,Low Risk,Priority 4: Standard Loyalty Reward Program
54464,5.0,At-Risk High-Value,8548.76,1,0,14.0,0,0.06,Low Risk,Priority 4: Standard Loyalty Reward Program
54465,13.0,Champions,4864.86,1,0,7.0,0,0.07,Low Risk,Priority 4: Standard Loyalty Reward Program
54466,10.0,At-Risk High-Value,1999.14,4,0,31.0,0,0.03,Low Risk,Priority 4: Standard Loyalty Reward Program
54467,6.0,At-Risk High-Value,4945.6,3,0,14.0,0,0.004,Low Risk,Priority 4: Standard Loyalty Reward Program
54468,12.0,Champions,2701.71,4,0,32.0,0,0.044,Low Risk,Priority 4: Standard Loyalty Reward Program
54469,31.0,Champions,1997.6,3,1,7.0,0,0.036,Low Risk,Priority 4: Standard Loyalty Reward Program
54470,5.0,At-Risk High-Value,1905.31,1,1,12.0,0,0.052,Low Risk,Priority 4: Standard Loyalty Reward Program
54471,5.0,Champions,2080.1,5,0,9.0,0,0.043,Low Risk,Priority 4: Standard Loyalty Reward Program
54472,19.0,At-Risk High-Value,9740.5,5,0,14.0,0,0.035,Low Risk,Priority 4: Standard Loyalty Reward Program
54473,5.0,Champions,2507.17,1,1,9.0,0,0.12,Low Risk,Priority 4: Standard Loyalty Reward Program
54474,7.0,At-Risk High-Value,2681.58,4,0,12.0,0,0.115,Low Risk,Priority 4: Standard Loyalty Reward Program
54475,1.0,At-Risk High-Value,19514.88,5,1,17.0,0,0.16,Low Risk,Priority 4: Standard Loyalty Reward Program
54476,17.0,At-Risk High-Value,1645.05,1,0,17.0,0,0.017,Low Risk,Priority 4: Standard Loyalty Reward Program
54477,23.0,At-Risk High-Value,2911.04,3,1,7.0,0,0.02,Low Risk,Priority 4: Standard Loyalty Reward Program
54478,16.0,At-Risk High-Value,7674.04,4,0,15.0,1,0.914,High Risk,"Priority 1: Executive Concierge Call + ₹1,000 Credit"
54479,1.0,Loyal Customers,1647.58,4,1,12.0,0,0.597,Medium Risk,Priority 3: Personalized Recommendation + Free Shipping
54480,6.0,At-Risk High-Value,11700.48,4,1,15.0,0,0.04,Low Risk,Priority 4: Standard Loyalty Reward Program
54481,1.0,At-Risk High-Value,1867.58,3,1,9.0,0,0.19,Low Risk,Priority 4: Standard Loyalty Reward Program
54482,5.0,At-Risk High-Value,2205.17,1,0,14.0,0,0.027,Low Risk,Priority 4: Standard Loyalty Reward Program
54483,6.0,At-Risk High-Value,1931.05,1,0,9.0,0,0.008,Low Risk,Priority 4: Standard Loyalty Reward Program
54484,1.0,Champions,2634.06,1,1,9.0,1,0.994,High Risk,"Priority 1: Executive Concierge Call + ₹1,000 Credit"
54485,4.0,At-Risk High-Value,2010.25,1,0,35.0,0,0.05,Low Risk,Priority 4: Standard Loyalty Reward Program
54486,5.0,Champions,10614.28,3,0,14.0,0,0.066,Low Risk,Priority 4: Standard Loyalty Reward Program
54487,13.0,At-Risk High-Value,24464.44,1,0,14.0,0,0.037,Low Risk,Priority 4: Standard Loyalty Reward Program
54488,3.0,Champions,1951.18,3,1,10.0,1,0.941,High Risk,"Priority 1: Executive Concierge Call + ₹1,000 Credit"
54489,7.0,Champions,1890.02,1,0,17.0,0,0.048,Low Risk,Priority 4: Standard Loyalty Reward Program
54490,21.0,Champions,3388.0,3,0,12.0,0,0.013,Low Risk,Priority 4: Standard Loyalty Reward Program
54491,17.0,Champions,1953.27,3,0,17.0,0,0.013,Low Risk,Priority 4: Standard Loyalty Reward Program
54492,1.0,At-Risk High-Value,2073.39,4,1,7.0,0,0.125,Low Risk,Priority 4: Standard Loyalty Reward Program
54493,28.0,At-Risk High-Value,1910.59,3,0,27.0,0,0.037,Low Risk,Priority 4: Standard Loyalty Reward Program
54494,17.0,Champions,2473.35,5,0,14.0,0,0.07,Low Risk,Priority 4: Standard Loyalty Reward Program
54495,19.0,At-Risk High-Value,8908.35,1,0,15.0,0,0.054,Low Risk,Priority 4: Standard Loyalty Reward Program
54496,14.0,Champions,2195.27,1,1,7.0,0,0.048,Low Risk,Priority 4: Standard Loyalty Reward Program
54497,1.0,At-Risk High-Value,1608.09,5,1,15.0,1,0.803,High Risk,"Priority 1: Executive Concierge Call + ₹1,000 Credit"
54498,3.0,Champions,2719.7,1,0,16.0,0,0.037,Low Risk,Priority 4: Standard Loyalty Reward Program
54499,4.0,Champions,2047.98,3,0,12.0,0,0.018,Low Risk,Priority 4: Standard Loyalty Reward Program
54500,1.0,At-Risk High-Value,2058.54,4,0,15.0,0,0.131,Low Risk,Priority 4: Standard Loyalty Reward Program
54501,11.0,At-Risk High-Value,2073.17,1,0,12.0,0,0.026,Low Risk,Priority 4: Standard Loyalty Reward Program
54502,12.0,At-Risk High-Value,2641.1,1,1,22.0,0,0.02,Low Risk,Priority 4: Standard Loyalty Reward Program
54503,5.0,At-Risk High-Value,5401.82,1,1,14.0,0,0.054,Low Risk,Priority 4: Standard Loyalty Reward Program
54504,3.0,At-Risk High-Value,2284.48,4,1,17.0,0,0.051,Low Risk,Priority 4: Standard Loyalty Reward Program
54505,9.0,At-Risk High-Value,2265.45,4,0,12.0,0,0.045,Low Risk,Priority 4: Standard Loyalty Reward Program
54506,1.0,Loyal Customers,1694.44,1,0,33.0,0,0.078,Low Risk,Priority 4: Standard Loyalty Reward Program
54507,15.0,Champions,2038.52,4,1,13.0,0,0.08,Low Risk,Priority 4: Standard Loyalty Reward Program
54508,21.0,Loyal Customers,1702.36,3,0,11.0,0,0.098,Low Risk,Priority 4: Standard Loyalty Reward Program
54509,16.0,Champions,3134.12,1,0,30.0,0,0.002,Low Risk,Priority 4: Standard Loyalty Reward Program
54510,3.0,Champions,1886.39,3,0,9.0,0,0.052,Low Risk,Priority 4: Standard Loyalty Reward Program
54511,16.0,Loyal Customers,1671.56,3,1,9.0,0,0.082,Low Risk,Priority 4: Standard Loyalty Reward Program
54512,6.0,At-Risk High-Value,1635.7,4,0,9.0,0,0.011,Low Risk,Priority 4: Standard Loyalty Reward Program
54513,22.0,Champions,2750.44,3,0,36.0,0,0.023,Low Risk,Priority 4: Standard Loyalty Reward Program
54514,11.0,At-Risk High-Value,7112.49,5,1,13.0,0,0.073,Low Risk,Priority 4: Standard Loyalty Reward Program
54515,4.0,Champions,2843.94,3,1,32.0,0,0.172,Low Risk,Priority 4: Standard Loyalty Reward Program
54516,1.0,At-Risk High-Value,7830.24,3,0,7.0,0,0.229,Low Risk,Priority 4: Standard Loyalty Reward Program
54517,16.0,Champions,2120.91,1,0,9.0,0,0.02,Low Risk,Priority 4: Standard Loyalty Reward Program
54518,1.0,Loyal Customers,1614.14,4,1,7.0,1,0.988,High Risk,Priority 2: 25% Comeback Voucher + Free Express Delivery
54519,10.0,Champions,2106.83,1,0,7.0,0,0.049,Low Risk,Priority 4: Standard Loyalty Reward Program
54520,10.0,Champions,2441.89,1,0,10.0,0,0.081,Low Risk,Priority 4: Standard Loyalty Reward Program
54521,31.0,Champions,2118.05,3,0,7.0,0,0.016,Low Risk,Priority 4: Standard Loyalty Reward Program
54522,14.0,At-Risk High-Value,1618.43,3,1,17.0,0,0.148,Low Risk,Priority 4: Standard Loyalty Reward Program
54523,1.0,Champions,2493.15,1,0,16.0,0,0.125,Low Risk,Priority 4: Standard Loyalty Reward Program
54524,1.0,Loyal Customers,1688.61,3,1,12.0,1,0.989,High Risk,Priority 2: 25% Comeback Voucher + Free Express Delivery
54525,11.0,At-Risk High-Value,1754.72,5,0,17.0,0,0.066,Low Risk,Priority 4: Standard Loyalty Reward Program
54526,20.0,Champions,1953.38,3,0,14.0,0,0.016,Low Risk,Priority 4: Standard Loyalty Reward Program
54527,5.0,Champions,9616.2,4,0,11.0,1,0.976,High Risk,"Priority 1: Executive Concierge Call + ₹1,000 Credit"
54528,24.0,Champions,2529.56,1,0,17.0,0,0.041,Low Risk,Priority 4: Standard Loyalty Reward Program
54529,4.0,Champions,2076.8,3,1,29.0,1,0.978,High Risk,"Priority 1: Executive Concierge Call + ₹1,000 Credit"
54530,5.0,Champions,2500.9,4,1,16.0,0,0.241,Low Risk,Priority 4: Standard Loyalty Reward Program
54531,1.0,Loyal Customers,1673.76,4,0,19.0,1,0.976,High Risk,Priority 2: 25% Comeback Voucher + Free Express Delivery
54532,3.0,Loyal Customers,1617.11,1,0,30.0,0,0.085,Low Risk,Priority 4: Standard Loyalty Reward Program
54533,9.0,Champions,2094.4,4,0,16.0,0,0.067,Low Risk,Priority 4: Standard Loyalty Reward Program
54534,1.0,At-Risk High-Value,1794.76,4,0,7.0,0,0.068,Low Risk,Priority 4: Standard Loyalty Reward Program
54535,2.0,At-Risk High-Value,1952.83,1,0,16.0,0,0.029,Low Risk,Priority 4: Standard Loyalty Reward Program
54536,23.0,Champions,2581.15,3,0,14.0,0,0.011,Low Risk,Priority 4: Standard Loyalty Reward Program
54537,25.0,At-Risk High-Value,1917.96,1,0,21.0,0,0.016,Low Risk,Priority 4: Standard Loyalty Reward Program
54538,10.0,Champions,2482.1,3,0,9.0,0,0.044,Low Risk,Priority 4: Standard Loyalty Reward Program
54539,1.0,At-Risk High-Value,1958.44,1,1,26.0,1,0.99,High Risk,"Priority 1: Executive Concierge Call + ₹1,000 Credit"
54540,29.0,Champions,3207.49,1,1,9.0,0,0.015,Low Risk,Priority 4: Standard Loyalty Reward Program
54541,1.0,At-Risk High-Value,1843.6,3,1,17.0,0,0.137,Low Risk,Priority 4: Standard Loyalty Reward Program
54542,4.0,Loyal Customers,1647.36,4,0,9.0,0,0.112,Low Risk,Priority 4: Standard Loyalty Reward Program
54543,1.0,At-Risk High-Value,1716.22,5,0,10.0,1,0.982,High Risk,"Priority 1: Executive Concierge Call + ₹1,000 Credit"
54544,1.0,Loyal Customers,1621.84,4,0,18.0,0,0.19,Low Risk,Priority 4: Standard Loyalty Reward Program
54545,10.0,Champions,11052.8,3,0,9.0,0,0.054,Low Risk,Priority 4: Standard Loyalty Reward Program
54546,1.0,Loyal Customers,1626.35,1,1,11.0,1,0.99,High Risk,Priority 2: 25% Comeback Voucher + Free Express Delivery
54547,11.0,At-Risk High-Value,11106.81,5,0,21.0,0,0.072,Low Risk,Priority 4: Standard Loyalty Reward Program
54548,14.0,At-Risk High-Value,2003.65,4,0,9.0,0,0.009,Low Risk,Priority 4: Standard Loyalty Reward Program
54549,16.0,Loyal Customers,1658.36,5,0,7.0,0,0.033,Low Risk,Priority 4: Standard Loyalty Reward Program
54550,11.0,Loyal Customers,1836.67,4,1,17.0,0,0.05,Low Risk,Priority 4: Standard Loyalty Reward Program
54551,17.0,At-Risk High-Value,5903.92,4,0,19.0,0,0.005,Low Risk,Priority 4: Standard Loyalty Reward Program
54552,14.0,Loyal Customers,1754.28,3,0,9.0,0,0.024,Low Risk,Priority 4: Standard Loyalty Reward Program
54553,28.0,Champions,3509.66,5,0,12.0,0,0.009,Low Risk,Priority 4: Standard Loyalty Reward Program
54554,8.0,Champions,2094.18,3,0,11.0,0,0.088,Low Risk,Priority 4: Standard Loyalty Reward Program
54555,5.0,At-Risk High-Value,3697.32,5,0,14.0,0,0.032,Low Risk,Priority 4: Standard Loyalty Reward Program
54556,17.0,Loyal Customers,1623.38,1,0,28.0,0,0.042,Low Risk,Priority 4: Standard Loyalty Reward Program
54557,17.0,Champions,1872.42,3,1,15.0,0,0.041,Low Risk,Priority 4: Standard Loyalty Reward Program
54558,1.0,At-Risk High-Value,1868.57,1,1,11.0,0,0.101,Low Risk,Priority 4: Standard Loyalty Reward Program
54559,11.0,At-Risk High-Value,10254.14,3,1,32.0,0,0.046,Low Risk,Priority 4: Standard Loyalty Reward Program
54560,5.0,Champions,3237.96,5,0,7.0,0,0.051,Low Risk,Priority 4: Standard Loyalty Reward Program
54561,13.0,At-Risk High-Value,3486.67,3,1,7.0,0,0.062,Low Risk,Priority 4: Standard Loyalty Reward Program
54562,30.0,At-Risk High-Value,2828.32,5,0,13.0,0,0.065,Low Risk,Priority 4: Standard Loyalty Reward Program
54563,4.0,At-Risk High-Value,5246.18,3,0,19.0,0,0.104,Low Risk,Priority 4: Standard Loyalty Reward Program
54564,15.0,At-Risk High-Value,2298.12,5,0,7.0,0,0.017,Low Risk,Priority 4: Standard Loyalty Reward Program
54565,2.0,At-Risk High-Value,1876.38,5,0,24.0,0,0.034,Low Risk,Priority 4: Standard Loyalty Reward Program
54566,1.0,Loyal Customers,1818.41,5,0,10.0,1,0.943,High Risk,Priority 2: 25% Comeback Voucher + Free Express Delivery
54567,26.0,At-Risk High-Value,2251.59,3,1,10.0,0,0.022,Low Risk,Priority 4: Standard Loyalty Reward Program
54568,19.0,Loyal Customers,1666.94,1,0,17.0,0,0.021,Low Risk,Priority 4: Standard Loyalty Reward Program
54569,26.0,At-Risk High-Value,3196.05,1,0,11.0,0,0.007,Low Risk,Priority 4: Standard Loyalty Reward Program
54570,16.0,Champions,1876.16,3,0,36.0,0,0.032,Low Risk,Priority 4: Standard Loyalty Reward Program
54571,4.0,Champions,2045.01,1,0,9.0,0,0.09,Low Risk,Priority 4: Standard Loyalty Reward Program
54572,31.0,At-Risk High-Value,21163.56,5,0,14.0,0,0.015,Low Risk,Priority 4: Standard Loyalty Reward Program
54573,20.0,At-Risk High-Value,1904.1,3,0,25.0,0,0.025,Low Risk,Priority 4: Standard Loyalty Reward Program
54574,16.0,At-Risk High-Value,1872.53,1,0,35.0,0,0.033,Low Risk,Priority 4: Standard Loyalty Reward Program
54575,1.0,At-Risk High-Value,1727.22,4,1,7.0,1,0.988,High Risk,"Priority 1: Executive Concierge Call + ₹1,000 Credit"
54576,1.0,Loyal Customers,1633.61,3,0,13.0,1,0.995,High Risk,Priority 2: 25% Comeback Voucher + Free Express Delivery
54577,12.0,Loyal Customers,1562.22,1,1,9.0,0,0.206,Low Risk,Priority 4: Standard Loyalty Reward Program
54578,14.0,At-Risk High-Value,3359.51,3,0,9.0,0,0.042,Low Risk,Priority 4: Standard Loyalty Reward Program
54579,1.0,Loyal Customers,1692.46,1,0,30.0,0,0.095,Low Risk,Priority 4: Standard Loyalty Reward Program
54580,4.0,At-Risk High-Value,1605.67,1,0,10.0,0,0.035,Low Risk,Priority 4: Standard Loyalty Reward Program
54581,3.0,At-Risk High-Value,2687.85,3,0,10.0,0,0.029,Low Risk,Priority 4: Standard Loyalty Reward Program
54582,1.0,Loyal Customers,1655.06,4,0,32.0,1,0.941,High Risk,Priority 2: 25% Comeback Voucher + Free Express Delivery
54583,1.0,Loyal Customers,1657.04,1,0,9.0,1,0.983,High Risk,Priority 2: 25% Comeback Voucher + Free Express Delivery
54584,4.0,At-Risk High-Value,9201.28,5,0,29.0,0,0.065,Low Risk,Priority 4: Standard Loyalty Reward Program
54585,31.0,Champions,2927.98,1,0,36.0,0,0.02,Low Risk,Priority 4: Standard Loyalty Reward Program
54586,24.0,At-Risk High-Value,26000.48,3,0,36.0,0,0.06,Low Risk,Priority 4: Standard Loyalty Reward Program
54587,4.0,At-Risk High-Value,5799.64,1,0,9.0,0,0.01,Low Risk,Priority 4: Standard Loyalty Reward Program
54588,31.0,Champions,17529.82,5,0,35.0,0,0.05,Low Risk,Priority 4: Standard Loyalty Reward Program
54589,21.0,At-Risk High-Value,1932.7,1,0,9.0,0,0.026,Low Risk,Priority 4: Standard Loyalty Reward Program
54590,20.0,Champions,3339.71,3,0,9.0,0,0.01,Low Risk,Priority 4: Standard Loyalty Reward Program
54591,9.0,At-Risk High-Value,4600.75,3,0,29.0,0,0.067,Low Risk,Priority 4: Standard Loyalty Reward Program
54592,28.0,Loyal Customers,1790.8,3,0,6.0,0,0.026,Low Risk,Priority 4: Standard Loyalty Reward Program
54593,8.0,At-Risk High-Value,5038.44,3,0,9.0,0,0.025,Low Risk,Priority 4: Standard Loyalty Reward Program
54594,6.0,Champions,2372.81,1,1,17.0,0,0.044,Low Risk,Priority 4: Standard Loyalty Reward Program
54595,5.0,At-Risk High-Value,2546.28,4,0,16.0,0,0.043,Low Risk,Priority 4: Standard Loyalty Reward Program
54596,1.0,At-Risk High-Value,11488.4,3,1,22.0,1,0.969,High Risk,"Priority 1: Executive Concierge Call + ₹1,000 Credit"
54597,1.0,At-Risk High-Value,1749.88,1,0,17.0,1,0.981,High Risk,"Priority 1: Executive Concierge Call + ₹1,000 Credit"
54598,4.0,Loyal Customers,1703.13,4,0,14.0,0,0.067,Low Risk,Priority 4: Standard Loyalty Reward Program
54599,9.0,Champions,2214.52,3,1,23.0,0,0.132,Low Risk,Priority 4: Standard Loyalty Reward Program
54600,1.0,Champions,2455.64,3,0,27.0,1,0.988,High Risk,"Priority 1: Executive Concierge Call + ₹1,000 Credit"
54601,1.0,Champions,2469.5,5,1,30.0,1,0.987,High Risk,"Priority 1: Executive Concierge Call + ₹1,000 Credit"
54602,16.0,Champions,2407.85,3,0,12.0,0,0.046,Low Risk,Priority 4: Standard Loyalty Reward Program
54603,10.0,Champions,12364.0,1,0,17.0,0,0.109,Low Risk,Priority 4: Standard Loyalty Reward Program
54604,1.0,Loyal Customers,1803.34,3,0,11.0,1,0.964,High Risk,Priority 2: 25% Comeback Voucher + Free Express Delivery
54605,22.0,At-Risk High-Value,6372.13,1,0,9.0,0,0.127,Low Risk,Priority 4: Standard Loyalty Reward Program
54606,29.0,At-Risk High-Value,12907.4,4,0,25.0,0,0.009,Low Risk,Priority 4: Standard Loyalty Reward Program
54607,15.0,At-Risk High-Value,2060.3,1,0,17.0,0,0.012,Low Risk,Priority 4: Standard Loyalty Reward Program
54608,9.0,At-Risk High-Value,6628.54,3,0,7.0,0,0.093,Low Risk,Priority 4: Standard Loyalty Reward Program
54609,14.0,At-Risk High-Value,2831.07,3,0,13.0,0,0.011,Low Risk,Priority 4: Standard Loyalty Reward Program
54610,13.0,At-Risk High-Value,1788.05,3,0,15.0,0,0.009,Low Risk,Priority 4: Standard Loyalty Reward Program
54611,5.0,At-Risk High-Value,2099.02,1,1,9.0,0,0.171,Low Risk,Priority 4: Standard Loyalty Reward Program
54612,16.0,At-Risk High-Value,6568.98,5,1,31.0,0,0.111,Low Risk,Priority 4: Standard Loyalty Reward Program
54613,19.0,At-Risk High-Value,3807.1,4,0,9.0,0,0.01,Low Risk,Priority 4: Standard Loyalty Reward Program
54614,1.0,Loyal Customers,1676.51,3,1,24.0,1,0.984,High Risk,Priority 2: 25% Comeback Voucher + Free Express Delivery
54615,3.0,Champions,1843.82,1,0,26.0,0,0.046,Low Risk,Priority 4: Standard Loyalty Reward Program
54616,7.0,At-Risk High-Value,3155.24,3,0,7.0,0,0.028,Low Risk,Priority 4: Standard Loyalty Reward Program
54617,5.0,Champions,2646.27,1,0,14.0,0,0.084,Low Risk,Priority 4: Standard Loyalty Reward Program
54618,1.0,Loyal Customers,1581.58,4,1,12.0,1,0.996,High Risk,Priority 2: 25% Comeback Voucher + Free Express Delivery
54619,14.0,Champions,2577.52,5,0,35.0,0,0.036,Low Risk,Priority 4: Standard Loyalty Reward Program
54620,15.0,At-Risk High-Value,2124.21,3,1,9.0,0,0.04,Low Risk,Priority 4: Standard Loyalty Reward Program
54621,1.0,Champions,1848.66,3,0,36.0,0,0.201,Low Risk,Priority 4: Standard Loyalty Reward Program
54622,9.0,At-Risk High-Value,1909.49,3,0,7.0,0,0.027,Low Risk,Priority 4: Standard Loyalty Reward Program
54623,8.0,At-Risk High-Value,5886.21,1,0,28.0,0,0.049,Low Risk,Priority 4: Standard Loyalty Reward Program
54624,1.0,Loyal Customers,1632.4,1,1,31.0,1,0.995,High Risk,Priority 2: 25% Comeback Voucher + Free Express Delivery
54625,11.0,Champions,2199.01,1,0,7.0,0,0.071,Low Risk,Priority 4: Standard Loyalty Reward Program
54626,20.0,Champions,2532.97,3,0,25.0,0,0.071,Low Risk,Priority 4: Standard Loyalty Reward Program
54627,15.0,At-Risk High-Value,19202.7,5,0,9.0,0,0.035,Low Risk,Priority 4: Standard Loyalty Reward Program
54628,11.0,Champions,9386.96,4,0,16.0,0,0.143,Low Risk,Priority 4: Standard Loyalty Reward Program
54629,26.0,At-Risk High-Value,6959.64,5,1,13.0,0,0.012,Low Risk,Priority 4: Standard Loyalty Reward Program
54630,1.0,Champions,1892.77,3,0,18.0,1,0.767,High Risk,"Priority 1: Executive Concierge Call + ₹1,000 Credit"
54631,1.0,Champions,2458.5,1,0,31.0,0,0.269,Low Risk,Priority 4: Standard Loyalty Reward Program
54632,12.0,Champions,2455.64,3,0,17.0,0,0.097,Low Risk,Priority 4: Standard Loyalty Reward Program
54633,11.0,At-Risk High-Value,5210.42,4,0,7.0,0,0.067,Low Risk,Priority 4: Standard Loyalty Reward Program
54634,23.0,At-Risk High-Value,3520.22,3,1,25.0,0,0.013,Low Risk,Priority 4: Standard Loyalty Reward Program
54635,1.0,At-Risk High-Value,1674.75,1,1,30.0,0,0.284,Low Risk,Priority 4: Standard Loyalty Reward Program
54636,1.0,At-Risk High-Value,2064.92,4,0,35.0,0,0.099,Low Risk,Priority 4: Standard Loyalty Reward Program
54637,1.0,Loyal Customers,1608.97,4,0,24.0,0,0.454,Medium Risk,Priority 3: Personalized Recommendation + Free Shipping
54638,24.0,At-Risk High-Value,18573.5,4,0,10.0,0,0.006,Low Risk,Priority 4: Standard Loyalty Reward Program
54639,1.0,At-Risk High-Value,1605.56,3,0,20.0,0,0.209,Low Risk,Priority 4: Standard Loyalty Reward Program
54640,1.0,Loyal Customers,1692.46,3,1,14.0,1,0.952,High Risk,Priority 2: 25% Comeback Voucher + Free Express Delivery
54641,1.0,Loyal Customers,1598.63,5,0,19.0,1,0.982,High Risk,Priority 2: 25% Comeback Voucher + Free Express Delivery
54642,8.0,At-Risk High-Value,1773.42,1,1,7.0,0,0.191,Low Risk,Priority 4: Standard Loyalty Reward Program
54643,1.0,Loyal Customers,1840.63,5,0,20.0,1,0.99,High Risk,Priority 2: 25% Comeback Voucher + Free Express Delivery
54644,9.0,Loyal Customers,1779.91,1,0,32.0,0,0.014,Low Risk,Priority 4: Standard Loyalty Reward Program
54645,5.0,At-Risk High-Value,5926.8,1,0,13.0,0,0.041,Low Risk,Priority 4: Standard Loyalty Reward Program
54646,1.0,At-Risk High-Value,1615.57,3,0,13.0,0,0.14,Low Risk,Priority 4: Standard Loyalty Reward Program
54647,11.0,Champions,2431.22,3,1,9.0,0,0.16,Low Risk,Priority 4: Standard Loyalty Reward Program
54648,1.0,Loyal Customers,1686.96,4,0,7.0,0,0.374,Medium Risk,Priority 3: Personalized Recommendation + Free Shipping
54649,16.0,Champions,2737.18,1,0,9.0,0,0.014,Low Risk,Priority 4: Standard Loyalty Reward Program
54650,17.0,Champions,3203.97,1,1,13.0,0,0.02,Low Risk,Priority 4: Standard Loyalty Reward Program
54651,12.0,Loyal Customers,1663.09,5,0,7.0,0,0.077,Low Risk,Priority 4: Standard Loyalty Reward Program
54652,17.0,At-Risk High-Value,4999.22,3,1,16.0,0,0.055,Low Risk,Priority 4: Standard Loyalty Reward Program
54653,22.0,Champions,3069.22,5,0,7.0,0,0.01,Low Risk,Priority 4: Standard Loyalty Reward Program
54654,18.0,Champions,2033.35,3,0,7.0,0,0.01,Low Risk,Priority 4: Standard Loyalty Reward Program
54655,8.0,At-Risk High-Value,1658.69,3,1,21.0,0,0.147,Low Risk,Priority 4: Standard Loyalty Reward Program
54656,1.0,Loyal Customers,1709.51,5,0,9.0,1,0.977,High Risk,Priority 2: 25% Comeback Voucher + Free Express Delivery
54657,1.0,Loyal Customers,1754.17,3,0,29.0,0,0.267,Low Risk,Priority 4: Standard Loyalty Reward Program
54658,18.0,Champions,3521.43,1,1,10.0,0,0.05,Low Risk,Priority 4: Standard Loyalty Reward Program
54659,1.0,Champions,2520.04,3,0,13.0,0,0.146,Low Risk,Priority 4: Standard Loyalty Reward Program
54660,7.0,Champions,2156.44,3,0,15.0,0,0.02,Low Risk,Priority 4: Standard Loyalty Reward Program
54661,6.0,At-Risk High-Value,2070.42,1,1,16.0,0,0.008,Low Risk,Priority 4: Standard Loyalty Reward Program
54662,4.0,Loyal Customers,1604.13,3,0,10.0,0,0.047,Low Risk,Priority 4: Standard Loyalty Reward Program
54663,27.0,At-Risk High-Value,10336.09,5,0,7.0,0,0.021,Low Risk,Priority 4: Standard Loyalty Reward Program
54664,8.0,At-Risk High-Value,7519.54,1,0,7.0,0,0.037,Low Risk,Priority 4: Standard Loyalty Reward Program
54665,9.0,Champions,1846.46,5,0,33.0,1,0.944,High Risk,"Priority 1: Executive Concierge Call + ₹1,000 Credit"
54666,1.0,Loyal Customers,891.0,1,1,13.0,0,0.326,Medium Risk,Priority 3: Personalized Recommendation + Free Shipping
54667,11.0,Champions,9650.96,3,0,10.0,0,0.05,Low Risk,Priority 4: Standard Loyalty Reward Program
54668,3.0,Champions,1986.71,3,0,10.0,0,0.017,Low Risk,Priority 4: Standard Loyalty Reward Program
54669,9.0,At-Risk High-Value,12636.36,1,0,13.0,0,0.065,Low Risk,Priority 4: Standard Loyalty Reward Program
54670,7.0,At-Risk High-Value,5561.88,1,0,13.0,0,0.027,Low Risk,Priority 4: Standard Loyalty Reward Program
54671,28.0,Champions,2554.75,4,0,26.0,0,0.006,Low Risk,Priority 4: Standard Loyalty Reward Program
54672,10.0,Champions,2348.17,4,1,16.0,0,0.051,Low Risk,Priority 4: Standard Loyalty Reward Program
54673,1.0,Loyal Customers,1599.95,1,0,10.0,0,0.219,Low Risk,Priority 4: Standard Loyalty Reward Program
54674,1.0,Loyal Customers,1485.99,3,1,17.0,1,0.989,High Risk,Priority 2: 25% Comeback Voucher + Free Express Delivery
54675,1.0,At-Risk High-Value,8716.4,5,1,10.0,1,0.993,High Risk,"Priority 1: Executive Concierge Call + ₹1,000 Credit"
54676,9.0,Loyal Customers,1515.91,3,0,10.0,0,0.073,Low Risk,Priority 4: Standard Loyalty Reward Program
54677,1.0,Loyal Customers,1685.09,5,0,11.0,0,0.202,Low Risk,Priority 4: Standard Loyalty Reward Program
54678,1.0,Champions,1908.61,4,0,15.0,0,0.064,Low Risk,Priority 4: Standard Loyalty Reward Program
54679,12.0,At-Risk High-Value,1818.08,1,0,14.0,0,0.04,Low Risk,Priority 4: Standard Loyalty Reward Program
54680,3.0,At-Risk High-Value,2511.3,1,0,7.0,0,0.049,Low Risk,Priority 4: Standard Loyalty Reward Program
54681,22.0,At-Risk High-Value,3402.3,4,0,9.0,0,0.017,Low Risk,Priority 4: Standard Loyalty Reward Program
54682,1.0,At-Risk High-Value,1886.17,1,1,10.0,0,0.061,Low Risk,Priority 4: Standard Loyalty Reward Program
54683,11.0,Champions,1889.8,1,0,17.0,0,0.074,Low Risk,Priority 4: Standard Loyalty Reward Program
54684,24.0,At-Risk High-Value,3458.62,3,1,35.0,0,0.043,Low Risk,Priority 4: Standard Loyalty Reward Program
54685,8.0,At-Risk High-Value,9293.24,4,0,16.0,0,0.047,Low Risk,Priority 4: Standard Loyalty Reward Program
54686,1.0,Champions,2817.7,3,0,10.0,1,0.99,High Risk,"Priority 1: Executive Concierge Call + ₹1,000 Credit"
54687,13.0,At-Risk High-Value,11254.98,3,0,9.0,0,0.02,Low Risk,Priority 4: Standard Loyalty Reward Program
54688,6.0,At-Risk High-Value,1968.56,1,0,17.0,0,0.014,Low Risk,Priority 4: Standard Loyalty Reward Program
54689,14.0,At-Risk High-Value,2122.56,3,1,15.0,1,0.918,High Risk,"Priority 1: Executive Concierge Call + ₹1,000 Credit"
54690,12.0,At-Risk High-Value,2213.75,1,0,7.0,0,0.017,Low Risk,Priority 4: Standard Loyalty Reward Program
54691,1.0,At-Risk High-Value,2190.32,5,0,7.0,0,0.145,Low Risk,Priority 4: Standard Loyalty Reward Program
54692,6.0,At-Risk High-Value,2602.49,1,0,10.0,0,0.051,Low Risk,Priority 4: Standard Loyalty Reward Program
54693,21.0,At-Risk High-Value,1920.6,5,0,21.0,0,0.005,Low Risk,Priority 4: Standard Loyalty Reward Program
54694,14.0,At-Risk High-Value,2527.25,5,1,12.0,0,0.132,Low Risk,Priority 4: Standard Loyalty Reward Program
54695,27.0,At-Risk High-Value,3004.54,3,0,14.0,0,0.008,Low Risk,Priority 4: Standard Loyalty Reward Program
54696,15.0,At-Risk High-Value,22623.32,1,0,17.0,0,0.048,Low Risk,Priority 4: Standard Loyalty Reward Program
54697,31.0,At-Risk High-Value,2954.32,5,0,23.0,0,0.034,Low Risk,Priority 4: Standard Loyalty Reward Program
54698,1.0,At-Risk High-Value,2342.23,5,0,17.0,0,0.181,Low Risk,Priority 4: Standard Loyalty Reward Program
54699,15.0,At-Risk High-Value,5228.68,3,0,7.0,0,0.018,Low Risk,Priority 4: Standard Loyalty Reward Program
54700,24.0,At-Risk High-Value,2701.88,4,0,15.0,0,0.024,Low Risk,Priority 4: Standard Loyalty Reward Program
54701,1.0,At-Risk High-Value,3237.52,4,1,7.0,1,0.994,High Risk,"Priority 1: Executive Concierge Call + ₹1,000 Credit"
54702,10.0,At-Risk High-Value,2663.43,5,0,15.0,0,0.05,Low Risk,Priority 4: Standard Loyalty Reward Program
54703,12.0,Champions,2239.71,3,1,7.0,0,0.116,Low Risk,Priority 4: Standard Loyalty Reward Program
54704,18.0,At-Risk High-Value,1782.88,3,0,31.0,0,0.076,Low Risk,Priority 4: Standard Loyalty Reward Program
54705,21.0,At-Risk High-Value,17338.2,3,1,10.0,0,0.036,Low Risk,Priority 4: Standard Loyalty Reward Program
54706,4.0,At-Risk High-Value,7833.76,1,0,34.0,0,0.03,Low Risk,Priority 4: Standard Loyalty Reward Program
54707,3.0,Loyal Customers,1665.62,3,0,17.0,0,0.14,Low Risk,Priority 4: Standard Loyalty Reward Program
54708,6.0,At-Risk High-Value,2517.74,3,1,26.0,1,0.978,High Risk,"Priority 1: Executive Concierge Call + ₹1,000 Credit"
54709,17.0,At-Risk High-Value,3185.16,1,0,22.0,0,0.083,Low Risk,Priority 4: Standard Loyalty Reward Program
54710,8.0,At-Risk High-Value,5126.55,3,0,15.0,0,0.042,Low Risk,Priority 4: Standard Loyalty Reward Program
54711,1.0,At-Risk High-Value,1650.0,5,0,16.0,0,0.219,Low Risk,Priority 4: Standard Loyalty Reward Program
54712,13.0,At-Risk High-Value,4155.58,4,0,10.0,0,0.034,Low Risk,Priority 4: Standard Loyalty Reward Program
54713,30.0,Champions,2596.33,1,0,16.0,0,0.052,Low Risk,Priority 4: Standard Loyalty Reward Program
54714,14.0,At-Risk High-Value,2448.93,1,1,9.0,0,0.03,Low Risk,Priority 4: Standard Loyalty Reward Program
54715,1.0,At-Risk High-Value,2124.21,5,0,14.0,0,0.183,Low Risk,Priority 4: Standard Loyalty Reward Program
54716,3.0,At-Risk High-Value,2441.5,4,0,17.0,0,0.028,Low Risk,Priority 4: Standard Loyalty Reward Program
54717,27.0,At-Risk High-Value,2466.75,1,0,13.0,0,0.012,Low Risk,Priority 4: Standard Loyalty Reward Program
54718,9.0,Champions,1935.23,5,0,9.0,0,0.041,Low Risk,Priority 4: Standard Loyalty Reward Program
54719,6.0,At-Risk High-Value,4897.48,1,0,31.0,0,0.009,Low Risk,Priority 4: Standard Loyalty Reward Program
54720,12.0,Loyal Customers,1711.27,3,1,9.0,0,0.283,Low Risk,Priority 4: Standard Loyalty Reward Program
54721,8.0,Champions,1938.31,5,0,15.0,0,0.051,Low Risk,Priority 4: Standard Loyalty Reward Program
54722,26.0,At-Risk High-Value,3229.16,5,0,10.0,0,0.032,Low Risk,Priority 4: Standard Loyalty Reward Program
54723,1.0,At-Risk High-Value,6681.84,1,1,7.0,1,0.999,High Risk,"Priority 1: Executive Concierge Call + ₹1,000 Credit"
54724,1.0,At-Risk High-Value,2054.8,1,0,33.0,0,0.132,Low Risk,Priority 4: Standard Loyalty Reward Program
54725,19.0,Champions,4209.04,3,0,9.0,0,0.074,Low Risk,Priority 4: Standard Loyalty Reward Program
54726,1.0,At-Risk High-Value,1760.55,3,0,17.0,0,0.177,Low Risk,Priority 4: Standard Loyalty Reward Program
54727,11.0,At-Risk High-Value,2078.67,3,1,34.0,1,0.989,High Risk,"Priority 1: Executive Concierge Call + ₹1,000 Credit"
54728,8.0,At-Risk High-Value,2065.14,1,0,9.0,0,0.023,Low Risk,Priority 4: Standard Loyalty Reward Program
54729,19.0,At-Risk High-Value,3559.49,5,1,9.0,1,0.911,High Risk,"Priority 1: Executive Concierge Call + ₹1,000 Credit"
54730,10.0,At-Risk High-Value,2209.57,5,0,15.0,0,0.076,Low Risk,Priority 4: Standard Loyalty Reward Program
54731,26.0,At-Risk High-Value,1843.38,1,0,26.0,0,0.01,Low Risk,Priority 4: Standard Loyalty Reward Program
54732,1.0,Champions,2782.56,1,0,7.0,0,0.082,Low Risk,Priority 4: Standard Loyalty Reward Program
54733,3.0,Champions,1851.85,3,0,34.0,0,0.048,Low Risk,Priority 4: Standard Loyalty Reward Program
54734,1.0,At-Risk High-Value,1960.86,5,0,15.0,1,0.989,High Risk,"Priority 1: Executive Concierge Call + ₹1,000 Credit"
54735,8.0,At-Risk High-Value,1735.8,1,0,7.0,0,0.01,Low Risk,Priority 4: Standard Loyalty Reward Program
54736,28.0,At-Risk High-Value,1978.35,5,1,26.0,0,0.033,Low Risk,Priority 4: Standard Loyalty Reward Program
54737,1.0,Champions,1852.62,1,0,15.0,0,0.142,Low Risk,Priority 4: Standard Loyalty Reward Program
54738,11.0,At-Risk High-Value,4202.55,5,1,17.0,0,0.124,Low Risk,Priority 4: Standard Loyalty Reward Program
54739,12.0,At-Risk High-Value,5082.0,5,1,9.0,0,0.067,Low Risk,Priority 4: Standard Loyalty Reward Program
54740,8.0,At-Risk High-Value,1856.91,5,0,9.0,0,0.06,Low Risk,Priority 4: Standard Loyalty Reward Program
54741,9.0,At-Risk High-Value,1657.92,1,0,15.0,0,0.04,Low Risk,Priority 4: Standard Loyalty Reward Program
54742,4.0,At-Risk High-Value,1796.63,3,0,7.0,0,0.023,Low Risk,Priority 4: Standard Loyalty Reward Program
54743,14.0,At-Risk High-Value,3683.68,4,0,9.0,0,0.018,Low Risk,Priority 4: Standard Loyalty Reward Program
54744,8.0,At-Risk High-Value,2090.0,5,0,15.0,0,0.124,Low Risk,Priority 4: Standard Loyalty Reward Program
54745,16.0,At-Risk High-Value,25517.25,1,0,15.0,0,0.036,Low Risk,Priority 4: Standard Loyalty Reward Program
54746,1.0,Loyal Customers,1551.11,5,1,13.0,1,0.559,Medium Risk,Priority 3: Personalized Recommendation + Free Shipping
54747,1.0,Loyal Customers,1671.34,4,0,16.0,0,0.466,Medium Risk,Priority 3: Personalized Recommendation + Free Shipping
54748,26.0,At-Risk High-Value,1721.39,3,0,18.0,0,0.022,Low Risk,Priority 4: Standard Loyalty Reward Program
54749,24.0,At-Risk High-Value,3315.29,3,0,9.0,0,0.004,Low Risk,Priority 4: Standard Loyalty Reward Program
54750,1.0,Loyal Customers,1630.09,5,1,7.0,1,0.869,High Risk,Priority 2: 25% Comeback Voucher + Free Express Delivery
54751,7.0,At-Risk High-Value,2661.01,3,0,14.0,0,0.038,Low Risk,Priority 4: Standard Loyalty Reward Program
54752,1.0,At-Risk High-Value,1960.64,5,0,23.0,1,0.992,High Risk,"Priority 1: Executive Concierge Call + ₹1,000 Credit"
54753,21.0,Champions,6435.44,1,1,9.0,0,0.003,Low Risk,Priority 4: Standard Loyalty Reward Program
54754,10.0,At-Risk High-Value,1950.08,4,0,7.0,0,0.016,Low Risk,Priority 4: Standard Loyalty Reward Program
54755,3.0,At-Risk High-Value,1672.0,3,0,30.0,0,0.017,Low Risk,Priority 4: Standard Loyalty Reward Program
54756,21.0,At-Risk High-Value,24444.42,4,1,9.0,1,0.53,Medium Risk,Priority 3: Personalized Recommendation + Free Shipping
54757,9.0,At-Risk High-Value,2475.99,3,0,7.0,0,0.033,Low Risk,Priority 4: Standard Loyalty Reward Program
54758,16.0,At-Risk High-Value,2041.82,1,1,7.0,0,0.033,Low Risk,Priority 4: Standard Loyalty Reward Program
54759,1.0,Champions,2785.53,3,0,9.0,1,0.433,Medium Risk,Priority 3: Personalized Recommendation + Free Shipping
54760,10.0,At-Risk High-Value,1610.73,4,0,20.0,0,0.038,Low Risk,Priority 4: Standard Loyalty Reward Program
54761,6.0,At-Risk High-Value,7184.87,3,0,11.0,0,0.003,Low Risk,Priority 4: Standard Loyalty Reward Program
54762,14.0,Champions,1935.34,3,0,23.0,0,0.021,Low Risk,Priority 4: Standard Loyalty Reward Program
54763,4.0,Champions,2131.47,1,1,9.0,0,0.076,Low Risk,Priority 4: Standard Loyalty Reward Program
54764,19.0,Loyal Customers,1625.14,3,0,9.0,0,0.151,Low Risk,Priority 4: Standard Loyalty Reward Program
54765,16.0,At-Risk High-Value,7450.96,4,0,36.0,0,0.016,Low Risk,Priority 4: Standard Loyalty Reward Program
54766,12.0,At-Risk High-Value,2066.68,5,0,19.0,0,0.029,Low Risk,Priority 4: Standard Loyalty Reward Program
54767,8.0,At-Risk High-Value,1655.83,1,0,23.0,0,0.061,Low Risk,Priority 4: Standard Loyalty Reward Program
54768,13.0,At-Risk High-Value,8867.76,1,0,18.0,1,0.917,High Risk,"Priority 1: Executive Concierge Call + ₹1,000 Credit"
54769,19.0,At-Risk High-Value,7770.4,1,0,9.0,1,0.893,High Risk,"Priority 1: Executive Concierge Call + ₹1,000 Credit"
54770,17.0,Champions,3262.49,5,0,21.0,0,0.052,Low Risk,Priority 4: Standard Loyalty Reward Program
54771,1.0,At-Risk High-Value,2783.88,1,1,12.0,0,0.201,Low Risk,Priority 4: Standard Loyalty Reward Program
54772,9.0,At-Risk High-Value,2499.31,3,0,14.0,0,0.049,Low Risk,Priority 4: Standard Loyalty Reward Program
54773,2.0,At-Risk High-Value,7602.76,4,1,9.0,0,0.057,Low Risk,Priority 4: Standard Loyalty Reward Program
54774,8.0,At-Risk High-Value,1786.07,1,0,10.0,0,0.018,Low Risk,Priority 4: Standard Loyalty Reward Program
54775,1.0,At-Risk High-Value,1635.26,3,1,12.0,1,0.643,High Risk,"Priority 1: Executive Concierge Call + ₹1,000 Credit"
54776,1.0,Loyal Customers,1562.66,1,0,10.0,0,0.271,Low Risk,Priority 4: Standard Loyalty Reward Program
54777,25.0,At-Risk High-Value,7921.92,3,0,33.0,0,0.017,Low Risk,Priority 4: Standard Loyalty Reward Program
54778,18.0,At-Risk High-Value,3041.44,4,0,11.0,0,0.047,Low Risk,Priority 4: Standard Loyalty Reward Program
54779,1.0,Loyal Customers,1751.64,5,0,9.0,0,0.166,Low Risk,Priority 4: Standard Loyalty Reward Program
54780,7.0,At-Risk High-Value,1819.07,5,0,7.0,0,0.01,Low Risk,Priority 4: Standard Loyalty Reward Program
54781,9.0,Loyal Customers,1656.49,5,0,34.0,0,0.15,Low Risk,Priority 4: Standard Loyalty Reward Program
54782,10.0,At-Risk High-Value,5142.77,1,1,7.0,0,0.005,Low Risk,Priority 4: Standard Loyalty Reward Program
54783,6.0,At-Risk High-Value,1859.33,1,0,20.0,0,0.032,Low Risk,Priority 4: Standard Loyalty Reward Program
54784,4.0,At-Risk High-Value,1788.71,1,0,12.0,0,0.069,Low Risk,Priority 4: Standard Loyalty Reward Program
54785,27.0,At-Risk High-Value,2577.74,1,1,14.0,0,0.018,Low Risk,Priority 4: Standard Loyalty Reward Program
54786,19.0,At-Risk High-Value,2558.71,5,1,16.0,0,0.205,Low Risk,Priority 4: Standard Loyalty Reward Program
54787,6.0,At-Risk High-Value,1944.25,3,0,15.0,0,0.064,Low Risk,Priority 4: Standard Loyalty Reward Program
54788,26.0,Champions,2895.86,1,0,32.0,0,0.005,Low Risk,Priority 4: Standard Loyalty Reward Program
54789,11.0,Champions,2071.74,3,0,23.0,0,0.039,Low Risk,Priority 4: Standard Loyalty Reward Program
54790,2.0,At-Risk High-Value,1917.96,1,0,15.0,0,0.045,Low Risk,Priority 4: Standard Loyalty Reward Program
54791,1.0,At-Risk High-Value,2850.38,1,0,7.0,0,0.09,Low Risk,Priority 4: Standard Loyalty Reward Program
54792,18.0,At-Risk High-Value,1684.98,1,1,15.0,0,0.055,Low Risk,Priority 4: Standard Loyalty Reward Program
54793,16.0,At-Risk High-Value,2477.48,1,1,9.0,0,0.074,Low Risk,Priority 4: Standard Loyalty Reward Program
54794,10.0,At-Risk High-Value,1632.62,5,0,15.0,0,0.028,Low Risk,Priority 4: Standard Loyalty Reward Program
54795,1.0,At-Risk High-Value,1836.34,5,1,10.0,0,0.197,Low Risk,Priority 4: Standard Loyalty Reward Program
54796,9.0,At-Risk High-Value,2550.35,3,1,16.0,0,0.057,Low Risk,Priority 4: Standard Loyalty Reward Program
54797,1.0,At-Risk High-Value,6389.68,4,1,32.0,1,0.989,High Risk,"Priority 1: Executive Concierge Call + ₹1,000 Credit"
54798,6.0,At-Risk High-Value,1629.54,1,0,7.0,0,0.026,Low Risk,Priority 4: Standard Loyalty Reward Program
54799,1.0,At-Risk High-Value,1843.16,5,0,11.0,0,0.228,Low Risk,Priority 4: Standard Loyalty Reward Program
54800,23.0,At-Risk High-Value,1768.8,5,0,7.0,0,0.002,Low Risk,Priority 4: Standard Loyalty Reward Program
54801,1.0,At-Risk High-Value,3445.64,1,0,11.0,0,0.154,Low Risk,Priority 4: Standard Loyalty Reward Program
54802,6.0,At-Risk High-Value,6277.92,4,0,12.0,0,0.048,Low Risk,Priority 4: Standard Loyalty Reward Program
54803,12.0,At-Risk High-Value,1693.89,4,0,16.0,0,0.06,Low Risk,Priority 4: Standard Loyalty Reward Program
54804,16.0,At-Risk High-Value,1950.41,1,1,10.0,0,0.019,Low Risk,Priority 4: Standard Loyalty Reward Program
54805,5.0,At-Risk High-Value,1634.16,1,1,18.0,0,0.214,Low Risk,Priority 4: Standard Loyalty Reward Program
54806,1.0,At-Risk High-Value,1683.0,3,1,7.0,1,0.926,High Risk,"Priority 1: Executive Concierge Call + ₹1,000 Credit"
54807,27.0,At-Risk High-Value,2676.96,1,0,15.0,0,0.018,Low Risk,Priority 4: Standard Loyalty Reward Program
54808,9.0,At-Risk High-Value,2574.33,4,0,32.0,0,0.049,Low Risk,Priority 4: Standard Loyalty Reward Program
54809,11.0,Loyal Customers,1702.03,1,0,28.0,0,0.048,Low Risk,Priority 4: Standard Loyalty Reward Program
54810,27.0,At-Risk High-Value,5890.5,1,0,30.0,0,0.015,Low Risk,Priority 4: Standard Loyalty Reward Program
54811,17.0,At-Risk High-Value,2980.23,1,0,7.0,0,0.021,Low Risk,Priority 4: Standard Loyalty Reward Program
54812,21.0,At-Risk High-Value,7496.28,1,1,9.0,0,0.037,Low Risk,Priority 4: Standard Loyalty Reward Program
54813,11.0,At-Risk High-Value,2215.62,4,1,26.0,0,0.115,Low Risk,Priority 4: Standard Loyalty Reward Program
54814,24.0,At-Risk High-Value,25099.8,5,0,9.0,0,0.015,Low Risk,Priority 4: Standard Loyalty Reward Program
54815,13.0,At-Risk High-Value,1947.44,1,0,9.0,0,0.023,Low Risk,Priority 4: Standard Loyalty Reward Program
54816,7.0,At-Risk High-Value,1625.47,4,1,10.0,0,0.238,Low Risk,Priority 4: Standard Loyalty Reward Program
54817,1.0,Loyal Customers,1682.45,1,1,32.0,1,0.816,High Risk,Priority 2: 25% Comeback Voucher + Free Express Delivery
54818,3.0,At-Risk High-Value,1653.52,1,0,14.0,0,0.067,Low Risk,Priority 4: Standard Loyalty Reward Program
54819,18.0,Champions,6625.96,5,1,16.0,0,0.14,Low Risk,Priority 4: Standard Loyalty Reward Program
54820,2.0,At-Risk High-Value,1914.88,1,0,12.0,0,0.023,Low Risk,Priority 4: Standard Loyalty Reward Program
54821,21.0,Loyal Customers,1636.8,1,1,9.0,1,0.979,High Risk,Priority 2: 25% Comeback Voucher + Free Express Delivery
54822,17.0,Champions,1899.15,4,0,15.0,0,0.035,Low Risk,Priority 4: Standard Loyalty Reward Program
54823,1.0,At-Risk High-Value,1599.84,3,0,9.0,1,0.953,High Risk,"Priority 1: Executive Concierge Call + ₹1,000 Credit"
54824,1.0,Loyal Customers,1671.23,1,0,25.0,1,0.968,High Risk,Priority 2: 25% Comeback Voucher + Free Express Delivery
54825,10.0,At-Risk High-Value,5248.65,1,1,21.0,0,0.008,Low Risk,Priority 4: Standard Loyalty Reward Program
54826,21.0,At-Risk High-Value,1737.34,1,1,9.0,0,0.083,Low Risk,Priority 4: Standard Loyalty Reward Program
54827,1.0,At-Risk High-Value,1833.81,3,1,10.0,1,0.949,High Risk,"Priority 1: Executive Concierge Call + ₹1,000 Credit"
54828,5.0,Loyal Customers,1680.58,1,1,9.0,1,0.973,High Risk,Priority 2: 25% Comeback Voucher + Free Express Delivery
54829,2.0,At-Risk High-Value,2454.7,3,0,16.0,0,0.062,Low Risk,Priority 4: Standard Loyalty Reward Program
54830,3.0,At-Risk High-Value,2459.16,5,1,13.0,1,0.978,High Risk,"Priority 1: Executive Concierge Call + ₹1,000 Credit"
54831,1.0,Loyal Customers,1629.98,3,0,11.0,0,0.43,Medium Risk,Priority 3: Personalized Recommendation + Free Shipping
54832,8.0,Loyal Customers,1595.88,4,0,17.0,0,0.128,Low Risk,Priority 4: Standard Loyalty Reward Program
54833,16.0,At-Risk High-Value,2061.84,3,0,21.0,0,0.075,Low Risk,Priority 4: Standard Loyalty Reward Program
54834,7.0,At-Risk High-Value,1682.89,5,1,7.0,0,0.298,Low Risk,Priority 4: Standard Loyalty Reward Program
54835,31.0,At-Risk High-Value,2535.72,4,1,12.0,0,0.013,Low Risk,Priority 4: Standard Loyalty Reward Program
54836,5.0,At-Risk High-Value,4893.57,3,0,14.0,0,0.041,Low Risk,Priority 4: Standard Loyalty Reward Program
54837,9.0,At-Risk High-Value,1816.54,1,1,28.0,0,0.038,Low Risk,Priority 4: Standard Loyalty Reward Program
54838,23.0,At-Risk High-Value,2189.33,4,0,15.0,0,0.031,Low Risk,Priority 4: Standard Loyalty Reward Program
54839,22.0,Loyal Customers,1623.49,3,0,27.0,0,0.056,Low Risk,Priority 4: Standard Loyalty Reward Program
54840,5.0,Champions,2137.52,3,0,27.0,0,0.067,Low Risk,Priority 4: Standard Loyalty Reward Program
54841,10.0,Champions,1889.58,1,0,14.0,0,0.029,Low Risk,Priority 4: Standard Loyalty Reward Program
54842,12.0,At-Risk High-Value,8607.06,5,0,7.0,0,0.02,Low Risk,Priority 4: Standard Loyalty Reward Program
54843,6.0,At-Risk High-Value,1631.52,4,0,7.0,0,0.067,Low Risk,Priority 4: Standard Loyalty Reward Program
54844,1.0,Loyal Customers,1640.43,4,1,26.0,1,0.994,High Risk,Priority 2: 25% Comeback Voucher + Free Express Delivery
54845,14.0,At-Risk High-Value,2442.55,4,0,17.0,0,0.083,Low Risk,Priority 4: Standard Loyalty Reward Program
54846,1.0,At-Risk High-Value,1847.34,5,0,7.0,0,0.15,Low Risk,Priority 4: Standard Loyalty Reward Program
54847,15.0,At-Risk High-Value,2841.46,5,1,13.0,0,0.111,Low Risk,Priority 4: Standard Loyalty Reward Program
54848,10.0,At-Risk High-Value,3304.18,3,0,9.0,0,0.051,Low Risk,Priority 4: Standard Loyalty Reward Program
54849,1.0,Loyal Customers,1608.31,4,1,28.0,1,0.999,High Risk,Priority 2: 25% Comeback Voucher + Free Express Delivery
54850,1.0,Loyal Customers,1702.03,5,0,11.0,1,0.965,High Risk,Priority 2: 25% Comeback Voucher + Free Express Delivery
54851,5.0,At-Risk High-Value,9085.72,1,1,19.0,0,0.071,Low Risk,Priority 4: Standard Loyalty Reward Program
54852,14.0,Loyal Customers,1772.87,4,1,16.0,0,0.183,Low Risk,Priority 4: Standard Loyalty Reward Program
54853,6.0,At-Risk High-Value,7401.62,5,0,10.0,0,0.034,Low Risk,Priority 4: Standard Loyalty Reward Program
54854,1.0,At-Risk High-Value,5021.5,1,1,10.0,1,0.966,High Risk,"Priority 1: Executive Concierge Call + ₹1,000 Credit"
54855,7.0,At-Risk High-Value,2139.39,1,0,7.0,0,0.011,Low Risk,Priority 4: Standard Loyalty Reward Program
54856,1.0,At-Risk High-Value,15251.94,3,0,7.0,1,0.99,High Risk,"Priority 1: Executive Concierge Call + ₹1,000 Credit"
54857,19.0,At-Risk High-Value,1864.17,4,0,11.0,0,0.008,Low Risk,Priority 4: Standard Loyalty Reward Program
54858,3.0,At-Risk High-Value,1612.27,1,0,27.0,0,0.056,Low Risk,Priority 4: Standard Loyalty Reward Program
54859,9.0,Champions,1881.11,3,0,25.0,0,0.022,Low Risk,Priority 4: Standard Loyalty Reward Program
54860,26.0,At-Risk High-Value,13023.56,1,0,7.0,0,0.002,Low Risk,Priority 4: Standard Loyalty Reward Program
54861,21.0,Loyal Customers,1647.69,3,0,9.0,1,0.958,High Risk,Priority 2: 25% Comeback Voucher + Free Express Delivery
54862,27.0,At-Risk High-Value,24069.76,3,0,9.0,0,0.014,Low Risk,Priority 4: Standard Loyalty Reward Program
54863,4.0,At-Risk High-Value,8696.16,3,0,15.0,0,0.139,Low Risk,Priority 4: Standard Loyalty Reward Program
54864,12.0,At-Risk High-Value,1998.26,1,1,17.0,0,0.094,Low Risk,Priority 4: Standard Loyalty Reward Program
54865,9.0,At-Risk High-Value,2235.53,1,0,10.0,0,0.112,Low Risk,Priority 4: Standard Loyalty Reward Program
54866,13.0,At-Risk High-Value,2241.8,3,0,9.0,0,0.06,Low Risk,Priority 4: Standard Loyalty Reward Program
54867,4.0,Champions,2826.34,4,1,31.0,1,0.957,High Risk,"Priority 1: Executive Concierge Call + ₹1,000 Credit"
54868,21.0,At-Risk High-Value,2898.56,3,1,23.0,0,0.009,Low Risk,Priority 4: Standard Loyalty Reward Program
54869,10.0,At-Risk High-Value,1933.69,1,0,15.0,0,0.043,Low Risk,Priority 4: Standard Loyalty Reward Program
54870,1.0,At-Risk High-Value,1630.31,5,1,16.0,1,0.972,High Risk,"Priority 1: Executive Concierge Call + ₹1,000 Credit"
54871,7.0,Champions,11528.44,3,0,24.0,0,0.066,Low Risk,Priority 4: Standard Loyalty Reward Program
54872,1.0,Loyal Customers,1639.44,5,1,17.0,1,0.999,High Risk,Priority 2: 25% Comeback Voucher + Free Express Delivery
54873,7.0,At-Risk High-Value,1754.72,1,0,20.0,0,0.015,Low Risk,Priority 4: Standard Loyalty Reward Program
54874,19.0,At-Risk High-Value,1624.7,1,0,7.0,0,0.027,Low Risk,Priority 4: Standard Loyalty Reward Program
54875,24.0,At-Risk High-Value,3288.89,1,0,7.0,0,0.01,Low Risk,Priority 4: Standard Loyalty Reward Program
54876,7.0,At-Risk High-Value,1978.68,4,1,7.0,0,0.026,Low Risk,Priority 4: Standard Loyalty Reward Program
54877,15.0,At-Risk High-Value,3511.09,3,0,16.0,0,0.015,Low Risk,Priority 4: Standard Loyalty Reward Program
54878,1.0,At-Risk High-Value,2526.32,4,0,23.0,0,0.228,Low Risk,Priority 4: Standard Loyalty Reward Program
54879,19.0,At-Risk High-Value,1774.63,5,1,30.0,0,0.055,Low Risk,Priority 4: Standard Loyalty Reward Program
54880,21.0,At-Risk High-Value,1832.93,1,1,11.0,0,0.023,Low Risk,Priority 4: Standard Loyalty Reward Program
54881,1.0,Loyal Customers,1609.52,3,1,29.0,1,0.983,High Risk,Priority 2: 25% Comeback Voucher + Free Express Delivery
54882,24.0,At-Risk High-Value,2912.03,3,1,31.0,0,0.0,Low Risk,Priority 4: Standard Loyalty Reward Program
54883,12.0,At-Risk High-Value,1670.24,3,0,17.0,0,0.014,Low Risk,Priority 4: Standard Loyalty Reward Program
54884,20.0,At-Risk High-Value,2567.95,3,0,14.0,0,0.038,Low Risk,Priority 4: Standard Loyalty Reward Program
54885,1.0,At-Risk High-Value,3712.94,3,0,24.0,0,0.375,Medium Risk,Priority 3: Personalized Recommendation + Free Shipping
54886,1.0,At-Risk High-Value,1786.73,4,1,21.0,1,0.978,High Risk,"Priority 1: Executive Concierge Call + ₹1,000 Credit"
54887,5.0,At-Risk High-Value,1831.28,5,0,7.0,0,0.01,Low Risk,Priority 4: Standard Loyalty Reward Program
54888,1.0,Loyal Customers,1490.61,1,0,12.0,0,0.296,Low Risk,Priority 4: Standard Loyalty Reward Program
54889,28.0,At-Risk High-Value,2556.29,3,0,24.0,0,0.02,Low Risk,Priority 4: Standard Loyalty Reward Program
54890,9.0,At-Risk High-Value,13847.24,3,1,32.0,0,0.127,Low Risk,Priority 4: Standard Loyalty Reward Program
54891,4.0,At-Risk High-Value,2630.76,5,1,15.0,0,0.029,Low Risk,Priority 4: Standard Loyalty Reward Program
54892,1.0,Loyal Customers,1661.0,5,1,18.0,1,0.996,High Risk,Priority 2: 25% Comeback Voucher + Free Express Delivery
54893,1.0,At-Risk High-Value,1641.42,4,0,12.0,1,0.913,High Risk,"Priority 1: Executive Concierge Call + ₹1,000 Credit"
54894,1.0,At-Risk High-Value,1976.92,1,0,9.0,0,0.069,Low Risk,Priority 4: Standard Loyalty Reward Program
54895,1.0,Loyal Customers,1644.61,5,0,15.0,0,0.261,Low Risk,Priority 4: Standard Loyalty Reward Program
54896,22.0,At-Risk High-Value,2762.1,3,0,13.0,0,0.021,Low Risk,Priority 4: Standard Loyalty Reward Program
54897,22.0,At-Risk High-Value,2584.89,3,0,11.0,0,0.024,Low Risk,Priority 4: Standard Loyalty Reward Program
54898,15.0,Champions,2888.0,3,0,14.0,0,0.037,Low Risk,Priority 4: Standard Loyalty Reward Program
54899,13.0,At-Risk High-Value,2776.62,1,0,7.0,0,0.131,Low Risk,Priority 4: Standard Loyalty Reward Program
54900,1.0,At-Risk High-Value,2759.96,1,0,9.0,0,0.1,Low Risk,Priority 4: Standard Loyalty Reward Program
54901,9.0,At-Risk High-Value,1805.87,1,0,17.0,0,0.027,Low Risk,Priority 4: Standard Loyalty Reward Program
54902,1.0,Champions,3388.33,3,0,12.0,0,0.238,Low Risk,Priority 4: Standard Loyalty Reward Program
54903,24.0,Loyal Customers,1636.8,1,0,16.0,0,0.051,Low Risk,Priority 4: Standard Loyalty Reward Program
54904,31.0,At-Risk High-Value,7212.15,1,1,9.0,0,0.04,Low Risk,Priority 4: Standard Loyalty Reward Program
54905,1.0,Champions,1900.47,4,0,18.0,1,0.991,High Risk,"Priority 1: Executive Concierge Call + ₹1,000 Credit"
54906,29.0,At-Risk High-Value,7270.72,4,1,25.0,0,0.065,Low Risk,Priority 4: Standard Loyalty Reward Program
54907,15.0,At-Risk High-Value,10716.09,3,0,14.0,0,0.031,Low Risk,Priority 4: Standard Loyalty Reward Program
54908,12.0,Champions,2129.71,1,1,10.0,0,0.112,Low Risk,Priority 4: Standard Loyalty Reward Program
54909,1.0,At-Risk High-Value,2882.38,5,0,36.0,1,0.999,High Risk,"Priority 1: Executive Concierge Call + ₹1,000 Credit"
54910,16.0,At-Risk High-Value,12452.82,1,0,9.0,1,0.798,High Risk,"Priority 1: Executive Concierge Call + ₹1,000 Credit"
54911,18.0,At-Risk High-Value,2840.2,1,1,35.0,0,0.025,Low Risk,Priority 4: Standard Loyalty Reward Program
54912,24.0,At-Risk High-Value,2073.17,3,0,7.0,0,0.035,Low Risk,Priority 4: Standard Loyalty Reward Program
54913,1.0,At-Risk High-Value,13413.84,5,0,23.0,1,0.926,High Risk,"Priority 1: Executive Concierge Call + ₹1,000 Credit"
54914,13.0,At-Risk High-Value,2571.8,5,1,29.0,0,0.064,Low Risk,Priority 4: Standard Loyalty Reward Program
54915,7.0,At-Risk High-Value,2448.93,1,0,15.0,0,0.036,Low Risk,Priority 4: Standard Loyalty Reward Program
54916,19.0,Champions,3316.5,1,0,18.0,0,0.012,Low Risk,Priority 4: Standard Loyalty Reward Program
54917,6.0,At-Risk High-Value,7271.0,3,0,36.0,0,0.096,Low Risk,Priority 4: Standard Loyalty Reward Program
54918,8.0,At-Risk High-Value,2444.75,1,0,7.0,0,0.053,Low Risk,Priority 4: Standard Loyalty Reward Program
54919,31.0,At-Risk High-Value,2684.44,1,1,7.0,0,0.031,Low Risk,Priority 4: Standard Loyalty Reward Program
54920,19.0,At-Risk High-Value,1614.47,4,0,31.0,0,0.048,Low Risk,Priority 4: Standard Loyalty Reward Program
54921,27.0,At-Risk High-Value,7709.62,4,0,9.0,0,0.046,Low Risk,Priority 4: Standard Loyalty Reward Program
54922,1.0,Champions,1906.74,3,0,22.0,1,0.991,High Risk,"Priority 1: Executive Concierge Call + ₹1,000 Credit"
54923,1.0,At-Risk High-Value,1599.62,5,1,9.0,1,0.843,High Risk,"Priority 1: Executive Concierge Call + ₹1,000 Credit"
54924,8.0,Loyal Customers,1619.2,3,1,17.0,0,0.22,Low Risk,Priority 4: Standard Loyalty Reward Program
54925,2.0,Loyal Customers,1490.72,4,0,17.0,0,0.057,Low Risk,Priority 4: Standard Loyalty Reward Program
54926,12.0,At-Risk High-Value,2527.96,3,0,10.0,0,0.011,Low Risk,Priority 4: Standard Loyalty Reward Program
54927,24.0,At-Risk High-Value,13964.28,3,1,9.0,0,0.032,Low Risk,Priority 4: Standard Loyalty Reward Program
54928,11.0,Loyal Customers,1826.77,4,0,10.0,0,0.005,Low Risk,Priority 4: Standard Loyalty Reward Program
54929,14.0,At-Risk High-Value,9194.24,5,0,33.0,0,0.093,Low Risk,Priority 4: Standard Loyalty Reward Program
54930,1.0,At-Risk High-Value,1595.77,3,0,7.0,0,0.221,Low Risk,Priority 4: Standard Loyalty Reward Program
54931,20.0,At-Risk High-Value,5300.96,1,0,7.0,0,0.043,Low Risk,Priority 4: Standard Loyalty Reward Program
54932,28.0,Champions,2550.46,3,0,9.0,0,0.022,Low Risk,Priority 4: Standard Loyalty Reward Program
54933,30.0,At-Risk High-Value,1698.62,3,0,16.0,0,0.018,Low Risk,Priority 4: Standard Loyalty Reward Program
54934,10.0,At-Risk High-Value,9397.52,1,0,19.0,0,0.13,Low Risk,Priority 4: Standard Loyalty Reward Program
54935,29.0,At-Risk High-Value,11263.56,5,0,9.0,0,0.01,Low Risk,Priority 4: Standard Loyalty Reward Program
54936,17.0,Champions,2562.78,1,0,32.0,0,0.04,Low Risk,Priority 4: Standard Loyalty Reward Program
54937,1.0,At-Risk High-Value,1630.53,1,1,16.0,1,0.983,High Risk,"Priority 1: Executive Concierge Call + ₹1,000 Credit"
54938,1.0,Loyal Customers,1530.76,5,0,17.0,1,0.97,High Risk,Priority 2: 25% Comeback Voucher + Free Express Delivery
54939,20.0,At-Risk High-Value,1882.65,5,1,15.0,0,0.057,Low Risk,Priority 4: Standard Loyalty Reward Program
54940,15.0,At-Risk High-Value,2468.56,3,1,11.0,1,0.79,High Risk,"Priority 1: Executive Concierge Call + ₹1,000 Credit"
54941,1.0,At-Risk High-Value,2334.42,5,0,31.0,1,0.991,High Risk,"Priority 1: Executive Concierge Call + ₹1,000 Credit"
54942,1.0,At-Risk High-Value,1810.05,5,0,7.0,0,0.114,Low Risk,Priority 4: Standard Loyalty Reward Program
54943,4.0,At-Risk High-Value,2470.27,5,0,27.0,0,0.05,Low Risk,Priority 4: Standard Loyalty Reward Program
54944,15.0,At-Risk High-Value,1746.36,3,0,14.0,0,0.009,Low Risk,Priority 4: Standard Loyalty Reward Program
54945,12.0,At-Risk High-Value,2345.53,3,0,24.0,0,0.074,Low Risk,Priority 4: Standard Loyalty Reward Program
54946,14.0,At-Risk High-Value,15062.52,1,0,27.0,0,0.143,Low Risk,Priority 4: Standard Loyalty Reward Program
54947,1.0,At-Risk High-Value,1883.31,3,0,15.0,0,0.157,Low Risk,Priority 4: Standard Loyalty Reward Program
54948,29.0,At-Risk High-Value,2582.36,4,0,9.0,0,0.013,Low Risk,Priority 4: Standard Loyalty Reward Program
54949,2.0,At-Risk High-Value,1777.6,3,0,17.0,0,0.025,Low Risk,Priority 4: Standard Loyalty Reward Program
54950,8.0,At-Risk High-Value,5056.04,5,0,7.0,1,0.974,High Risk,"Priority 1: Executive Concierge Call + ₹1,000 Credit"
54951,7.0,At-Risk High-Value,2158.09,1,0,12.0,0,0.082,Low Risk,Priority 4: Standard Loyalty Reward Program
54952,1.0,At-Risk High-Value,6072.55,5,1,11.0,1,0.998,High Risk,"Priority 1: Executive Concierge Call + ₹1,000 Credit"
54953,1.0,At-Risk High-Value,3741.76,3,0,36.0,1,0.942,High Risk,"Priority 1: Executive Concierge Call + ₹1,000 Credit"
54954,2.0,At-Risk High-Value,2426.65,3,0,22.0,0,0.005,Low Risk,Priority 4: Standard Loyalty Reward Program
54955,8.0,At-Risk High-Value,2228.16,1,0,10.0,0,0.029,Low Risk,Priority 4: Standard Loyalty Reward Program
54956,11.0,Champions,2111.34,1,1,17.0,0,0.054,Low Risk,Priority 4: Standard Loyalty Reward Program
54957,1.0,At-Risk High-Value,5343.03,1,1,11.0,1,0.778,High Risk,"Priority 1: Executive Concierge Call + ₹1,000 Credit"
54958,1.0,Loyal Customers,1636.47,3,0,28.0,1,0.957,High Risk,Priority 2: 25% Comeback Voucher + Free Express Delivery
54959,1.0,At-Risk High-Value,2444.14,4,1,32.0,1,0.999,High Risk,"Priority 1: Executive Concierge Call + ₹1,000 Credit"
54960,16.0,At-Risk High-Value,23227.05,5,0,9.0,0,0.023,Low Risk,Priority 4: Standard Loyalty Reward Program
54961,1.0,Loyal Customers,1660.56,4,0,7.0,1,0.977,High Risk,Priority 2: 25% Comeback Voucher + Free Express Delivery
54962,14.0,Champions,1895.08,3,1,7.0,1,0.94,High Risk,"Priority 1: Executive Concierge Call + ₹1,000 Credit"
54963,7.0,At-Risk High-Value,1848.22,4,0,14.0,0,0.019,Low Risk,Priority 4: Standard Loyalty Reward Program
54964,8.0,Loyal Customers,1702.69,1,0,10.0,0,0.116,Low Risk,Priority 4: Standard Loyalty Reward Program
54965,22.0,Champions,4848.53,1,0,7.0,0,0.011,Low Risk,Priority 4: Standard Loyalty Reward Program
54966,19.0,At-Risk High-Value,4975.58,3,0,16.0,0,0.026,Low Risk,Priority 4: Standard Loyalty Reward Program
54967,26.0,At-Risk High-Value,6309.88,4,0,6.0,0,0.031,Low Risk,Priority 4: Standard Loyalty Reward Program
54968,12.0,At-Risk High-Value,3504.6,3,1,17.0,0,0.089,Low Risk,Priority 4: Standard Loyalty Reward Program
54969,3.0,At-Risk High-Value,1651.54,1,0,35.0,0,0.064,Low Risk,Priority 4: Standard Loyalty Reward Program
54970,2.0,At-Risk High-Value,2217.05,4,0,10.0,0,0.102,Low Risk,Priority 4: Standard Loyalty Reward Program
54971,20.0,At-Risk High-Value,8240.38,3,0,10.0,0,0.041,Low Risk,Priority 4: Standard Loyalty Reward Program
54972,12.0,Champions,2183.61,4,0,9.0,0,0.109,Low Risk,Priority 4: Standard Loyalty Reward Program
54973,17.0,Champions,2565.2,5,0,34.0,0,0.062,Low Risk,Priority 4: Standard Loyalty Reward Program
54974,3.0,At-Risk High-Value,2713.59,1,0,9.0,1,0.99,High Risk,"Priority 1: Executive Concierge Call + ₹1,000 Credit"
54975,14.0,At-Risk High-Value,8834.65,3,0,21.0,0,0.041,Low Risk,Priority 4: Standard Loyalty Reward Program
54976,1.0,At-Risk High-Value,2404.05,4,1,7.0,0,0.429,Medium Risk,Priority 3: Personalized Recommendation + Free Shipping
54977,13.0,At-Risk High-Value,2121.02,4,0,16.0,0,0.03,Low Risk,Priority 4: Standard Loyalty Reward Program
54978,10.0,At-Risk High-Value,2230.69,1,0,25.0,0,0.065,Low Risk,Priority 4: Standard Loyalty Reward Program
54979,5.0,At-Risk High-Value,2523.02,1,0,27.0,0,0.038,Low Risk,Priority 4: Standard Loyalty Reward Program
54980,2.0,At-Risk High-Value,1727.11,4,0,9.0,0,0.014,Low Risk,Priority 4: Standard Loyalty Reward Program
54981,9.0,At-Risk High-Value,1921.48,1,0,18.0,0,0.061,Low Risk,Priority 4: Standard Loyalty Reward Program
54982,23.0,At-Risk High-Value,2818.2,4,0,15.0,0,0.038,Low Risk,Priority 4: Standard Loyalty Reward Program
54983,8.0,At-Risk High-Value,1818.63,3,0,9.0,0,0.016,Low Risk,Priority 4: Standard Loyalty Reward Program
54984,3.0,Loyal Customers,1737.01,4,0,17.0,0,0.055,Low Risk,Priority 4: Standard Loyalty Reward Program
54985,16.0,Champions,1844.92,1,0,36.0,0,0.067,Low Risk,Priority 4: Standard Loyalty Reward Program
54986,3.0,At-Risk High-Value,1931.16,1,1,15.0,0,0.062,Low Risk,Priority 4: Standard Loyalty Reward Program
54987,12.0,Champions,5063.52,3,0,7.0,0,0.042,Low Risk,Priority 4: Standard Loyalty Reward Program
54988,2.0,At-Risk High-Value,1672.33,3,1,13.0,0,0.247,Low Risk,Priority 4: Standard Loyalty Reward Program
54989,1.0,Loyal Customers,1584.44,3,0,15.0,1,0.952,High Risk,Priority 2: 25% Comeback Voucher + Free Express Delivery
54990,1.0,At-Risk High-Value,2279.64,5,1,16.0,1,0.951,High Risk,"Priority 1: Executive Concierge Call + ₹1,000 Credit"
54991,15.0,Champions,1899.26,1,1,19.0,0,0.125,Low Risk,Priority 4: Standard Loyalty Reward Program
54992,1.0,At-Risk High-Value,2493.15,3,0,22.0,1,0.912,High Risk,"Priority 1: Executive Concierge Call + ₹1,000 Credit"
54993,11.0,At-Risk High-Value,2005.41,1,0,32.0,0,0.03,Low Risk,Priority 4: Standard Loyalty Reward Program
54994,1.0,At-Risk High-Value,2481.44,3,0,13.0,0,0.244,Low Risk,Priority 4: Standard Loyalty Reward Program
54995,8.0,At-Risk High-Value,2003.54,3,0,16.0,0,0.043,Low Risk,Priority 4: Standard Loyalty Reward Program
54996,9.0,At-Risk High-Value,1850.53,3,0,15.0,0,0.04,Low Risk,Priority 4: Standard Loyalty Reward Program
54997,1.0,At-Risk High-Value,4363.92,5,0,30.0,1,0.984,High Risk,"Priority 1: Executive Concierge Call + ₹1,000 Credit"
54998,14.0,At-Risk High-Value,2859.89,3,0,16.0,0,0.027,Low Risk,Priority 4: Standard Loyalty Reward Program
54999,6.0,At-Risk High-Value,20218.66,5,1,19.0,1,0.992,High Risk,"Priority 1: Executive Concierge Call + ₹1,000 Credit"
55000,16.0,At-Risk High-Value,1942.05,5,0,11.0,0,0.043,Low Risk,Priority 4: Standard Loyalty Reward Program
55001,9.0,At-Risk High-Value,1623.38,3,0,7.0,0,0.064,Low Risk,Priority 4: Standard Loyalty Reward Program
55002,1.0,At-Risk High-Value,1770.67,4,0,31.0,0,0.316,Medium Risk,Priority 3: Personalized Recommendation + Free Shipping
55003,1.0,Loyal Customers,1651.65,1,1,19.0,1,0.984,High Risk,Priority 2: 25% Comeback Voucher + Free Express Delivery
55004,1.0,At-Risk High-Value,1861.2,1,0,10.0,0,0.042,Low Risk,Priority 4: Standard Loyalty Reward Program
55005,4.0,At-Risk High-Value,2098.58,3,0,17.0,0,0.014,Low Risk,Priority 4: Standard Loyalty Reward Program
55006,14.0,Champions,1861.42,1,1,33.0,0,0.061,Low Risk,Priority 4: Standard Loyalty Reward Program
55007,9.0,At-Risk High-Value,8767.99,4,0,9.0,0,0.041,Low Risk,Priority 4: Standard Loyalty Reward Program
55008,8.0,At-Risk High-Value,4906.82,5,0,8.0,0,0.032,Low Risk,Priority 4: Standard Loyalty Reward Program
55009,9.0,At-Risk High-Value,2454.54,1,0,11.0,0,0.05,Low Risk,Priority 4: Standard Loyalty Reward Program
55010,7.0,At-Risk High-Value,1963.06,3,0,16.0,1,0.96,High Risk,"Priority 1: Executive Concierge Call + ₹1,000 Credit"
55011,6.0,Loyal Customers,1685.97,5,0,9.0,0,0.099,Low Risk,Priority 4: Standard Loyalty Reward Program
55012,30.0,At-Risk High-Value,8921.83,5,0,11.0,0,0.03,Low Risk,Priority 4: Standard Loyalty Reward Program
55013,3.0,At-Risk High-Value,1719.41,1,0,13.0,0,0.013,Low Risk,Priority 4: Standard Loyalty Reward Program
55014,1.0,Loyal Customers,1655.72,5,0,16.0,0,0.29,Low Risk,Priority 4: Standard Loyalty Reward Program
55015,19.0,At-Risk High-Value,1867.47,3,1,14.0,0,0.06,Low Risk,Priority 4: Standard Loyalty Reward Program
55016,11.0,At-Risk High-Value,4174.28,1,0,8.0,0,0.006,Low Risk,Priority 4: Standard Loyalty Reward Program
55017,1.0,At-Risk High-Value,1708.63,3,0,6.0,0,0.231,Low Risk,Priority 4: Standard Loyalty Reward Program
55018,8.0,At-Risk High-Value,1697.96,3,1,17.0,1,0.884,High Risk,"Priority 1: Executive Concierge Call + ₹1,000 Credit"
55019,27.0,At-Risk High-Value,8554.15,3,0,14.0,0,0.007,Low Risk,Priority 4: Standard Loyalty Reward Program
55020,3.0,At-Risk High-Value,1613.48,1,1,22.0,0,0.108,Low Risk,Priority 4: Standard Loyalty Reward Program
55021,1.0,Loyal Customers,1688.83,1,1,10.0,1,0.962,High Risk,Priority 2: 25% Comeback Voucher + Free Express Delivery
55022,20.0,At-Risk High-Value,26002.24,5,0,9.0,0,0.035,Low Risk,Priority 4: Standard Loyalty Reward Program
55023,18.0,Loyal Customers,1626.9,3,0,24.0,0,0.174,Low Risk,Priority 4: Standard Loyalty Reward Program
55024,7.0,At-Risk High-Value,1771.0,3,0,9.0,0,0.014,Low Risk,Priority 4: Standard Loyalty Reward Program
55025,5.0,Loyal Customers,1606.77,5,0,12.0,1,0.934,High Risk,Priority 2: 25% Comeback Voucher + Free Express Delivery
55026,4.0,At-Risk High-Value,1827.65,5,0,36.0,0,0.124,Low Risk,Priority 4: Standard Loyalty Reward Program
55027,14.0,Champions,1850.97,4,0,9.0,0,0.09,Low Risk,Priority 4: Standard Loyalty Reward Program
55028,24.0,At-Risk High-Value,5008.74,5,0,9.0,0,0.008,Low Risk,Priority 4: Standard Loyalty Reward Program
55029,2.0,At-Risk High-Value,3453.12,5,0,26.0,0,0.106,Low Risk,Priority 4: Standard Loyalty Reward Program
55030,20.0,At-Risk High-Value,3473.91,4,0,22.0,0,0.018,Low Risk,Priority 4: Standard Loyalty Reward Program
55031,9.0,At-Risk High-Value,2361.26,5,1,24.0,0,0.221,Low Risk,Priority 4: Standard Loyalty Reward Program
55032,1.0,Loyal Customers,1618.1,4,0,24.0,1,0.92,High Risk,Priority 2: 25% Comeback Voucher + Free Express Delivery
55033,7.0,Champions,1874.29,3,0,32.0,0,0.027,Low Risk,Priority 4: Standard Loyalty Reward Program
55034,10.0,At-Risk High-Value,1676.51,3,0,13.0,0,0.019,Low Risk,Priority 4: Standard Loyalty Reward Program
55035,4.0,At-Risk High-Value,7915.54,3,0,14.0,0,0.001,Low Risk,Priority 4: Standard Loyalty Reward Program
55036,18.0,At-Risk High-Value,13121.57,1,0,36.0,0,0.13,Low Risk,Priority 4: Standard Loyalty Reward Program
55037,1.0,At-Risk High-Value,2504.37,1,0,28.0,0,0.126,Low Risk,Priority 4: Standard Loyalty Reward Program
55038,20.0,At-Risk High-Value,2186.69,1,0,9.0,0,0.042,Low Risk,Priority 4: Standard Loyalty Reward Program
55039,16.0,At-Risk High-Value,2064.92,5,0,9.0,0,0.039,Low Risk,Priority 4: Standard Loyalty Reward Program
55040,31.0,At-Risk High-Value,1949.2,1,1,14.0,0,0.022,Low Risk,Priority 4: Standard Loyalty Reward Program
55041,6.0,At-Risk High-Value,2623.5,4,0,20.0,0,0.037,Low Risk,Priority 4: Standard Loyalty Reward Program
55042,6.0,At-Risk High-Value,1924.78,3,1,9.0,0,0.051,Low Risk,Priority 4: Standard Loyalty Reward Program
55043,10.0,At-Risk High-Value,10010.88,5,1,8.0,0,0.076,Low Risk,Priority 4: Standard Loyalty Reward Program
55044,7.0,At-Risk High-Value,4202.28,1,0,16.0,0,0.014,Low Risk,Priority 4: Standard Loyalty Reward Program
55045,14.0,At-Risk High-Value,2128.72,4,0,17.0,0,0.09,Low Risk,Priority 4: Standard Loyalty Reward Program
55046,1.0,Champions,1919.5,1,0,17.0,0,0.129,Low Risk,Priority 4: Standard Loyalty Reward Program
55047,4.0,At-Risk High-Value,5306.07,4,1,8.0,0,0.204,Low Risk,Priority 4: Standard Loyalty Reward Program
55048,16.0,Champions,2826.01,5,1,33.0,0,0.054,Low Risk,Priority 4: Standard Loyalty Reward Program
55049,9.0,At-Risk High-Value,6291.18,1,1,15.0,0,0.136,Low Risk,Priority 4: Standard Loyalty Reward Program
55050,1.0,At-Risk High-Value,5672.98,5,1,21.0,0,0.431,Medium Risk,Priority 3: Personalized Recommendation + Free Shipping
55051,28.0,At-Risk High-Value,2530.22,3,0,8.0,0,0.015,Low Risk,Priority 4: Standard Loyalty Reward Program
55052,18.0,At-Risk High-Value,6384.84,1,0,9.0,0,0.023,Low Risk,Priority 4: Standard Loyalty Reward Program
55053,1.0,Loyal Customers,1579.49,4,1,17.0,1,0.994,High Risk,Priority 2: 25% Comeback Voucher + Free Express Delivery
55054,3.0,At-Risk High-Value,1788.6,1,0,8.0,0,0.005,Low Risk,Priority 4: Standard Loyalty Reward Program
55055,28.0,At-Risk High-Value,3330.69,1,0,10.0,0,0.002,Low Risk,Priority 4: Standard Loyalty Reward Program
55056,5.0,Champions,2126.63,5,1,18.0,0,0.058,Low Risk,Priority 4: Standard Loyalty Reward Program
55057,5.0,At-Risk High-Value,2124.32,5,0,31.0,0,0.026,Low Risk,Priority 4: Standard Loyalty Reward Program
55058,31.0,At-Risk High-Value,1943.81,1,0,10.0,0,0.019,Low Risk,Priority 4: Standard Loyalty Reward Program
55059,17.0,At-Risk High-Value,3546.4,1,0,10.0,0,0.072,Low Risk,Priority 4: Standard Loyalty Reward Program
55060,23.0,Champions,3433.21,3,0,11.0,0,0.005,Low Risk,Priority 4: Standard Loyalty Reward Program
55061,10.0,At-Risk High-Value,1781.12,4,0,10.0,0,0.027,Low Risk,Priority 4: Standard Loyalty Reward Program
55062,22.0,Loyal Customers,1656.49,4,0,9.0,0,0.16,Low Risk,Priority 4: Standard Loyalty Reward Program
55063,1.0,At-Risk High-Value,1651.87,3,0,11.0,0,0.141,Low Risk,Priority 4: Standard Loyalty Reward Program
55064,3.0,Champions,2103.53,1,1,14.0,0,0.073,Low Risk,Priority 4: Standard Loyalty Reward Program
55065,22.0,Champions,3384.15,1,0,8.0,0,0.022,Low Risk,Priority 4: Standard Loyalty Reward Program
55066,3.0,At-Risk High-Value,3148.64,1,0,8.0,0,0.054,Low Risk,Priority 4: Standard Loyalty Reward Program
55067,8.0,Loyal Customers,1659.35,3,0,27.0,0,0.077,Low Risk,Priority 4: Standard Loyalty Reward Program
55068,18.0,At-Risk High-Value,6756.86,4,0,12.0,0,0.051,Low Risk,Priority 4: Standard Loyalty Reward Program
55069,7.0,At-Risk High-Value,2296.8,3,1,17.0,0,0.027,Low Risk,Priority 4: Standard Loyalty Reward Program
55070,1.0,Loyal Customers,1704.34,1,1,32.0,0,0.235,Low Risk,Priority 4: Standard Loyalty Reward Program
55071,1.0,Loyal Customers,1509.53,3,0,8.0,0,0.172,Low Risk,Priority 4: Standard Loyalty Reward Program
55072,1.0,Loyal Customers,1497.98,1,1,31.0,1,0.997,High Risk,Priority 2: 25% Comeback Voucher + Free Express Delivery
55073,1.0,At-Risk High-Value,2536.88,1,1,11.0,0,0.265,Low Risk,Priority 4: Standard Loyalty Reward Program
55074,9.0,At-Risk High-Value,3445.64,4,1,9.0,1,0.991,High Risk,"Priority 1: Executive Concierge Call + ₹1,000 Credit"
55075,29.0,Champions,22947.76,4,1,15.0,0,0.025,Low Risk,Priority 4: Standard Loyalty Reward Program
55076,1.0,At-Risk High-Value,2495.62,3,0,17.0,1,0.967,High Risk,"Priority 1: Executive Concierge Call + ₹1,000 Credit"
55077,20.0,At-Risk High-Value,3441.79,4,0,11.0,0,0.047,Low Risk,Priority 4: Standard Loyalty Reward Program
55078,8.0,At-Risk High-Value,1874.18,5,1,9.0,0,0.119,Low Risk,Priority 4: Standard Loyalty Reward Program
55079,25.0,At-Risk High-Value,21349.02,4,1,16.0,0,0.029,Low Risk,Priority 4: Standard Loyalty Reward Program
55080,31.0,At-Risk High-Value,7593.96,1,0,25.0,0,0.042,Low Risk,Priority 4: Standard Loyalty Reward Program
55081,8.0,At-Risk High-Value,5591.52,4,0,26.0,0,0.04,Low Risk,Priority 4: Standard Loyalty Reward Program
55082,2.0,At-Risk High-Value,1611.94,3,1,8.0,0,0.347,Medium Risk,Priority 3: Personalized Recommendation + Free Shipping
55083,18.0,At-Risk High-Value,26144.25,5,0,11.0,0,0.071,Low Risk,Priority 4: Standard Loyalty Reward Program
55084,8.0,At-Risk High-Value,1868.9,4,0,18.0,0,0.05,Low Risk,Priority 4: Standard Loyalty Reward Program
55085,9.0,At-Risk High-Value,2640.99,3,1,13.0,0,0.113,Low Risk,Priority 4: Standard Loyalty Reward Program
55086,16.0,Loyal Customers,1635.92,4,1,14.0,0,0.03,Low Risk,Priority 4: Standard Loyalty Reward Program
55087,17.0,At-Risk High-Value,20003.28,1,0,11.0,0,0.133,Low Risk,Priority 4: Standard Loyalty Reward Program
55088,10.0,At-Risk High-Value,5910.3,4,1,9.0,0,0.044,Low Risk,Priority 4: Standard Loyalty Reward Program
55089,8.0,At-Risk High-Value,2252.58,1,0,22.0,1,0.765,High Risk,"Priority 1: Executive Concierge Call + ₹1,000 Credit"
55090,2.0,At-Risk High-Value,2700.56,1,1,9.0,0,0.282,Low Risk,Priority 4: Standard Loyalty Reward Program
55091,25.0,At-Risk High-Value,6748.72,3,0,13.0,0,0.016,Low Risk,Priority 4: Standard Loyalty Reward Program
55092,4.0,At-Risk High-Value,1891.45,3,1,16.0,0,0.035,Low Risk,Priority 4: Standard Loyalty Reward Program
55093,1.0,At-Risk High-Value,6969.16,3,1,14.0,1,0.994,High Risk,"Priority 1: Executive Concierge Call + ₹1,000 Credit"
55094,2.0,At-Risk High-Value,1603.8,5,0,8.0,0,0.198,Low Risk,Priority 4: Standard Loyalty Reward Program
55095,1.0,Champions,2408.34,4,0,8.0,0,0.2,Low Risk,Priority 4: Standard Loyalty Reward Program
55096,6.0,At-Risk High-Value,2057.99,1,0,15.0,0,0.016,Low Risk,Priority 4: Standard Loyalty Reward Program
55097,19.0,Champions,3361.71,4,0,32.0,0,0.007,Low Risk,Priority 4: Standard Loyalty Reward Program
55098,13.0,At-Risk High-Value,26068.24,4,1,20.0,0,0.046,Low Risk,Priority 4: Standard Loyalty Reward Program
55099,31.0,At-Risk High-Value,2453.88,3,0,30.0,0,0.031,Low Risk,Priority 4: Standard Loyalty Reward Program
55100,1.0,Champions,1912.13,3,0,14.0,1,0.914,High Risk,"Priority 1: Executive Concierge Call + ₹1,000 Credit"
55101,3.0,At-Risk High-Value,1804.44,5,0,30.0,1,0.849,High Risk,"Priority 1: Executive Concierge Call + ₹1,000 Credit"
55102,4.0,At-Risk High-Value,6593.9,1,0,13.0,0,0.016,Low Risk,Priority 4: Standard Loyalty Reward Program
55103,10.0,At-Risk High-Value,2155.34,3,0,17.0,0,0.105,Low Risk,Priority 4: Standard Loyalty Reward Program
55104,20.0,At-Risk High-Value,5254.59,5,0,8.0,0,0.063,Low Risk,Priority 4: Standard Loyalty Reward Program
55105,2.0,At-Risk High-Value,8436.56,1,0,8.0,0,0.075,Low Risk,Priority 4: Standard Loyalty Reward Program
55106,24.0,At-Risk High-Value,3231.8,5,1,35.0,0,0.03,Low Risk,Priority 4: Standard Loyalty Reward Program
55107,4.0,At-Risk High-Value,2375.34,4,1,32.0,1,0.967,High Risk,"Priority 1: Executive Concierge Call + ₹1,000 Credit"
55108,16.0,At-Risk High-Value,9216.24,4,1,12.0,1,0.992,High Risk,"Priority 1: Executive Concierge Call + ₹1,000 Credit"
55109,4.0,At-Risk High-Value,2685.76,5,1,24.0,0,0.072,Low Risk,Priority 4: Standard Loyalty Reward Program
55110,13.0,At-Risk High-Value,1873.74,3,0,25.0,0,0.007,Low Risk,Priority 4: Standard Loyalty Reward Program
55111,5.0,At-Risk High-Value,12293.6,3,1,9.0,0,0.065,Low Risk,Priority 4: Standard Loyalty Reward Program
55112,15.0,At-Risk High-Value,12309.66,4,0,17.0,0,0.065,Low Risk,Priority 4: Standard Loyalty Reward Program
55113,1.0,At-Risk High-Value,2442.33,4,1,8.0,1,0.99,High Risk,"Priority 1: Executive Concierge Call + ₹1,000 Credit"
55114,8.0,At-Risk High-Value,1634.82,5,0,10.0,1,0.841,High Risk,"Priority 1: Executive Concierge Call + ₹1,000 Credit"
55115,16.0,At-Risk High-Value,5009.57,3,1,9.0,0,0.031,Low Risk,Priority 4: Standard Loyalty Reward Program
55116,29.0,At-Risk High-Value,17427.85,3,0,9.0,0,0.055,Low Risk,Priority 4: Standard Loyalty Reward Program
55117,30.0,At-Risk High-Value,14175.48,4,0,15.0,0,0.007,Low Risk,Priority 4: Standard Loyalty Reward Program
55118,14.0,Loyal Customers,1764.84,3,0,23.0,0,0.041,Low Risk,Priority 4: Standard Loyalty Reward Program
55119,8.0,At-Risk High-Value,2310.0,1,0,16.0,0,0.127,Low Risk,Priority 4: Standard Loyalty Reward Program
55120,14.0,At-Risk High-Value,8494.7,1,0,9.0,0,0.005,Low Risk,Priority 4: Standard Loyalty Reward Program
55121,15.0,At-Risk High-Value,1826.33,5,0,8.0,0,0.014,Low Risk,Priority 4: Standard Loyalty Reward Program
55122,9.0,Champions,1842.39,3,1,11.0,0,0.081,Low Risk,Priority 4: Standard Loyalty Reward Program
55123,25.0,At-Risk High-Value,2917.86,4,1,12.0,0,0.006,Low Risk,Priority 4: Standard Loyalty Reward Program
55124,12.0,At-Risk High-Value,2133.23,5,0,9.0,0,0.04,Low Risk,Priority 4: Standard Loyalty Reward Program
55125,8.0,At-Risk High-Value,10243.75,5,0,22.0,0,0.043,Low Risk,Priority 4: Standard Loyalty Reward Program
55126,1.0,At-Risk High-Value,1778.59,1,0,26.0,0,0.241,Low Risk,Priority 4: Standard Loyalty Reward Program
55127,21.0,At-Risk High-Value,7427.64,5,1,14.0,1,0.941,High Risk,"Priority 1: Executive Concierge Call + ₹1,000 Credit"
55128,14.0,At-Risk High-Value,1637.57,4,0,8.0,0,0.029,Low Risk,Priority 4: Standard Loyalty Reward Program
55129,10.0,At-Risk High-Value,6598.52,5,0,14.0,0,0.048,Low Risk,Priority 4: Standard Loyalty Reward Program
55130,22.0,At-Risk High-Value,2243.78,1,0,11.0,0,0.016,Low Risk,Priority 4: Standard Loyalty Reward Program
55131,1.0,Loyal Customers,1653.74,1,0,18.0,0,0.142,Low Risk,Priority 4: Standard Loyalty Reward Program
55132,25.0,At-Risk High-Value,2820.62,4,0,18.0,0,0.01,Low Risk,Priority 4: Standard Loyalty Reward Program
55133,1.0,Loyal Customers,1552.21,1,0,8.0,0,0.285,Low Risk,Priority 4: Standard Loyalty Reward Program
55134,9.0,Champions,1964.93,1,0,8.0,0,0.023,Low Risk,Priority 4: Standard Loyalty Reward Program
55135,1.0,Champions,1932.81,1,0,9.0,0,0.172,Low Risk,Priority 4: Standard Loyalty Reward Program
55136,19.0,At-Risk High-Value,5762.9,3,1,20.0,1,0.984,High Risk,"Priority 1: Executive Concierge Call + ₹1,000 Credit"
55137,30.0,At-Risk High-Value,2849.22,4,1,30.0,0,0.056,Low Risk,Priority 4: Standard Loyalty Reward Program
55138,8.0,Loyal Customers,1598.19,3,0,33.0,0,0.069,Low Risk,Priority 4: Standard Loyalty Reward Program
55139,14.0,At-Risk High-Value,12458.82,3,0,9.0,0,0.095,Low Risk,Priority 4: Standard Loyalty Reward Program
55140,8.0,At-Risk High-Value,7888.76,3,0,36.0,0,0.045,Low Risk,Priority 4: Standard Loyalty Reward Program
55141,1.0,Loyal Customers,1681.35,1,0,9.0,1,0.984,High Risk,Priority 2: 25% Comeback Voucher + Free Express Delivery
55142,1.0,At-Risk High-Value,3765.08,3,1,25.0,1,0.984,High Risk,"Priority 1: Executive Concierge Call + ₹1,000 Credit"
55143,12.0,At-Risk High-Value,1662.1,3,0,14.0,0,0.019,Low Risk,Priority 4: Standard Loyalty Reward Program
55144,8.0,At-Risk High-Value,5276.42,1,0,9.0,0,0.008,Low Risk,Priority 4: Standard Loyalty Reward Program
55145,2.0,At-Risk High-Value,1894.64,5,0,33.0,0,0.047,Low Risk,Priority 4: Standard Loyalty Reward Program
55146,1.0,At-Risk High-Value,7191.42,3,1,29.0,1,0.969,High Risk,"Priority 1: Executive Concierge Call + ₹1,000 Credit"
55147,13.0,At-Risk High-Value,2048.2,1,1,28.0,0,0.129,Low Risk,Priority 4: Standard Loyalty Reward Program
55148,25.0,At-Risk High-Value,5081.12,4,0,9.0,0,0.04,Low Risk,Priority 4: Standard Loyalty Reward Program
55149,15.0,At-Risk High-Value,3952.74,1,1,29.0,0,0.029,Low Risk,Priority 4: Standard Loyalty Reward Program
55150,11.0,At-Risk High-Value,1704.56,3,1,11.0,0,0.199,Low Risk,Priority 4: Standard Loyalty Reward Program
55151,7.0,At-Risk High-Value,2474.78,1,0,12.0,0,0.092,Low Risk,Priority 4: Standard Loyalty Reward Program
55152,6.0,At-Risk High-Value,1823.58,4,1,9.0,0,0.102,Low Risk,Priority 4: Standard Loyalty Reward Program
55153,13.0,At-Risk High-Value,2576.2,3,0,32.0,0,0.042,Low Risk,Priority 4: Standard Loyalty Reward Program
55154,1.0,At-Risk High-Value,2060.52,3,0,25.0,0,0.352,Medium Risk,Priority 3: Personalized Recommendation + Free Shipping
55155,26.0,At-Risk High-Value,2832.17,3,1,35.0,0,0.032,Low Risk,Priority 4: Standard Loyalty Reward Program
55156,17.0,At-Risk High-Value,1823.91,3,1,13.0,0,0.015,Low Risk,Priority 4: Standard Loyalty Reward Program
55157,1.0,At-Risk High-Value,5023.97,1,1,17.0,0,0.203,Low Risk,Priority 4: Standard Loyalty Reward Program
55158,1.0,At-Risk High-Value,6553.36,3,1,24.0,1,0.997,High Risk,"Priority 1: Executive Concierge Call + ₹1,000 Credit"
55159,1.0,Loyal Customers,1804.44,1,0,9.0,0,0.111,Low Risk,Priority 4: Standard Loyalty Reward Program
55160,16.0,At-Risk High-Value,3222.89,5,0,17.0,0,0.014,Low Risk,Priority 4: Standard Loyalty Reward Program
55161,26.0,At-Risk High-Value,1699.5,5,0,15.0,0,0.057,Low Risk,Priority 4: Standard Loyalty Reward Program
55162,11.0,At-Risk High-Value,1774.19,3,0,18.0,0,0.014,Low Risk,Priority 4: Standard Loyalty Reward Program
55163,9.0,At-Risk High-Value,3607.23,1,0,25.0,0,0.094,Low Risk,Priority 4: Standard Loyalty Reward Program
55164,1.0,At-Risk High-Value,1730.19,1,0,8.0,0,0.303,Medium Risk,Priority 3: Personalized Recommendation + Free Shipping
55165,1.0,At-Risk High-Value,1768.58,5,0,14.0,0,0.218,Low Risk,Priority 4: Standard Loyalty Reward Program
55166,3.0,At-Risk High-Value,2253.68,5,0,24.0,0,0.046,Low Risk,Priority 4: Standard Loyalty Reward Program
55167,13.0,At-Risk High-Value,1846.24,5,0,35.0,1,0.944,High Risk,"Priority 1: Executive Concierge Call + ₹1,000 Credit"
55168,1.0,At-Risk High-Value,8823.32,1,1,21.0,1,0.974,High Risk,"Priority 1: Executive Concierge Call + ₹1,000 Credit"
55169,28.0,At-Risk High-Value,21327.02,1,0,8.0,0,0.047,Low Risk,Priority 4: Standard Loyalty Reward Program
55170,31.0,At-Risk High-Value,3542.11,5,1,8.0,0,0.097,Low Risk,Priority 4: Standard Loyalty Reward Program
55171,29.0,Champions,2995.52,1,0,8.0,0,0.001,Low Risk,Priority 4: Standard Loyalty Reward Program
55172,10.0,At-Risk High-Value,2395.58,4,1,10.0,0,0.192,Low Risk,Priority 4: Standard Loyalty Reward Program
55173,1.0,Loyal Customers,1524.49,3,0,8.0,1,0.91,High Risk,Priority 2: 25% Comeback Voucher + Free Express Delivery
55174,4.0,At-Risk High-Value,1900.69,5,0,14.0,0,0.069,Low Risk,Priority 4: Standard Loyalty Reward Program
55175,5.0,Champions,3181.42,4,0,15.0,0,0.022,Low Risk,Priority 4: Standard Loyalty Reward Program
55176,8.0,At-Risk High-Value,1704.56,5,0,8.0,0,0.123,Low Risk,Priority 4: Standard Loyalty Reward Program
55177,1.0,Loyal Customers,1513.71,4,0,15.0,1,0.844,High Risk,Priority 2: 25% Comeback Voucher + Free Express Delivery
55178,1.0,At-Risk High-Value,1605.89,5,0,18.0,0,0.12,Low Risk,Priority 4: Standard Loyalty Reward Program
55179,10.0,At-Risk High-Value,2014.1,1,0,11.0,0,0.015,Low Risk,Priority 4: Standard Loyalty Reward Program
55180,10.0,At-Risk High-Value,1996.17,5,0,23.0,0,0.094,Low Risk,Priority 4: Standard Loyalty Reward Program
55181,21.0,At-Risk High-Value,1751.2,1,0,8.0,0,0.027,Low Risk,Priority 4: Standard Loyalty Reward Program
55182,1.0,At-Risk High-Value,2788.5,5,0,16.0,1,0.795,High Risk,"Priority 1: Executive Concierge Call + ₹1,000 Credit"
55183,11.0,At-Risk High-Value,1760.0,3,0,12.0,0,0.02,Low Risk,Priority 4: Standard Loyalty Reward Program
55184,30.0,Loyal Customers,1602.26,5,0,8.0,0,0.084,Low Risk,Priority 4: Standard Loyalty Reward Program
55185,21.0,At-Risk High-Value,9790.77,3,0,9.0,0,0.016,Low Risk,Priority 4: Standard Loyalty Reward Program
55186,1.0,At-Risk High-Value,1832.82,3,1,11.0,0,0.174,Low Risk,Priority 4: Standard Loyalty Reward Program
55187,6.0,At-Risk High-Value,2387.44,1,0,14.0,0,0.049,Low Risk,Priority 4: Standard Loyalty Reward Program
55188,8.0,At-Risk High-Value,1737.34,4,0,8.0,0,0.051,Low Risk,Priority 4: Standard Loyalty Reward Program
55189,15.0,At-Risk High-Value,1608.97,3,1,12.0,0,0.208,Low Risk,Priority 4: Standard Loyalty Reward Program
55190,14.0,At-Risk High-Value,1812.25,3,0,16.0,0,0.013,Low Risk,Priority 4: Standard Loyalty Reward Program
55191,5.0,At-Risk High-Value,2562.23,1,0,15.0,0,0.07,Low Risk,Priority 4: Standard Loyalty Reward Program
55192,10.0,At-Risk High-Value,6213.9,1,0,16.0,1,0.951,High Risk,"Priority 1: Executive Concierge Call + ₹1,000 Credit"
55193,3.0,Loyal Customers,1776.06,5,1,9.0,1,0.99,High Risk,Priority 2: 25% Comeback Voucher + Free Express Delivery
55194,1.0,At-Risk High-Value,5485.15,4,0,8.0,1,0.99,High Risk,"Priority 1: Executive Concierge Call + ₹1,000 Credit"
55195,19.0,At-Risk High-Value,2568.61,5,1,27.0,0,0.028,Low Risk,Priority 4: Standard Loyalty Reward Program
55196,5.0,At-Risk High-Value,1606.99,4,0,15.0,0,0.036,Low Risk,Priority 4: Standard Loyalty Reward Program
55197,1.0,At-Risk High-Value,2676.63,1,1,9.0,1,0.97,High Risk,"Priority 1: Executive Concierge Call + ₹1,000 Credit"
55198,19.0,At-Risk High-Value,2406.8,1,1,36.0,0,0.051,Low Risk,Priority 4: Standard Loyalty Reward Program
55199,22.0,At-Risk High-Value,2967.69,5,0,14.0,0,0.021,Low Risk,Priority 4: Standard Loyalty Reward Program
55200,1.0,At-Risk High-Value,2514.93,3,0,16.0,1,0.654,High Risk,"Priority 1: Executive Concierge Call + ₹1,000 Credit"
55201,14.0,At-Risk High-Value,7220.68,4,0,15.0,0,0.02,Low Risk,Priority 4: Standard Loyalty Reward Program
55202,2.0,At-Risk High-Value,2305.93,5,0,12.0,0,0.093,Low Risk,Priority 4: Standard Loyalty Reward Program
55203,18.0,At-Risk High-Value,1722.82,3,0,12.0,0,0.05,Low Risk,Priority 4: Standard Loyalty Reward Program
55204,27.0,At-Risk High-Value,14403.51,4,0,9.0,0,0.005,Low Risk,Priority 4: Standard Loyalty Reward Program
55205,23.0,At-Risk High-Value,2106.61,3,0,12.0,0,0.023,Low Risk,Priority 4: Standard Loyalty Reward Program
55206,14.0,At-Risk High-Value,1632.95,3,0,9.0,0,0.026,Low Risk,Priority 4: Standard Loyalty Reward Program
55207,18.0,At-Risk High-Value,1751.2,4,0,27.0,0,0.03,Low Risk,Priority 4: Standard Loyalty Reward Program
55208,7.0,At-Risk High-Value,1856.03,5,0,14.0,0,0.04,Low Risk,Priority 4: Standard Loyalty Reward Program
55209,8.0,At-Risk High-Value,3796.98,5,0,10.0,0,0.121,Low Risk,Priority 4: Standard Loyalty Reward Program
55210,4.0,At-Risk High-Value,2937.16,3,0,23.0,0,0.085,Low Risk,Priority 4: Standard Loyalty Reward Program
55211,16.0,At-Risk High-Value,5337.09,1,0,16.0,0,0.036,Low Risk,Priority 4: Standard Loyalty Reward Program
55212,18.0,Champions,1899.48,3,0,8.0,0,0.069,Low Risk,Priority 4: Standard Loyalty Reward Program
55213,4.0,Loyal Customers,1515.14,3,0,14.0,0,0.076,Low Risk,Priority 4: Standard Loyalty Reward Program
55214,31.0,At-Risk High-Value,2871.0,3,0,8.0,0,0.007,Low Risk,Priority 4: Standard Loyalty Reward Program
55215,23.0,At-Risk High-Value,2526.26,4,0,14.0,0,0.023,Low Risk,Priority 4: Standard Loyalty Reward Program
55216,8.0,At-Risk High-Value,11360.2,5,0,22.0,0,0.054,Low Risk,Priority 4: Standard Loyalty Reward Program
55217,1.0,At-Risk High-Value,1694.99,3,0,8.0,1,0.805,High Risk,"Priority 1: Executive Concierge Call + ₹1,000 Credit"
55218,1.0,Champions,2009.15,4,0,20.0,1,0.994,High Risk,"Priority 1: Executive Concierge Call + ₹1,000 Credit"
55219,1.0,At-Risk High-Value,10344.9,4,1,31.0,1,0.985,High Risk,"Priority 1: Executive Concierge Call + ₹1,000 Credit"
55220,9.0,Loyal Customers,1639.44,3,0,14.0,0,0.092,Low Risk,Priority 4: Standard Loyalty Reward Program
55221,1.0,Loyal Customers,1723.92,5,1,16.0,1,0.982,High Risk,Priority 2: 25% Comeback Voucher + Free Express Delivery
55222,1.0,Loyal Customers,1598.63,4,0,20.0,0,0.64,High Risk,Priority 2: 25% Comeback Voucher + Free Express Delivery
55223,18.0,At-Risk High-Value,3746.99,3,1,9.0,0,0.149,Low Risk,Priority 4: Standard Loyalty Reward Program
55224,3.0,At-Risk High-Value,2323.2,3,0,26.0,0,0.033,Low Risk,Priority 4: Standard Loyalty Reward Program
55225,4.0,At-Risk High-Value,1602.04,3,0,8.0,0,0.002,Low Risk,Priority 4: Standard Loyalty Reward Program
55226,29.0,At-Risk High-Value,1818.85,3,1,11.0,0,0.015,Low Risk,Priority 4: Standard Loyalty Reward Program
55227,7.0,At-Risk High-Value,1797.18,4,0,11.0,0,0.037,Low Risk,Priority 4: Standard Loyalty Reward Program
55228,21.0,At-Risk High-Value,1880.01,3,1,21.0,0,0.1,Low Risk,Priority 4: Standard Loyalty Reward Program
55229,1.0,Loyal Customers,1656.71,5,0,9.0,1,0.964,High Risk,Priority 2: 25% Comeback Voucher + Free Express Delivery
55230,2.0,Loyal Customers,1546.93,3,0,8.0,0,0.075,Low Risk,Priority 4: Standard Loyalty Reward Program
55231,2.0,At-Risk High-Value,1913.78,5,0,14.0,0,0.07,Low Risk,Priority 4: Standard Loyalty Reward Program
55232,23.0,At-Risk High-Value,1901.79,5,0,10.0,0,0.023,Low Risk,Priority 4: Standard Loyalty Reward Program
55233,3.0,At-Risk High-Value,1724.8,4,0,9.0,0,0.03,Low Risk,Priority 4: Standard Loyalty Reward Program
55234,2.0,At-Risk High-Value,2095.39,4,0,36.0,0,0.053,Low Risk,Priority 4: Standard Loyalty Reward Program
55235,7.0,Champions,2077.68,3,1,15.0,0,0.179,Low Risk,Priority 4: Standard Loyalty Reward Program
55236,6.0,Champions,2611.84,1,0,17.0,0,0.048,Low Risk,Priority 4: Standard Loyalty Reward Program
55237,28.0,At-Risk High-Value,3138.52,1,0,18.0,0,0.001,Low Risk,Priority 4: Standard Loyalty Reward Program
55238,1.0,At-Risk High-Value,1634.82,5,0,8.0,1,0.987,High Risk,"Priority 1: Executive Concierge Call + ₹1,000 Credit"
55239,18.0,At-Risk High-Value,23783.1,5,0,35.0,0,0.07,Low Risk,Priority 4: Standard Loyalty Reward Program
55240,13.0,At-Risk High-Value,3444.54,4,0,13.0,0,0.024,Low Risk,Priority 4: Standard Loyalty Reward Program
55241,20.0,Champions,9604.98,4,0,10.0,0,0.046,Low Risk,Priority 4: Standard Loyalty Reward Program
55242,9.0,At-Risk High-Value,4643.32,4,0,23.0,0,0.035,Low Risk,Priority 4: Standard Loyalty Reward Program
55243,1.0,At-Risk High-Value,1624.92,3,0,27.0,0,0.195,Low Risk,Priority 4: Standard Loyalty Reward Program
55244,4.0,Loyal Customers,1596.98,5,0,16.0,1,0.863,High Risk,Priority 2: 25% Comeback Voucher + Free Express Delivery
55245,8.0,At-Risk High-Value,9693.59,3,1,8.0,0,0.103,Low Risk,Priority 4: Standard Loyalty Reward Program
55246,1.0,At-Risk High-Value,7296.96,3,0,10.0,1,0.989,High Risk,"Priority 1: Executive Concierge Call + ₹1,000 Credit"
55247,24.0,At-Risk High-Value,20721.47,1,1,29.0,0,0.025,Low Risk,Priority 4: Standard Loyalty Reward Program
55248,8.0,At-Risk High-Value,4886.64,3,1,14.0,0,0.19,Low Risk,Priority 4: Standard Loyalty Reward Program
55249,16.0,Champions,1907.51,4,0,9.0,0,0.04,Low Risk,Priority 4: Standard Loyalty Reward Program
55250,11.0,At-Risk High-Value,3692.7,1,0,20.0,0,0.02,Low Risk,Priority 4: Standard Loyalty Reward Program
55251,3.0,At-Risk High-Value,2443.65,5,0,15.0,0,0.026,Low Risk,Priority 4: Standard Loyalty Reward Program
55252,7.0,At-Risk High-Value,1850.2,4,0,32.0,0,0.043,Low Risk,Priority 4: Standard Loyalty Reward Program
55253,19.0,At-Risk High-Value,1609.52,1,0,35.0,0,0.026,Low Risk,Priority 4: Standard Loyalty Reward Program
55254,16.0,At-Risk High-Value,17420.48,1,1,9.0,0,0.045,Low Risk,Priority 4: Standard Loyalty Reward Program
55255,14.0,Champions,7908.12,5,0,16.0,0,0.077,Low Risk,Priority 4: Standard Loyalty Reward Program
55256,7.0,At-Risk High-Value,5843.31,3,1,35.0,0,0.068,Low Risk,Priority 4: Standard Loyalty Reward Program
55257,14.0,At-Risk High-Value,12732.28,1,1,13.0,0,0.008,Low Risk,Priority 4: Standard Loyalty Reward Program
55258,1.0,Loyal Customers,1627.56,5,0,28.0,0,0.315,Medium Risk,Priority 3: Personalized Recommendation + Free Shipping
55259,14.0,At-Risk High-Value,2733.88,1,1,15.0,0,0.031,Low Risk,Priority 4: Standard Loyalty Reward Program
55260,19.0,At-Risk High-Value,8774.04,4,0,8.0,0,0.046,Low Risk,Priority 4: Standard Loyalty Reward Program
55261,9.0,At-Risk High-Value,4105.75,3,0,35.0,0,0.053,Low Risk,Priority 4: Standard Loyalty Reward Program
55262,6.0,At-Risk High-Value,3032.37,4,0,12.0,0,0.012,Low Risk,Priority 4: Standard Loyalty Reward Program
55263,10.0,At-Risk High-Value,1665.84,1,1,9.0,0,0.126,Low Risk,Priority 4: Standard Loyalty Reward Program
55264,22.0,At-Risk High-Value,8333.16,3,0,23.0,0,0.054,Low Risk,Priority 4: Standard Loyalty Reward Program
55265,3.0,Loyal Customers,1644.61,3,0,16.0,0,0.112,Low Risk,Priority 4: Standard Loyalty Reward Program
55266,7.0,At-Risk High-Value,3117.18,5,0,15.0,0,0.058,Low Risk,Priority 4: Standard Loyalty Reward Program
55267,1.0,At-Risk High-Value,8552.39,5,0,8.0,1,0.978,High Risk,"Priority 1: Executive Concierge Call + ₹1,000 Credit"
55268,12.0,At-Risk High-Value,2043.47,3,0,17.0,0,0.056,Low Risk,Priority 4: Standard Loyalty Reward Program
55269,9.0,At-Risk High-Value,1644.5,5,0,8.0,0,0.065,Low Risk,Priority 4: Standard Loyalty Reward Program
55270,8.0,At-Risk High-Value,2392.5,4,0,36.0,0,0.077,Low Risk,Priority 4: Standard Loyalty Reward Program
55271,1.0,Loyal Customers,1603.14,5,1,9.0,1,0.974,High Risk,Priority 2: 25% Comeback Voucher + Free Express Delivery
55272,17.0,At-Risk High-Value,2493.59,1,0,9.0,1,0.661,High Risk,"Priority 1: Executive Concierge Call + ₹1,000 Credit"
55273,2.0,At-Risk High-Value,1909.05,4,0,9.0,1,0.764,High Risk,"Priority 1: Executive Concierge Call + ₹1,000 Credit"
55274,6.0,At-Risk High-Value,1824.57,5,0,8.0,0,0.091,Low Risk,Priority 4: Standard Loyalty Reward Program
55275,22.0,At-Risk High-Value,6541.48,5,0,22.0,0,0.113,Low Risk,Priority 4: Standard Loyalty Reward Program
55276,8.0,Loyal Customers,1701.92,1,0,14.0,0,0.053,Low Risk,Priority 4: Standard Loyalty Reward Program
55277,29.0,At-Risk High-Value,5294.19,1,0,33.0,0,0.026,Low Risk,Priority 4: Standard Loyalty Reward Program
55278,8.0,Champions,2967.36,1,0,8.0,0,0.044,Low Risk,Priority 4: Standard Loyalty Reward Program
55279,1.0,Loyal Customers,1601.71,1,0,10.0,0,0.196,Low Risk,Priority 4: Standard Loyalty Reward Program
55280,12.0,At-Risk High-Value,9866.56,4,0,21.0,0,0.15,Low Risk,Priority 4: Standard Loyalty Reward Program
55281,12.0,At-Risk High-Value,1836.78,4,0,23.0,0,0.049,Low Risk,Priority 4: Standard Loyalty Reward Program
55282,10.0,Champions,2124.65,3,0,8.0,0,0.07,Low Risk,Priority 4: Standard Loyalty Reward Program
55283,3.0,At-Risk High-Value,1894.53,5,1,10.0,0,0.111,Low Risk,Priority 4: Standard Loyalty Reward Program
55284,9.0,At-Risk High-Value,2050.62,3,1,17.0,0,0.051,Low Risk,Priority 4: Standard Loyalty Reward Program
55285,13.0,At-Risk High-Value,9124.28,3,0,13.0,0,0.051,Low Risk,Priority 4: Standard Loyalty Reward Program
55286,3.0,At-Risk High-Value,2348.83,1,0,9.0,0,0.038,Low Risk,Priority 4: Standard Loyalty Reward Program
55287,24.0,Champions,3501.41,3,1,16.0,0,0.045,Low Risk,Priority 4: Standard Loyalty Reward Program
55288,1.0,At-Risk High-Value,2404.54,3,0,17.0,0,0.086,Low Risk,Priority 4: Standard Loyalty Reward Program
55289,10.0,At-Risk High-Value,1986.82,5,1,13.0,0,0.039,Low Risk,Priority 4: Standard Loyalty Reward Program
55290,16.0,Champions,3532.43,1,0,16.0,0,0.052,Low Risk,Priority 4: Standard Loyalty Reward Program
55291,9.0,At-Risk High-Value,6124.2,3,0,35.0,0,0.04,Low Risk,Priority 4: Standard Loyalty Reward Program
55292,8.0,At-Risk High-Value,7727.72,3,0,17.0,0,0.017,Low Risk,Priority 4: Standard Loyalty Reward Program
55293,14.0,At-Risk High-Value,1885.29,5,0,21.0,0,0.026,Low Risk,Priority 4: Standard Loyalty Reward Program
55294,17.0,At-Risk High-Value,1911.36,4,0,34.0,0,0.029,Low Risk,Priority 4: Standard Loyalty Reward Program
55295,9.0,Loyal Customers,1670.9,1,0,14.0,0,0.03,Low Risk,Priority 4: Standard Loyalty Reward Program
55296,20.0,At-Risk High-Value,3307.37,5,0,8.0,0,0.015,Low Risk,Priority 4: Standard Loyalty Reward Program
55297,1.0,Loyal Customers,1639.88,4,1,31.0,1,0.991,High Risk,Priority 2: 25% Comeback Voucher + Free Express Delivery
55298,1.0,At-Risk High-Value,1684.54,3,1,33.0,0,0.282,Low Risk,Priority 4: Standard Loyalty Reward Program
55299,24.0,At-Risk High-Value,2611.95,3,1,27.0,0,0.011,Low Risk,Priority 4: Standard Loyalty Reward Program
55300,6.0,At-Risk High-Value,1739.32,1,0,12.0,0,0.011,Low Risk,Priority 4: Standard Loyalty Reward Program
55301,18.0,At-Risk High-Value,3470.39,1,1,14.0,0,0.057,Low Risk,Priority 4: Standard Loyalty Reward Program
55302,4.0,Loyal Customers,1610.51,4,0,14.0,0,0.046,Low Risk,Priority 4: Standard Loyalty Reward Program
55303,19.0,At-Risk High-Value,2009.59,5,1,12.0,0,0.02,Low Risk,Priority 4: Standard Loyalty Reward Program
55304,19.0,At-Risk High-Value,4643.38,5,0,33.0,0,0.029,Low Risk,Priority 4: Standard Loyalty Reward Program
55305,5.0,At-Risk High-Value,1961.52,5,0,9.0,0,0.115,Low Risk,Priority 4: Standard Loyalty Reward Program
55306,10.0,Champions,1887.93,3,1,19.0,0,0.073,Low Risk,Priority 4: Standard Loyalty Reward Program
55307,8.0,At-Risk High-Value,7578.56,1,0,17.0,0,0.017,Low Risk,Priority 4: Standard Loyalty Reward Program
55308,23.0,At-Risk High-Value,1728.21,5,0,32.0,0,0.018,Low Risk,Priority 4: Standard Loyalty Reward Program
55309,13.0,At-Risk High-Value,7865.88,5,0,17.0,0,0.024,Low Risk,Priority 4: Standard Loyalty Reward Program
55310,1.0,At-Risk High-Value,1822.26,5,0,26.0,0,0.212,Low Risk,Priority 4: Standard Loyalty Reward Program
55311,9.0,At-Risk High-Value,1947.88,5,0,25.0,0,0.012,Low Risk,Priority 4: Standard Loyalty Reward Program
55312,2.0,Champions,1911.47,5,0,34.0,0,0.197,Low Risk,Priority 4: Standard Loyalty Reward Program
55313,1.0,At-Risk High-Value,2576.8,1,0,12.0,0,0.067,Low Risk,Priority 4: Standard Loyalty Reward Program
55314,1.0,Loyal Customers,1547.59,1,1,10.0,1,0.979,High Risk,Priority 2: 25% Comeback Voucher + Free Express Delivery
55315,21.0,Champions,3537.38,3,0,33.0,0,0.017,Low Risk,Priority 4: Standard Loyalty Reward Program
55316,13.0,At-Risk High-Value,1712.59,3,0,10.0,0,0.02,Low Risk,Priority 4: Standard Loyalty Reward Program
55317,14.0,At-Risk High-Value,18921.38,3,0,22.0,0,0.112,Low Risk,Priority 4: Standard Loyalty Reward Program
55318,9.0,At-Risk High-Value,2746.92,3,0,15.0,0,0.012,Low Risk,Priority 4: Standard Loyalty Reward Program
55319,11.0,At-Risk High-Value,2009.48,3,0,26.0,0,0.012,Low Risk,Priority 4: Standard Loyalty Reward Program
55320,13.0,At-Risk High-Value,3859.24,3,0,11.0,0,0.006,Low Risk,Priority 4: Standard Loyalty Reward Program
55321,19.0,At-Risk High-Value,4019.4,1,0,9.0,0,0.022,Low Risk,Priority 4: Standard Loyalty Reward Program
55322,12.0,At-Risk High-Value,2228.16,3,1,9.0,0,0.041,Low Risk,Priority 4: Standard Loyalty Reward Program
55323,1.0,At-Risk High-Value,8780.31,5,0,17.0,1,0.995,High Risk,"Priority 1: Executive Concierge Call + ₹1,000 Credit"
55324,11.0,At-Risk High-Value,7231.84,4,0,17.0,0,0.083,Low Risk,Priority 4: Standard Loyalty Reward Program
55325,14.0,At-Risk High-Value,4497.9,1,1,23.0,0,0.079,Low Risk,Priority 4: Standard Loyalty Reward Program
55326,18.0,At-Risk High-Value,2006.73,1,1,8.0,0,0.027,Low Risk,Priority 4: Standard Loyalty Reward Program
55327,22.0,At-Risk High-Value,4570.83,1,0,11.0,0,0.006,Low Risk,Priority 4: Standard Loyalty Reward Program
55328,1.0,At-Risk High-Value,2960.1,1,1,22.0,1,0.997,High Risk,"Priority 1: Executive Concierge Call + ₹1,000 Credit"
55329,1.0,At-Risk High-Value,1788.6,1,1,9.0,0,0.314,Medium Risk,Priority 3: Personalized Recommendation + Free Shipping
55330,1.0,At-Risk High-Value,1761.87,3,0,15.0,0,0.098,Low Risk,Priority 4: Standard Loyalty Reward Program
55331,1.0,At-Risk High-Value,1658.8,1,0,9.0,0,0.3,Medium Risk,Priority 3: Personalized Recommendation + Free Shipping
55332,4.0,At-Risk High-Value,1613.26,5,1,14.0,1,0.907,High Risk,"Priority 1: Executive Concierge Call + ₹1,000 Credit"
55333,3.0,At-Risk High-Value,2020.59,3,0,17.0,0,0.082,Low Risk,Priority 4: Standard Loyalty Reward Program
55334,10.0,At-Risk High-Value,2255.88,5,0,12.0,0,0.062,Low Risk,Priority 4: Standard Loyalty Reward Program
55335,1.0,At-Risk High-Value,1947.66,3,0,9.0,0,0.057,Low Risk,Priority 4: Standard Loyalty Reward Program
55336,13.0,Champions,1957.45,4,0,19.0,0,0.039,Low Risk,Priority 4: Standard Loyalty Reward Program
55337,23.0,At-Risk High-Value,3180.43,4,0,29.0,0,0.012,Low Risk,Priority 4: Standard Loyalty Reward Program
55338,24.0,At-Risk High-Value,2834.59,5,0,24.0,0,0.007,Low Risk,Priority 4: Standard Loyalty Reward Program
55339,1.0,At-Risk High-Value,2521.7,3,0,9.0,0,0.322,Medium Risk,Priority 3: Personalized Recommendation + Free Shipping
55340,8.0,At-Risk High-Value,7890.52,4,0,10.0,0,0.003,Low Risk,Priority 4: Standard Loyalty Reward Program
55341,10.0,At-Risk High-Value,1596.43,4,0,14.0,0,0.083,Low Risk,Priority 4: Standard Loyalty Reward Program
55342,23.0,At-Risk High-Value,4366.89,3,1,13.0,0,0.0,Low Risk,Priority 4: Standard Loyalty Reward Program
55343,10.0,At-Risk High-Value,1856.14,3,0,8.0,0,0.009,Low Risk,Priority 4: Standard Loyalty Reward Program
55344,10.0,At-Risk High-Value,2127.62,5,0,10.0,0,0.032,Low Risk,Priority 4: Standard Loyalty Reward Program
55345,28.0,At-Risk High-Value,8229.65,3,0,29.0,0,0.007,Low Risk,Priority 4: Standard Loyalty Reward Program
55346,17.0,At-Risk High-Value,11589.66,3,0,22.0,0,0.007,Low Risk,Priority 4: Standard Loyalty Reward Program
55347,1.0,At-Risk High-Value,6576.18,1,1,19.0,1,0.98,High Risk,"Priority 1: Executive Concierge Call + ₹1,000 Credit"
55348,12.0,At-Risk High-Value,2843.77,1,0,8.0,0,0.02,Low Risk,Priority 4: Standard Loyalty Reward Program
55349,3.0,At-Risk High-Value,1835.57,4,1,12.0,0,0.028,Low Risk,Priority 4: Standard Loyalty Reward Program
55350,7.0,At-Risk High-Value,1980.55,1,0,9.0,0,0.019,Low Risk,Priority 4: Standard Loyalty Reward Program
55351,6.0,At-Risk High-Value,1976.7,4,0,9.0,0,0.039,Low Risk,Priority 4: Standard Loyalty Reward Program
55352,5.0,At-Risk High-Value,1977.36,1,0,12.0,0,0.01,Low Risk,Priority 4: Standard Loyalty Reward Program
55353,23.0,At-Risk High-Value,2489.36,5,1,23.0,0,0.065,Low Risk,Priority 4: Standard Loyalty Reward Program
55354,12.0,At-Risk High-Value,3286.8,4,0,9.0,0,0.025,Low Risk,Priority 4: Standard Loyalty Reward Program
55355,21.0,At-Risk High-Value,3131.92,4,0,9.0,0,0.01,Low Risk,Priority 4: Standard Loyalty Reward Program
55356,23.0,Champions,3066.69,3,0,8.0,0,0.004,Low Risk,Priority 4: Standard Loyalty Reward Program
55357,15.0,At-Risk High-Value,2154.02,3,1,30.0,0,0.24,Low Risk,Priority 4: Standard Loyalty Reward Program
55358,1.0,At-Risk High-Value,1675.08,5,0,16.0,0,0.352,Medium Risk,Priority 3: Personalized Recommendation + Free Shipping
55359,7.0,At-Risk High-Value,1965.48,1,1,23.0,0,0.055,Low Risk,Priority 4: Standard Loyalty Reward Program
55360,10.0,At-Risk High-Value,1963.17,3,0,33.0,0,0.014,Low Risk,Priority 4: Standard Loyalty Reward Program
55361,18.0,At-Risk High-Value,2589.67,1,1,8.0,0,0.064,Low Risk,Priority 4: Standard Loyalty Reward Program
55362,1.0,At-Risk High-Value,1813.79,3,1,15.0,1,0.981,High Risk,"Priority 1: Executive Concierge Call + ₹1,000 Credit"
55363,12.0,Loyal Customers,1738.66,3,0,11.0,0,0.032,Low Risk,Priority 4: Standard Loyalty Reward Program
55364,27.0,At-Risk High-Value,2145.55,1,0,31.0,0,0.031,Low Risk,Priority 4: Standard Loyalty Reward Program
55365,12.0,At-Risk High-Value,6668.2,3,1,14.0,1,0.965,High Risk,"Priority 1: Executive Concierge Call + ₹1,000 Credit"
55366,1.0,Loyal Customers,1528.23,4,0,9.0,1,0.957,High Risk,Priority 2: 25% Comeback Voucher + Free Express Delivery
55367,1.0,At-Risk High-Value,4973.1,1,0,14.0,0,0.125,Low Risk,Priority 4: Standard Loyalty Reward Program
55368,29.0,At-Risk High-Value,1764.07,4,0,29.0,0,0.026,Low Risk,Priority 4: Standard Loyalty Reward Program
55369,8.0,At-Risk High-Value,4533.65,1,0,12.0,0,0.01,Low Risk,Priority 4: Standard Loyalty Reward Program
55370,31.0,Champions,2572.13,1,0,8.0,0,0.041,Low Risk,Priority 4: Standard Loyalty Reward Program
55371,7.0,At-Risk High-Value,2397.12,4,0,28.0,0,0.01,Low Risk,Priority 4: Standard Loyalty Reward Program
55372,11.0,At-Risk High-Value,2422.75,1,0,8.0,0,0.04,Low Risk,Priority 4: Standard Loyalty Reward Program
55373,8.0,At-Risk High-Value,7637.36,1,0,26.0,0,0.035,Low Risk,Priority 4: Standard Loyalty Reward Program
55374,1.0,At-Risk High-Value,1625.25,1,1,14.0,1,0.991,High Risk,"Priority 1: Executive Concierge Call + ₹1,000 Credit"
55375,18.0,At-Risk High-Value,7845.92,1,1,9.0,0,0.005,Low Risk,Priority 4: Standard Loyalty Reward Program
55376,9.0,At-Risk High-Value,1917.3,1,1,9.0,0,0.046,Low Risk,Priority 4: Standard Loyalty Reward Program
55377,17.0,At-Risk High-Value,10071.76,1,1,9.0,0,0.016,Low Risk,Priority 4: Standard Loyalty Reward Program
55378,1.0,At-Risk High-Value,1859.11,3,0,16.0,0,0.082,Low Risk,Priority 4: Standard Loyalty Reward Program
55379,15.0,At-Risk High-Value,10761.79,3,0,13.0,0,0.101,Low Risk,Priority 4: Standard Loyalty Reward Program
55380,3.0,At-Risk High-Value,1702.14,3,0,16.0,0,0.048,Low Risk,Priority 4: Standard Loyalty Reward Program
55381,10.0,At-Risk High-Value,6545.77,1,0,9.0,0,0.082,Low Risk,Priority 4: Standard Loyalty Reward Program
55382,19.0,At-Risk High-Value,2557.28,3,0,8.0,0,0.015,Low Risk,Priority 4: Standard Loyalty Reward Program
55383,1.0,Loyal Customers,1546.05,3,0,29.0,1,0.979,High Risk,Priority 2: 25% Comeback Voucher + Free Express Delivery
55384,11.0,At-Risk High-Value,2797.96,3,0,16.0,1,0.988,High Risk,"Priority 1: Executive Concierge Call + ₹1,000 Credit"
55385,1.0,At-Risk High-Value,1628.55,3,0,24.0,0,0.216,Low Risk,Priority 4: Standard Loyalty Reward Program
55386,19.0,At-Risk High-Value,14455.98,4,0,35.0,0,0.017,Low Risk,Priority 4: Standard Loyalty Reward Program
55387,6.0,At-Risk High-Value,1752.63,3,0,17.0,0,0.03,Low Risk,Priority 4: Standard Loyalty Reward Program
55388,5.0,At-Risk High-Value,1757.47,3,0,9.0,0,0.007,Low Risk,Priority 4: Standard Loyalty Reward Program
55389,15.0,At-Risk High-Value,2082.3,4,0,11.0,0,0.054,Low Risk,Priority 4: Standard Loyalty Reward Program
55390,14.0,Champions,2091.76,5,1,15.0,0,0.051,Low Risk,Priority 4: Standard Loyalty Reward Program
55391,1.0,At-Risk High-Value,1804.77,5,0,36.0,0,0.174,Low Risk,Priority 4: Standard Loyalty Reward Program
55392,20.0,At-Risk High-Value,1986.82,4,0,20.0,0,0.004,Low Risk,Priority 4: Standard Loyalty Reward Program
55393,9.0,At-Risk High-Value,2132.13,3,0,34.0,0,0.02,Low Risk,Priority 4: Standard Loyalty Reward Program
55394,4.0,At-Risk High-Value,1689.82,1,0,23.0,0,0.015,Low Risk,Priority 4: Standard Loyalty Reward Program
55395,21.0,Champions,1922.58,4,0,9.0,0,0.047,Low Risk,Priority 4: Standard Loyalty Reward Program
55396,20.0,At-Risk High-Value,2515.48,1,1,9.0,0,0.053,Low Risk,Priority 4: Standard Loyalty Reward Program
55397,1.0,At-Risk High-Value,3074.61,5,1,20.0,1,0.999,High Risk,"Priority 1: Executive Concierge Call + ₹1,000 Credit"
55398,1.0,Champions,2115.85,4,0,8.0,1,0.963,High Risk,"Priority 1: Executive Concierge Call + ₹1,000 Credit"
55399,1.0,At-Risk High-Value,1737.45,4,0,11.0,0,0.391,Medium Risk,Priority 3: Personalized Recommendation + Free Shipping
55400,5.0,At-Risk High-Value,1951.18,1,0,31.0,0,0.027,Low Risk,Priority 4: Standard Loyalty Reward Program
55401,13.0,At-Risk High-Value,6260.76,1,1,8.0,0,0.01,Low Risk,Priority 4: Standard Loyalty Reward Program
55402,6.0,At-Risk High-Value,2432.1,3,0,26.0,0,0.072,Low Risk,Priority 4: Standard Loyalty Reward Program
55403,14.0,At-Risk High-Value,23118.09,4,0,14.0,0,0.124,Low Risk,Priority 4: Standard Loyalty Reward Program
55404,19.0,At-Risk High-Value,2448.16,3,0,11.0,0,0.036,Low Risk,Priority 4: Standard Loyalty Reward Program
55405,4.0,At-Risk High-Value,1921.48,5,0,9.0,0,0.03,Low Risk,Priority 4: Standard Loyalty Reward Program
55406,1.0,Champions,2416.42,1,0,17.0,0,0.107,Low Risk,Priority 4: Standard Loyalty Reward Program
55407,1.0,At-Risk High-Value,1614.8,1,0,15.0,1,0.565,Medium Risk,Priority 3: Personalized Recommendation + Free Shipping
55408,5.0,At-Risk High-Value,2293.06,3,0,12.0,0,0.019,Low Risk,Priority 4: Standard Loyalty Reward Program
55409,1.0,At-Risk High-Value,1753.95,1,0,15.0,0,0.146,Low Risk,Priority 4: Standard Loyalty Reward Program
55410,1.0,At-Risk High-Value,2517.9,4,0,16.0,1,0.991,High Risk,"Priority 1: Executive Concierge Call + ₹1,000 Credit"
55411,3.0,At-Risk High-Value,2067.34,3,1,8.0,0,0.105,Low Risk,Priority 4: Standard Loyalty Reward Program
55412,4.0,At-Risk High-Value,2160.4,5,0,22.0,0,0.011,Low Risk,Priority 4: Standard Loyalty Reward Program
55413,8.0,At-Risk High-Value,1697.52,1,1,9.0,0,0.074,Low Risk,Priority 4: Standard Loyalty Reward Program
55414,7.0,At-Risk High-Value,1941.17,4,0,9.0,0,0.065,Low Risk,Priority 4: Standard Loyalty Reward Program
55415,23.0,At-Risk High-Value,1870.77,1,0,18.0,0,0.017,Low Risk,Priority 4: Standard Loyalty Reward Program
55416,1.0,At-Risk High-Value,2317.04,5,1,23.0,1,0.994,High Risk,"Priority 1: Executive Concierge Call + ₹1,000 Credit"
55417,12.0,At-Risk High-Value,1646.48,4,0,9.0,0,0.027,Low Risk,Priority 4: Standard Loyalty Reward Program
55418,1.0,Champions,2272.71,3,0,23.0,1,0.995,High Risk,"Priority 1: Executive Concierge Call + ₹1,000 Credit"
55419,3.0,Loyal Customers,1606.99,5,0,11.0,0,0.202,Low Risk,Priority 4: Standard Loyalty Reward Program
55420,4.0,At-Risk High-Value,1957.34,3,0,23.0,0,0.01,Low Risk,Priority 4: Standard Loyalty Reward Program
55421,6.0,At-Risk High-Value,1673.98,4,0,12.0,0,0.028,Low Risk,Priority 4: Standard Loyalty Reward Program
55422,12.0,Champions,2014.21,1,1,25.0,0,0.054,Low Risk,Priority 4: Standard Loyalty Reward Program
55423,7.0,Loyal Customers,1643.07,3,1,24.0,1,0.989,High Risk,Priority 2: 25% Comeback Voucher + Free Express Delivery
55424,16.0,At-Risk High-Value,1679.26,4,0,19.0,0,0.016,Low Risk,Priority 4: Standard Loyalty Reward Program
55425,29.0,Champions,3469.18,5,0,9.0,0,0.056,Low Risk,Priority 4: Standard Loyalty Reward Program
55426,7.0,At-Risk High-Value,1711.05,4,0,11.0,0,0.009,Low Risk,Priority 4: Standard Loyalty Reward Program
55427,15.0,At-Risk High-Value,1626.79,5,0,16.0,0,0.005,Low Risk,Priority 4: Standard Loyalty Reward Program
55428,8.0,At-Risk High-Value,1815.11,3,1,17.0,0,0.045,Low Risk,Priority 4: Standard Loyalty Reward Program
55429,27.0,At-Risk High-Value,2801.15,3,1,8.0,0,0.0,Low Risk,Priority 4: Standard Loyalty Reward Program
55430,17.0,At-Risk High-Value,1764.29,1,0,9.0,0,0.018,Low Risk,Priority 4: Standard Loyalty Reward Program
55431,8.0,At-Risk High-Value,3057.28,1,0,10.0,0,0.222,Low Risk,Priority 4: Standard Loyalty Reward Program
55432,1.0,Loyal Customers,1669.69,4,0,14.0,1,0.984,High Risk,Priority 2: 25% Comeback Voucher + Free Express Delivery
55433,12.0,At-Risk High-Value,1782.22,3,0,13.0,0,0.015,Low Risk,Priority 4: Standard Loyalty Reward Program
55434,1.0,Loyal Customers,1638.78,5,1,15.0,1,0.995,High Risk,Priority 2: 25% Comeback Voucher + Free Express Delivery
55435,5.0,At-Risk High-Value,5929.44,1,0,36.0,0,0.025,Low Risk,Priority 4: Standard Loyalty Reward Program
55436,25.0,At-Risk High-Value,2817.76,3,0,10.0,0,0.025,Low Risk,Priority 4: Standard Loyalty Reward Program
55437,11.0,At-Risk High-Value,1835.79,4,0,16.0,0,0.006,Low Risk,Priority 4: Standard Loyalty Reward Program
55438,20.0,At-Risk High-Value,5251.62,1,1,9.0,0,0.113,Low Risk,Priority 4: Standard Loyalty Reward Program
55439,10.0,At-Risk High-Value,6870.93,5,1,17.0,0,0.24,Low Risk,Priority 4: Standard Loyalty Reward Program
55440,8.0,At-Risk High-Value,2448.93,4,1,8.0,1,0.923,High Risk,"Priority 1: Executive Concierge Call + ₹1,000 Credit"
55441,11.0,At-Risk High-Value,4557.03,4,0,15.0,0,0.014,Low Risk,Priority 4: Standard Loyalty Reward Program
55442,1.0,At-Risk High-Value,8057.72,1,1,34.0,1,1.0,High Risk,"Priority 1: Executive Concierge Call + ₹1,000 Credit"
55443,7.0,At-Risk High-Value,6882.92,5,0,15.0,0,0.063,Low Risk,Priority 4: Standard Loyalty Reward Program
55444,2.0,At-Risk High-Value,1599.84,1,0,8.0,0,0.03,Low Risk,Priority 4: Standard Loyalty Reward Program
55445,13.0,At-Risk High-Value,2856.04,3,0,17.0,0,0.029,Low Risk,Priority 4: Standard Loyalty Reward Program
55446,20.0,At-Risk High-Value,3381.01,4,0,33.0,0,0.069,Low Risk,Priority 4: Standard Loyalty Reward Program
55447,14.0,At-Risk High-Value,1746.47,5,0,9.0,0,0.075,Low Risk,Priority 4: Standard Loyalty Reward Program
55448,16.0,Champions,1984.18,5,0,20.0,0,0.024,Low Risk,Priority 4: Standard Loyalty Reward Program
55449,9.0,At-Risk High-Value,2008.82,1,0,9.0,0,0.014,Low Risk,Priority 4: Standard Loyalty Reward Program
55450,12.0,At-Risk High-Value,3320.24,4,0,9.0,0,0.04,Low Risk,Priority 4: Standard Loyalty Reward Program
55451,1.0,At-Risk High-Value,1963.06,5,0,16.0,1,0.98,High Risk,"Priority 1: Executive Concierge Call + ₹1,000 Credit"
55452,1.0,At-Risk High-Value,1838.43,5,0,17.0,1,0.982,High Risk,"Priority 1: Executive Concierge Call + ₹1,000 Credit"
55453,13.0,At-Risk High-Value,2743.46,1,0,27.0,0,0.03,Low Risk,Priority 4: Standard Loyalty Reward Program
55454,17.0,At-Risk High-Value,1643.18,3,0,16.0,0,0.076,Low Risk,Priority 4: Standard Loyalty Reward Program
55455,15.0,At-Risk High-Value,2130.7,4,0,12.0,0,0.019,Low Risk,Priority 4: Standard Loyalty Reward Program
55456,15.0,At-Risk High-Value,17669.19,3,1,11.0,0,0.09,Low Risk,Priority 4: Standard Loyalty Reward Program
55457,4.0,At-Risk High-Value,2438.37,3,0,17.0,0,0.054,Low Risk,Priority 4: Standard Loyalty Reward Program
55458,1.0,At-Risk High-Value,1611.28,4,1,27.0,1,0.979,High Risk,"Priority 1: Executive Concierge Call + ₹1,000 Credit"
55459,10.0,At-Risk High-Value,4713.72,4,0,28.0,1,0.947,High Risk,"Priority 1: Executive Concierge Call + ₹1,000 Credit"
55460,14.0,At-Risk High-Value,2091.43,1,0,8.0,0,0.008,Low Risk,Priority 4: Standard Loyalty Reward Program
55461,8.0,At-Risk High-Value,5307.22,3,0,15.0,0,0.022,Low Risk,Priority 4: Standard Loyalty Reward Program
55462,31.0,At-Risk High-Value,23752.58,4,0,9.0,0,0.045,Low Risk,Priority 4: Standard Loyalty Reward Program
55463,9.0,At-Risk High-Value,1672.55,3,0,30.0,0,0.058,Low Risk,Priority 4: Standard Loyalty Reward Program
55464,21.0,At-Risk High-Value,18837.23,4,1,11.0,0,0.14,Low Risk,Priority 4: Standard Loyalty Reward Program
55465,14.0,At-Risk High-Value,7457.12,5,0,19.0,0,0.017,Low Risk,Priority 4: Standard Loyalty Reward Program
55466,28.0,At-Risk High-Value,2128.94,1,0,14.0,0,0.03,Low Risk,Priority 4: Standard Loyalty Reward Program
55467,5.0,At-Risk High-Value,3652.61,5,0,14.0,0,0.038,Low Risk,Priority 4: Standard Loyalty Reward Program
55468,2.0,At-Risk High-Value,1770.01,5,0,8.0,0,0.028,Low Risk,Priority 4: Standard Loyalty Reward Program
55469,12.0,At-Risk High-Value,1969.55,1,1,9.0,0,0.041,Low Risk,Priority 4: Standard Loyalty Reward Program
55470,1.0,At-Risk High-Value,1890.24,1,0,17.0,0,0.063,Low Risk,Priority 4: Standard Loyalty Reward Program
55471,31.0,At-Risk High-Value,4667.36,3,1,22.0,0,0.014,Low Risk,Priority 4: Standard Loyalty Reward Program
55472,1.0,Loyal Customers,1541.54,3,0,21.0,0,0.356,Medium Risk,Priority 3: Personalized Recommendation + Free Shipping
55473,1.0,Loyal Customers,1700.16,5,0,25.0,1,0.964,High Risk,Priority 2: 25% Comeback Voucher + Free Express Delivery
55474,1.0,Champions,2447.77,5,1,20.0,1,0.999,High Risk,"Priority 1: Executive Concierge Call + ₹1,000 Credit"
55475,19.0,At-Risk High-Value,5825.82,3,0,9.0,0,0.018,Low Risk,Priority 4: Standard Loyalty Reward Program
55476,10.0,Champions,2140.82,4,1,9.0,0,0.035,Low Risk,Priority 4: Standard Loyalty Reward Program
55477,17.0,At-Risk High-Value,7997.0,1,0,9.0,0,0.05,Low Risk,Priority 4: Standard Loyalty Reward Program
55478,1.0,At-Risk High-Value,1636.69,1,1,12.0,0,0.342,Medium Risk,Priority 3: Personalized Recommendation + Free Shipping
55479,3.0,At-Risk High-Value,3588.64,1,0,27.0,0,0.028,Low Risk,Priority 4: Standard Loyalty Reward Program
55480,6.0,Champions,1886.28,1,0,17.0,0,0.055,Low Risk,Priority 4: Standard Loyalty Reward Program
55481,16.0,At-Risk High-Value,3395.92,3,0,17.0,0,0.035,Low Risk,Priority 4: Standard Loyalty Reward Program
55482,21.0,Champions,2409.83,3,0,16.0,0,0.066,Low Risk,Priority 4: Standard Loyalty Reward Program
55483,20.0,At-Risk High-Value,5796.45,1,0,9.0,0,0.032,Low Risk,Priority 4: Standard Loyalty Reward Program
55484,2.0,At-Risk High-Value,2508.99,1,0,8.0,0,0.014,Low Risk,Priority 4: Standard Loyalty Reward Program
55485,3.0,At-Risk High-Value,2077.24,3,0,36.0,0,0.068,Low Risk,Priority 4: Standard Loyalty Reward Program
55486,16.0,Loyal Customers,1811.48,3,0,15.0,0,0.054,Low Risk,Priority 4: Standard Loyalty Reward Program
55487,1.0,At-Risk High-Value,3697.16,4,1,9.0,1,0.999,High Risk,"Priority 1: Executive Concierge Call + ₹1,000 Credit"
55488,20.0,At-Risk High-Value,2829.75,5,0,10.0,0,0.0,Low Risk,Priority 4: Standard Loyalty Reward Program
55489,1.0,At-Risk High-Value,5293.2,3,0,30.0,0,0.15,Low Risk,Priority 4: Standard Loyalty Reward Program
55490,3.0,Loyal Customers,1683.44,4,0,13.0,0,0.044,Low Risk,Priority 4: Standard Loyalty Reward Program
55491,17.0,At-Risk High-Value,12278.42,3,0,13.0,0,0.124,Low Risk,Priority 4: Standard Loyalty Reward Program
55492,22.0,At-Risk High-Value,22997.98,4,0,17.0,0,0.0,Low Risk,Priority 4: Standard Loyalty Reward Program
55493,1.0,Loyal Customers,1643.29,1,1,31.0,1,0.997,High Risk,Priority 2: 25% Comeback Voucher + Free Express Delivery
55494,10.0,At-Risk High-Value,2179.54,4,0,17.0,1,0.903,High Risk,"Priority 1: Executive Concierge Call + ₹1,000 Credit"
55495,1.0,At-Risk High-Value,7600.56,5,0,22.0,0,0.171,Low Risk,Priority 4: Standard Loyalty Reward Program
55496,13.0,At-Risk High-Value,2706.33,1,0,26.0,0,0.018,Low Risk,Priority 4: Standard Loyalty Reward Program
55497,29.0,At-Risk High-Value,1667.82,1,0,9.0,0,0.023,Low Risk,Priority 4: Standard Loyalty Reward Program
55498,2.0,Loyal Customers,1689.16,4,0,10.0,0,0.032,Low Risk,Priority 4: Standard Loyalty Reward Program
55499,1.0,Loyal Customers,1493.91,1,0,16.0,1,0.927,High Risk,Priority 2: 25% Comeback Voucher + Free Express Delivery
55500,1.0,Loyal Customers,1646.92,4,1,14.0,1,0.994,High Risk,Priority 2: 25% Comeback Voucher + Free Express Delivery
55501,10.0,At-Risk High-Value,1999.03,3,1,17.0,0,0.02,Low Risk,Priority 4: Standard Loyalty Reward Program
55502,5.0,At-Risk High-Value,1836.67,3,0,27.0,0,0.016,Low Risk,Priority 4: Standard Loyalty Reward Program
55503,8.0,At-Risk High-Value,2443.43,1,1,11.0,0,0.058,Low Risk,Priority 4: Standard Loyalty Reward Program
55504,3.0,At-Risk High-Value,1601.82,5,0,14.0,0,0.199,Low Risk,Priority 4: Standard Loyalty Reward Program
55505,11.0,At-Risk High-Value,1846.24,5,1,14.0,0,0.043,Low Risk,Priority 4: Standard Loyalty Reward Program
55506,9.0,At-Risk High-Value,1901.68,4,1,23.0,0,0.03,Low Risk,Priority 4: Standard Loyalty Reward Program
55507,19.0,At-Risk High-Value,4049.32,1,0,32.0,0,0.02,Low Risk,Priority 4: Standard Loyalty Reward Program
55508,10.0,At-Risk High-Value,1802.46,1,0,9.0,0,0.021,Low Risk,Priority 4: Standard Loyalty Reward Program
55509,14.0,At-Risk High-Value,19353.18,5,0,8.0,0,0.007,Low Risk,Priority 4: Standard Loyalty Reward Program
55510,1.0,Loyal Customers,1697.63,3,1,8.0,0,0.513,Medium Risk,Priority 3: Personalized Recommendation + Free Shipping
55511,1.0,At-Risk High-Value,2090.0,3,0,9.0,0,0.134,Low Risk,Priority 4: Standard Loyalty Reward Program
55512,22.0,At-Risk High-Value,8160.35,1,0,29.0,0,0.013,Low Risk,Priority 4: Standard Loyalty Reward Program
55513,18.0,At-Risk High-Value,2892.94,5,0,8.0,0,0.008,Low Risk,Priority 4: Standard Loyalty Reward Program
55514,1.0,Champions,3257.54,5,1,23.0,1,0.989,High Risk,"Priority 1: Executive Concierge Call + ₹1,000 Credit"
55515,20.0,Loyal Customers,1659.57,1,0,31.0,1,0.944,High Risk,Priority 2: 25% Comeback Voucher + Free Express Delivery
55516,10.0,At-Risk High-Value,1980.77,4,0,24.0,0,0.013,Low Risk,Priority 4: Standard Loyalty Reward Program
55517,15.0,At-Risk High-Value,1858.23,4,0,15.0,0,0.032,Low Risk,Priority 4: Standard Loyalty Reward Program
55518,16.0,At-Risk High-Value,2843.28,5,0,13.0,0,0.076,Low Risk,Priority 4: Standard Loyalty Reward Program
55519,5.0,At-Risk High-Value,2099.13,1,1,17.0,0,0.04,Low Risk,Priority 4: Standard Loyalty Reward Program
55520,8.0,Champions,2266.33,1,1,10.0,0,0.044,Low Risk,Priority 4: Standard Loyalty Reward Program
55521,5.0,At-Risk High-Value,2718.87,3,0,11.0,0,0.044,Low Risk,Priority 4: Standard Loyalty Reward Program
55522,1.0,At-Risk High-Value,6619.36,1,0,13.0,0,0.05,Low Risk,Priority 4: Standard Loyalty Reward Program
55523,19.0,At-Risk High-Value,1968.89,3,0,8.0,0,0.024,Low Risk,Priority 4: Standard Loyalty Reward Program
55524,7.0,At-Risk High-Value,1978.57,3,0,17.0,0,0.051,Low Risk,Priority 4: Standard Loyalty Reward Program
55525,2.0,At-Risk High-Value,2126.74,1,1,8.0,0,0.069,Low Risk,Priority 4: Standard Loyalty Reward Program
55526,1.0,Loyal Customers,1495.01,5,0,31.0,1,0.986,High Risk,Priority 2: 25% Comeback Voucher + Free Express Delivery
55527,13.0,At-Risk High-Value,2005.96,3,0,28.0,0,0.121,Low Risk,Priority 4: Standard Loyalty Reward Program
55528,1.0,At-Risk High-Value,1619.86,4,0,9.0,0,0.153,Low Risk,Priority 4: Standard Loyalty Reward Program
55529,8.0,At-Risk High-Value,7025.1,1,1,29.0,0,0.012,Low Risk,Priority 4: Standard Loyalty Reward Program
55530,1.0,At-Risk High-Value,3688.41,3,1,20.0,1,0.994,High Risk,"Priority 1: Executive Concierge Call + ₹1,000 Credit"
55531,21.0,At-Risk High-Value,1976.37,4,0,21.0,0,0.037,Low Risk,Priority 4: Standard Loyalty Reward Program
55532,30.0,Champions,1966.8,5,0,18.0,0,0.016,Low Risk,Priority 4: Standard Loyalty Reward Program
55533,13.0,At-Risk High-Value,7766.44,5,0,16.0,0,0.037,Low Risk,Priority 4: Standard Loyalty Reward Program
55534,12.0,At-Risk High-Value,1609.63,4,1,15.0,0,0.018,Low Risk,Priority 4: Standard Loyalty Reward Program
55535,61.0,Champions,3341.25,1,1,28.0,0,0.02,Low Risk,Priority 4: Standard Loyalty Reward Program
55536,1.0,At-Risk High-Value,1642.52,3,1,12.0,1,0.994,High Risk,"Priority 1: Executive Concierge Call + ₹1,000 Credit"
55537,12.0,At-Risk High-Value,1899.81,1,0,16.0,0,0.017,Low Risk,Priority 4: Standard Loyalty Reward Program
55538,23.0,At-Risk High-Value,8706.78,1,0,9.0,0,0.017,Low Risk,Priority 4: Standard Loyalty Reward Program
55539,16.0,Champions,1934.57,1,1,19.0,0,0.069,Low Risk,Priority 4: Standard Loyalty Reward Program
55540,1.0,Loyal Customers,1689.93,4,0,29.0,1,0.979,High Risk,Priority 2: 25% Comeback Voucher + Free Express Delivery
55541,9.0,At-Risk High-Value,1986.71,5,0,25.0,0,0.059,Low Risk,Priority 4: Standard Loyalty Reward Program
55542,2.0,At-Risk High-Value,1610.84,3,0,23.0,0,0.083,Low Risk,Priority 4: Standard Loyalty Reward Program
55543,5.0,At-Risk High-Value,2568.23,5,1,10.0,0,0.229,Low Risk,Priority 4: Standard Loyalty Reward Program
55544,10.0,At-Risk High-Value,1684.1,4,0,16.0,0,0.021,Low Risk,Priority 4: Standard Loyalty Reward Program
55545,8.0,At-Risk High-Value,3694.02,1,0,8.0,0,0.042,Low Risk,Priority 4: Standard Loyalty Reward Program
55546,8.0,At-Risk High-Value,2324.08,3,0,20.0,0,0.044,Low Risk,Priority 4: Standard Loyalty Reward Program
55547,1.0,At-Risk High-Value,6761.48,5,0,8.0,0,0.323,Medium Risk,Priority 3: Personalized Recommendation + Free Shipping
55548,3.0,At-Risk High-Value,1966.03,5,0,8.0,0,0.025,Low Risk,Priority 4: Standard Loyalty Reward Program
55549,6.0,At-Risk High-Value,2108.37,1,0,22.0,0,0.043,Low Risk,Priority 4: Standard Loyalty Reward Program
55550,5.0,At-Risk High-Value,8663.98,5,0,8.0,0,0.05,Low Risk,Priority 4: Standard Loyalty Reward Program
55551,1.0,At-Risk High-Value,1635.37,1,0,24.0,1,0.972,High Risk,"Priority 1: Executive Concierge Call + ₹1,000 Credit"
55552,12.0,Loyal Customers,1689.38,5,0,8.0,0,0.086,Low Risk,Priority 4: Standard Loyalty Reward Program
55553,9.0,At-Risk High-Value,1947.44,1,1,14.0,0,0.006,Low Risk,Priority 4: Standard Loyalty Reward Program
55554,1.0,At-Risk High-Value,1826.55,1,0,16.0,0,0.085,Low Risk,Priority 4: Standard Loyalty Reward Program
55555,6.0,At-Risk High-Value,2439.69,1,0,12.0,0,0.038,Low Risk,Priority 4: Standard Loyalty Reward Program
55556,1.0,At-Risk High-Value,1992.87,1,1,33.0,1,0.991,High Risk,"Priority 1: Executive Concierge Call + ₹1,000 Credit"
55557,17.0,At-Risk High-Value,3786.42,5,1,31.0,1,0.992,High Risk,"Priority 1: Executive Concierge Call + ₹1,000 Credit"
55558,28.0,At-Risk High-Value,2540.5,3,0,16.0,0,0.003,Low Risk,Priority 4: Standard Loyalty Reward Program
55559,7.0,At-Risk High-Value,3047.22,3,0,14.0,0,0.007,Low Risk,Priority 4: Standard Loyalty Reward Program
55560,17.0,At-Risk High-Value,2201.1,3,0,18.0,0,0.042,Low Risk,Priority 4: Standard Loyalty Reward Program
55561,12.0,At-Risk High-Value,1704.01,4,1,8.0,0,0.066,Low Risk,Priority 4: Standard Loyalty Reward Program
55562,29.0,At-Risk High-Value,3534.96,4,1,33.0,0,0.047,Low Risk,Priority 4: Standard Loyalty Reward Program
55563,5.0,Loyal Customers,1499.19,1,1,9.0,0,0.391,Medium Risk,Priority 3: Personalized Recommendation + Free Shipping
55564,13.0,At-Risk High-Value,2842.51,5,0,22.0,0,0.016,Low Risk,Priority 4: Standard Loyalty Reward Program
55565,16.0,At-Risk High-Value,3703.04,3,0,30.0,0,0.021,Low Risk,Priority 4: Standard Loyalty Reward Program
55566,5.0,At-Risk High-Value,2588.41,3,0,17.0,0,0.032,Low Risk,Priority 4: Standard Loyalty Reward Program
55567,28.0,At-Risk High-Value,1863.4,5,1,17.0,0,0.02,Low Risk,Priority 4: Standard Loyalty Reward Program
55568,1.0,At-Risk High-Value,1882.87,3,0,8.0,0,0.197,Low Risk,Priority 4: Standard Loyalty Reward Program
55569,1.0,At-Risk High-Value,1666.17,1,0,19.0,0,0.125,Low Risk,Priority 4: Standard Loyalty Reward Program
55570,14.0,At-Risk High-Value,10352.65,3,0,18.0,0,0.078,Low Risk,Priority 4: Standard Loyalty Reward Program
55571,14.0,At-Risk High-Value,5998.41,4,0,9.0,0,0.02,Low Risk,Priority 4: Standard Loyalty Reward Program
55572,1.0,At-Risk High-Value,1615.57,4,0,9.0,0,0.175,Low Risk,Priority 4: Standard Loyalty Reward Program
55573,4.0,At-Risk High-Value,1787.28,4,0,8.0,0,0.01,Low Risk,Priority 4: Standard Loyalty Reward Program
55574,1.0,At-Risk High-Value,1812.47,3,1,9.0,0,0.366,Medium Risk,Priority 3: Personalized Recommendation + Free Shipping
55575,21.0,At-Risk High-Value,15110.1,3,0,32.0,0,0.172,Low Risk,Priority 4: Standard Loyalty Reward Program
55576,7.0,Loyal Customers,1595.88,3,0,8.0,0,0.052,Low Risk,Priority 4: Standard Loyalty Reward Program
55577,12.0,At-Risk High-Value,5590.2,4,0,8.0,0,0.001,Low Risk,Priority 4: Standard Loyalty Reward Program
55578,5.0,At-Risk High-Value,1712.37,3,0,9.0,0,0.003,Low Risk,Priority 4: Standard Loyalty Reward Program
55579,12.0,At-Risk High-Value,7841.24,3,0,13.0,0,0.004,Low Risk,Priority 4: Standard Loyalty Reward Program
55580,16.0,At-Risk High-Value,1970.1,5,1,25.0,0,0.024,Low Risk,Priority 4: Standard Loyalty Reward Program
55581,15.0,Loyal Customers,1681.02,1,0,8.0,0,0.07,Low Risk,Priority 4: Standard Loyalty Reward Program
55582,21.0,At-Risk High-Value,2690.27,4,0,8.0,0,0.012,Low Risk,Priority 4: Standard Loyalty Reward Program
55583,9.0,At-Risk High-Value,2501.4,3,1,18.0,0,0.476,Medium Risk,Priority 3: Personalized Recommendation + Free Shipping
55584,1.0,At-Risk High-Value,1746.25,3,0,8.0,0,0.241,Low Risk,Priority 4: Standard Loyalty Reward Program
55585,9.0,At-Risk High-Value,1935.78,3,0,16.0,0,0.023,Low Risk,Priority 4: Standard Loyalty Reward Program
55586,7.0,Champions,8602.11,1,1,22.0,0,0.049,Low Risk,Priority 4: Standard Loyalty Reward Program
55587,6.0,Champions,4217.68,4,0,36.0,0,0.04,Low Risk,Priority 4: Standard Loyalty Reward Program
55588,14.0,Loyal Customers,1639.66,1,0,8.0,0,0.119,Low Risk,Priority 4: Standard Loyalty Reward Program
55589,6.0,At-Risk High-Value,2436.88,4,0,8.0,0,0.02,Low Risk,Priority 4: Standard Loyalty Reward Program
55590,13.0,At-Risk High-Value,1826.88,1,0,31.0,0,0.004,Low Risk,Priority 4: Standard Loyalty Reward Program
55591,12.0,At-Risk High-Value,2827.66,3,0,17.0,0,0.038,Low Risk,Priority 4: Standard Loyalty Reward Program
55592,6.0,At-Risk High-Value,7564.26,1,0,8.0,0,0.131,Low Risk,Priority 4: Standard Loyalty Reward Program
55593,11.0,At-Risk High-Value,10103.94,1,1,17.0,0,0.013,Low Risk,Priority 4: Standard Loyalty Reward Program
55594,1.0,At-Risk High-Value,1914.77,3,1,15.0,0,0.136,Low Risk,Priority 4: Standard Loyalty Reward Program
55595,26.0,Loyal Customers,1758.02,1,0,36.0,0,0.059,Low Risk,Priority 4: Standard Loyalty Reward Program
55596,18.0,At-Risk High-Value,1642.96,1,1,8.0,0,0.133,Low Risk,Priority 4: Standard Loyalty Reward Program
55597,1.0,At-Risk High-Value,1636.8,5,1,12.0,0,0.545,Medium Risk,Priority 3: Personalized Recommendation + Free Shipping
55598,13.0,At-Risk High-Value,3512.41,1,0,16.0,0,0.084,Low Risk,Priority 4: Standard Loyalty Reward Program
55599,1.0,Loyal Customers,1571.9,5,0,16.0,1,0.994,High Risk,Priority 2: 25% Comeback Voucher + Free Express Delivery
55600,10.0,At-Risk High-Value,4431.68,1,0,10.0,0,0.149,Low Risk,Priority 4: Standard Loyalty Reward Program
55601,10.0,At-Risk High-Value,1939.41,4,0,11.0,0,0.021,Low Risk,Priority 4: Standard Loyalty Reward Program
55602,30.0,At-Risk High-Value,2068.66,3,0,8.0,0,0.007,Low Risk,Priority 4: Standard Loyalty Reward Program
55603,1.0,At-Risk High-Value,2852.36,1,1,8.0,1,0.997,High Risk,"Priority 1: Executive Concierge Call + ₹1,000 Credit"
55604,16.0,At-Risk High-Value,8629.5,3,0,9.0,0,0.016,Low Risk,Priority 4: Standard Loyalty Reward Program
55605,20.0,At-Risk High-Value,8161.45,3,0,14.0,1,0.986,High Risk,"Priority 1: Executive Concierge Call + ₹1,000 Credit"
55606,15.0,At-Risk High-Value,2867.7,4,0,35.0,0,0.035,Low Risk,Priority 4: Standard Loyalty Reward Program
55607,8.0,At-Risk High-Value,2113.32,3,0,35.0,0,0.032,Low Risk,Priority 4: Standard Loyalty Reward Program
55608,10.0,At-Risk High-Value,11817.96,1,0,22.0,0,0.035,Low Risk,Priority 4: Standard Loyalty Reward Program
55609,15.0,At-Risk High-Value,2358.18,4,0,10.0,0,0.016,Low Risk,Priority 4: Standard Loyalty Reward Program
55610,6.0,At-Risk High-Value,1643.29,5,0,9.0,0,0.055,Low Risk,Priority 4: Standard Loyalty Reward Program
55611,9.0,At-Risk High-Value,2347.07,1,1,33.0,0,0.034,Low Risk,Priority 4: Standard Loyalty Reward Program
55612,12.0,At-Risk High-Value,1962.73,1,0,17.0,0,0.027,Low Risk,Priority 4: Standard Loyalty Reward Program
55613,14.0,Champions,2115.08,3,0,8.0,1,0.924,High Risk,"Priority 1: Executive Concierge Call + ₹1,000 Credit"
55614,10.0,Champions,2106.72,1,0,18.0,0,0.031,Low Risk,Priority 4: Standard Loyalty Reward Program
55615,19.0,Champions,1908.5,3,0,27.0,0,0.072,Low Risk,Priority 4: Standard Loyalty Reward Program
55616,14.0,At-Risk High-Value,2525.98,3,0,9.0,0,0.047,Low Risk,Priority 4: Standard Loyalty Reward Program
55617,9.0,At-Risk High-Value,2000.79,3,1,25.0,0,0.036,Low Risk,Priority 4: Standard Loyalty Reward Program
55618,14.0,At-Risk High-Value,1595.11,3,0,9.0,0,0.011,Low Risk,Priority 4: Standard Loyalty Reward Program
55619,9.0,Loyal Customers,1702.47,1,0,8.0,0,0.013,Low Risk,Priority 4: Standard Loyalty Reward Program
55620,3.0,At-Risk High-Value,1817.75,4,1,20.0,0,0.058,Low Risk,Priority 4: Standard Loyalty Reward Program
55621,3.0,At-Risk High-Value,1791.35,5,0,35.0,0,0.211,Low Risk,Priority 4: Standard Loyalty Reward Program
55622,14.0,Champions,2568.94,5,1,35.0,1,0.938,High Risk,"Priority 1: Executive Concierge Call + ₹1,000 Credit"
55623,13.0,At-Risk High-Value,2698.41,1,0,31.0,0,0.11,Low Risk,Priority 4: Standard Loyalty Reward Program
55624,5.0,At-Risk High-Value,2467.96,5,0,12.0,0,0.011,Low Risk,Priority 4: Standard Loyalty Reward Program
55625,1.0,Loyal Customers,1701.26,3,0,12.0,0,0.434,Medium Risk,Priority 3: Personalized Recommendation + Free Shipping
55626,10.0,At-Risk High-Value,1657.81,1,0,30.0,0,0.037,Low Risk,Priority 4: Standard Loyalty Reward Program
55627,13.0,At-Risk High-Value,2474.01,5,0,13.0,0,0.062,Low Risk,Priority 4: Standard Loyalty Reward Program
55628,1.0,At-Risk High-Value,2050.62,4,1,11.0,0,0.182,Low Risk,Priority 4: Standard Loyalty Reward Program
55629,23.0,At-Risk High-Value,1967.9,4,0,9.0,0,0.004,Low Risk,Priority 4: Standard Loyalty Reward Program
55630,8.0,At-Risk High-Value,1859.44,3,0,15.0,0,0.028,Low Risk,Priority 4: Standard Loyalty Reward Program
